Rank,Name,Nationality,Position,Passes,Passes Completed,Passing Accuracy (%),Crosses,Crossing Accuracy (%),Take-Ons Completed,Defensive Linebreaks Attempts,Defensive Linebreaks Accuracy (%),Switches Of Play Attempts,Switches Of Play Accuracy (%)
1,Rodri,ESP,MF,799,747,93,3,0,2,21,90,11,91
2,Pau Cubarsi,ESP,DF,690,668,97,1,0,0,7,71,2,100
3,Aymeric Laporte,ESP,DF,660,618,94,0,0,0,12,58,8,100
4,Leandro Paredes,ARG,MF,565,532,94,2,50,3,8,38,7,100
5,Marc Guehi,ENG,DF,532,514,97,0,0,2,10,70,4,75
6,Enzo Fernandez,ARG,MF,519,480,92,5,40,5,21,71,8,88
7,Ezri Konsa,ENG,DF,488,469,96,3,0,1,3,100,3,67
8,Manuel Akanji,SUI,DF,479,444,93,0,0,0,8,88,8,100
9,Marc Cucurella,ESP,DF,474,433,91,15,20,1,13,54,2,100
10,Granit Xhaka,SUI,MF,470,427,91,4,0,2,15,47,8,100
11,Pedri,ESP,MF,469,420,90,14,36,2,16,75,2,100
12,Lisandro Martinez,ARG,DF,450,422,94,3,0,2,9,67,1,100
13,Achraf Hakimi,MAR,DF,449,402,90,38,32,11,7,86,6,83
14,Elliot Anderson,ENG,MF,445,396,89,6,50,1,17,71,10,90
15,Dayot Upamecano,FRA,DF,443,409,92,0,0,2,6,67,4,100
16,Nico Elvedi,SUI,DF,438,406,93,0,0,3,2,50,5,100
17,Neil El Aynaoui,MAR,MF,433,405,94,0,0,1,3,0,3,67
18,Gabriel Magalhaes,BRA,DF,431,413,96,0,0,0,2,50,2,100
19,Alexis Mac Allister,ARG,MF,430,393,91,1,0,1,3,33,3,100
19,Cristian Romero,ARG,DF,430,415,97,0,0,3,1,0,0,0
21,Sander Berge,NOR,MF,425,412,97,2,0,1,4,75,2,100
22,Pedro Porro,ESP,DF,420,379,90,19,26,3,17,35,9,100
23,Michael Olise,FRA,FW,417,362,87,20,25,17,28,75,3,100
24,Vitinha,POR,MF,403,379,94,0,0,2,7,71,11,100
25,Brandon Mechele,BEL,DF,399,369,92,0,0,1,4,50,2,100
26,Ramy Bensebaini,ALG,DF,385,359,93,0,0,1,8,38,1,100
27,Aissa Mandi,ALG,DF,382,357,93,0,0,0,5,20,10,90
28,Marquinhos,BRA,DF,380,367,97,1,100,0,4,75,6,100
29,Jonathan Tah,GER,DF,375,364,97,1,0,1,3,100,1,100
30,Joshua Kimmich,GER,DF,368,336,91,25,20,1,9,56,2,100
31,Martin Odegaard,NOR,MF,367,322,88,16,19,3,18,56,0,0
31,Lionel Messi,ARG,FW,367,288,78,46,39,25,36,58,5,80
33,Davinson Sanchez,COL,DF,361,324,90,0,0,1,10,20,6,100
34,Jan Paul Van Hecke,NED,DF,360,335,93,1,0,1,5,60,4,75
35,Marawan Attia,EGY,MF,357,313,88,8,38,0,15,47,8,100
36,Jules Kounde,FRA,DF,353,314,89,15,13,0,7,43,0,0
37,Adrien Rabiot,FRA,MF,351,323,92,2,0,2,13,77,1,100
38,Virgil Van Dijk,NED,DF,347,330,95,0,0,1,1,100,1,100
39,Declan Rice,ENG,MF,340,312,92,40,38,2,12,50,4,75
40,Renato Veiga,POR,DF,336,320,95,0,0,1,4,50,1,100
41,Rodrigo De Paul,ARG,MF,327,300,92,13,38,2,9,67,1,100
42,Issa Diop,MAR,DF,326,299,92,0,0,0,3,0,1,100
43,Remo Freuler,SUI,MF,324,299,92,5,20,0,7,71,2,0
44,Azzedine Ounahi,MAR,MF,315,281,89,6,33,8,17,65,3,100
44,William Saliba,FRA,DF,315,307,97,0,0,1,1,0,2,100
46,Unai Simon,ESP,GK,314,253,81,0,0,0,5,20,2,100
47,Torbjorn Heggem,NOR,DF,301,282,94,0,0,1,4,25,0,0
48,Tim Ream,USA,DF,298,281,94,0,0,2,6,33,5,100
49,Pedro Vite,ECU,MF,297,269,91,7,43,1,9,56,2,100
49,Ousmane Dembele,FRA,FW,297,236,79,36,17,9,29,62,6,83
49,Fabian Ruiz,ESP,MF,297,266,90,7,29,0,12,58,3,100
52,Ricardo Rodriguez,SUI,DF,295,243,82,17,18,1,24,33,4,50
52,Moises Caicedo,ECU,MF,295,264,89,16,44,0,13,54,3,100
54,Danilo,BRA,DF,294,262,89,7,29,1,6,50,1,100
55,Chris Richards,USA,DF,291,277,95,0,0,0,2,0,2,100
56,Gustavo Puerta,COL,DF,290,264,91,2,0,4,4,50,3,67
56,Moussa Niakhate,SEN,DF,290,271,93,2,50,0,1,100,4,75
58,Jhon Lucumi,COL,DF,285,262,92,0,0,1,6,17,12,100
59,Alex Freeman,USA,DF,283,256,90,4,0,13,9,67,4,75
59,Lucas Digne,FRA,DF,283,252,89,17,6,0,8,50,1,100
59,Krepin Diatta,SEN,DF,283,255,90,10,40,6,4,75,1,100
62,Mohamed Hany,EGY,DF,282,245,87,17,24,4,9,56,1,100
62,Nuno Mendes,POR,DF,282,239,85,21,29,8,17,53,4,100
64,Stephen Eustaquio,CAN,MF,281,244,87,42,38,2,15,60,3,100
65,Ime Okon,RSA,DF,280,257,92,0,0,0,2,50,2,50
65,Nabil Bentaleb,ALG,MF,280,255,91,1,0,0,3,67,1,0
67,Bruno Fernandes,POR,MF,278,239,86,22,23,3,20,65,10,90
68,Nahuel Molina,ARG,DF,276,234,85,6,0,1,6,33,2,100
69,Douglas Santos,BRA,DF,275,256,93,6,17,0,5,60,0,0
69,Noussair Mazraoui,MAR,DF,275,251,91,4,0,5,5,40,0,0
71,Jefferson Lerma,COL,MF,274,242,88,2,50,1,2,0,1,100
72,Kristoffer Ajer,NOR,DF,273,256,94,2,100,3,1,100,0,0
73,Florian Wirtz,GER,MF,271,223,82,12,42,14,15,67,2,100
74,Idrissa Gana Gueye,SEN,MF,270,243,90,1,0,0,8,63,5,100
75,Emiliano Martinez,ARG,GK,268,195,73,0,0,0,10,20,1,100
76,Josip Sutalo,CRO,DF,267,241,90,0,0,3,4,0,7,71
77,Jordan Pickford,ENG,GK,265,190,72,0,0,0,12,42,3,33
77,Lamine Yamal,ESP,FW,265,225,85,40,20,35,36,72,3,100
79,Ayyoub Bouaddi,MAR,MF,264,237,90,0,0,6,1,100,1,100
80,Timothy Castagne,BEL,DF,263,230,87,20,35,1,8,75,2,50
80,Manu Kone,FRA,MF,263,242,92,1,0,2,3,100,2,50
82,Joao Neves,POR,MF,261,247,95,2,50,3,9,56,3,67
83,Aleksandar Pavlovic,GER,MF,260,240,92,1,0,1,1,0,1,100
83,Yasser Ibrahim,EGY,DF,260,239,92,0,0,2,1,0,1,100
85,Youri Tielemans,BEL,MF,255,221,87,14,21,3,10,50,5,60
85,Gregor Kobel,SUI,GK,255,190,75,0,0,0,6,0,2,50
87,Aurelien Tchouameni,FRA,MF,254,239,94,2,0,0,1,100,2,100
88,Ruben Dias,POR,DF,249,233,94,0,0,1,6,33,1,100
89,Luka Modric,CRO,MF,248,225,91,9,44,2,9,44,2,100
90,Maxim De Cuyper,BEL,DF,246,203,83,16,25,3,9,44,2,100
90,Antonio Ruediger,GER,DF,246,230,93,1,0,0,4,25,0,0
92,Ramy Rabia,EGY,DF,244,224,92,0,0,0,2,50,8,50
92,Fares Chaibi,ALG,MF,244,220,90,7,0,3,10,50,3,100
94,Frenkie De Jong,NED,MF,243,224,92,0,0,1,5,80,2,100
95,Abdulkerim Bardakci,TUR,DF,242,222,92,6,33,1,3,33,5,60
96,Alistair Johnston,CAN,DF,240,184,77,24,25,3,17,53,2,100
96,Jhon Arias,COL,MF,240,227,95,6,17,6,7,71,3,100
98,Willian Pacho,ECU,DF,238,217,91,0,0,1,2,0,0,0
98,Bilal El Khannouss,MAR,MF,238,186,78,14,14,6,23,65,2,100
100,Ronwen Williams,RSA,GK,237,179,76,0,0,0,7,29,3,67
100,Johan Vasquez,MEX,DF,237,221,93,0,0,0,4,50,1,100
100,James Rodriguez,COL,MF,237,199,84,17,29,2,14,50,9,67
103,Lee Gihyuk,KOR,MF,236,217,92,4,0,1,3,0,4,100
104,Kylian Mbappe,FRA,FW,232,201,87,10,10,28,31,81,12,92
105,Jude Bellingham,ENG,MF,231,191,83,9,11,14,21,48,6,100
105,Tyler Adams,USA,MF,231,211,91,0,0,0,6,67,1,100
107,Nicolas Raskin,BEL,MF,230,197,86,8,38,0,8,0,1,100
108,Dani Olmo,ESP,FW,229,207,90,2,0,15,17,76,3,100
109,Mathias Olivera,URU,DF,226,213,94,3,0,1,6,50,3,100
109,Kim Minjae,KOR,DF,226,221,98,0,0,1,0,0,0,0
109,Chadi Riad,MAR,DF,226,212,94,0,0,1,1,0,1,100
112,Mike Maignan,FRA,GK,225,179,80,0,0,0,3,33,1,100
113,Casemiro,BRA,MF,224,200,89,4,25,1,8,50,4,100
114,David Alaba,AUT,DF,222,198,89,1,0,0,5,80,1,0
115,Antonee Robinson,USA,DF,221,181,82,18,22,10,13,46,2,50
115,Alessandro Circati,AUS,DF,221,177,80,1,0,1,10,60,4,75
117,Weston Mckennie,USA,MF,220,173,79,11,27,6,27,74,4,75
118,Nathan Ngoy,BEL,DF,219,205,94,0,0,0,4,25,4,100
119,Alex Baena,ESP,MF,218,178,82,44,18,5,18,67,2,100
119,Hwang Inbeom,KOR,MF,218,193,89,3,67,1,5,80,2,100
121,Nicolas Tagliafico,ARG,DF,217,190,88,4,25,2,8,50,2,100
122,Nico Oreilly,ENG,DF,216,200,93,6,50,4,6,67,2,100
123,Julian Alvarez,ARG,FW,215,183,85,1,0,3,4,50,4,100
124,Daniel Munoz,COL,DF,213,194,91,9,22,0,5,20,0,0
124,Mbekezeli Mbokazi,RSA,DF,213,185,87,2,0,2,7,57,3,67
126,Yassine Bounou,MAR,GK,211,142,67,0,0,0,9,0,0,0
126,Rayan Ait Nouri,ALG,DF,211,190,90,9,0,12,7,57,0,0
128,Mateo Kovacic,CRO,MF,208,198,95,0,0,2,3,67,2,100
129,Emam Ashour,EGY,MF,207,176,85,3,0,3,7,57,3,100
130,Gustaf Lagerbielke,SWE,DF,206,173,84,1,0,1,7,57,1,100
131,Orjan Nyland,NOR,GK,204,138,68,0,0,0,6,0,2,50
132,Richie Laryea,CAN,DF,202,167,83,4,25,2,15,60,1,100
132,Camilo Vargas,COL,GK,202,157,78,0,0,0,10,20,0,0
132,Johan Mojica,COL,DF,202,161,80,12,17,0,8,38,1,100
135,Roberto Alvarado,MEX,FW,201,163,81,34,32,7,17,47,1,100
135,Lewis Ferguson,SCO,MF,201,185,92,9,11,0,3,33,1,100
135,Djed Spence,ENG,DF,201,177,88,9,0,5,17,65,0,0
138,Marin Pongracic,CRO,DF,200,182,91,0,0,0,1,0,1,100
138,Bruno Guimaraes,BRA,MF,200,161,81,12,17,0,15,33,4,75
138,Daichi Kamada,JPN,MF,200,170,85,4,50,1,6,50,3,100
138,Lee Hanbeom,KOR,DF,200,183,92,2,50,0,3,33,1,100
138,Victor Lindelof,SWE,DF,200,190,95,0,0,0,3,67,1,100
143,Harry Souttar,AUS,DF,199,171,86,0,0,1,8,38,3,33
143,Erik Lira,MEX,MF,199,182,91,2,100,2,2,0,5,100
143,Leandro Trossard,BEL,FW,199,171,86,11,45,10,11,55,4,75
143,Hiroki Ito,JPN,DF,199,178,89,10,20,0,11,27,2,50
147,Arda Guler,TUR,FW,198,170,86,14,29,6,9,67,5,80
147,Thibaut Courtois,BEL,GK,198,144,73,0,0,0,5,0,0,0
149,Desire Doue,FRA,FW,196,167,85,5,40,10,15,47,3,100
149,Teboho Mokoena,RSA,MF,196,176,90,3,0,1,6,50,4,100
151,Diney Borges,CPV,DF,195,158,81,0,0,0,8,13,9,44
152,Luc De Fougerolles,CAN,DF,191,170,89,1,0,0,6,67,1,0
152,Mohanad Lashin,EGY,MF,191,169,88,2,0,2,7,29,6,100
154,Ibrahim Sangare,CIV,MF,190,172,91,1,0,0,4,50,1,100
154,Lucas Paqueta,BRA,MF,190,162,85,5,0,2,8,63,1,100
154,Hakan Calhanoglu,TUR,MF,190,171,90,10,10,0,5,60,7,86
157,Piero Hincapie,ECU,DF,189,160,85,15,13,2,13,31,0,0
157,Leroy Sane,GER,MF,189,161,85,11,18,7,9,44,0,0
159,Reece James,ENG,DF,188,173,92,11,27,3,8,38,3,33
159,Franck Kessie,CIV,MF,188,165,88,4,0,2,13,46,2,50
161,Khuliso Mudau,RSA,DF,187,168,90,5,20,3,5,20,0,0
161,Nicolas Otamendi,ARG,DF,187,178,95,0,0,0,1,100,1,100
163,David Moller Wolfe,NOR,DF,186,162,87,7,14,3,7,43,0,0
164,Kevin De Bruyne,BEL,MF,185,153,83,21,24,5,21,48,2,100
164,Denis Zakaria,SUI,MF,185,160,86,14,14,3,10,70,0,0
166,Joao Cancelo,POR,DF,184,160,87,12,33,6,9,56,4,75
166,John Stones,ENG,DF,184,178,97,0,0,0,1,100,3,100
168,Jose Cordoba,PAN,DF,183,169,92,1,0,1,1,100,2,100
168,Rafik Belghali,ALG,DF,183,168,92,5,40,3,3,67,0,0
170,Pico Lopes,CPV,DF,182,153,84,0,0,0,7,14,5,60
170,Ahmed Fatouh,EGY,DF,182,163,90,7,14,1,11,64,0,0
170,Gideon Mensah,GHA,DF,182,156,86,3,0,1,6,33,2,100
173,Jack Hendry,SCO,DF,180,171,95,0,0,0,2,0,1,0
174,Denzel Dumfries,NED,DF,179,147,82,17,29,1,13,54,0,0
175,Fredrik Aursnes,NOR,MF,178,158,89,4,25,1,5,20,1,100
175,Andres Andrade,PAN,DF,178,147,83,8,0,0,7,29,5,80
177,Ferdi Kadioglu,TUR,DF,175,161,92,4,0,1,9,78,1,0
178,Rodrigo Bentancur,URU,MF,174,157,90,3,0,4,2,50,0,0
178,Patrick Berg,NOR,MF,174,161,93,13,38,5,1,0,2,100
180,Sead Kolasinac,BIH,DF,173,141,82,9,11,1,5,20,0,0
181,Aiden Oneill,AUS,MF,172,142,83,8,50,3,12,42,3,33
181,Sebastian Caceres,URU,DF,172,154,90,1,0,0,4,50,3,100
183,Marko Stamenic,NZL,MF,171,156,91,2,50,2,9,44,1,100
184,Thiago Almada,ARG,FW,170,154,91,1,0,3,2,50,2,100
184,Cesar Montes,MEX,DF,170,156,92,2,0,0,5,40,2,100
184,Derek Cornelius,CAN,DF,170,151,89,1,0,0,2,50,1,0
187,Arthur Masuaku,COD,DF,169,141,83,14,21,2,6,67,5,80
188,Jesus Gallardo,MEX,DF,167,140,84,19,21,3,11,18,2,100
189,Luis Diaz,COL,FW,166,145,87,6,17,7,14,50,10,100
189,Vozinha,CPV,GK,166,117,70,0,0,1,2,0,0,0
189,Anass Salah Eddine,MAR,DF,166,152,92,3,0,0,1,100,0,0
192,Brahim Diaz,MAR,FW,165,142,86,8,38,15,13,46,0,0
192,Nikola Katic,BIH,DF,165,148,90,0,0,0,1,0,0,0
194,Kevin Danso,AUT,DF,164,147,90,1,0,2,1,0,1,100
194,Arthur Theate,BEL,DF,164,153,93,0,0,0,0,0,0,0
194,Hans Vanaken,BEL,MF,164,153,93,3,0,1,2,50,2,100
197,Guela Doue,CIV,DF,163,143,88,11,45,0,9,56,2,100
197,Malik Tillman,USA,MF,163,129,79,15,27,7,18,50,2,100
197,Facundo Medina,ARG,DF,163,150,92,5,40,0,2,100,0,0
200,Josip Stanisic,CRO,DF,162,140,86,5,20,2,9,67,3,100
200,Chancel Mbemba,COD,DF,162,130,80,4,0,2,7,43,3,100
202,Pape Gueye,SEN,MF,161,138,86,3,33,1,13,54,5,100
203,Ladislav Krejci,CZE,DF,160,135,84,2,50,0,2,50,1,100
203,Ao Tanaka,JPN,MF,160,145,91,0,0,3,1,0,0,0
205,Lee Kangin,KOR,MF,159,140,88,20,25,9,12,75,7,86
205,Orlando Gill,PAR,GK,159,68,43,0,0,0,10,0,1,100
207,Kevin Pina,CPV,MF,156,134,86,1,0,3,1,0,3,67
208,Raul Rangel,MEX,GK,155,120,77,0,0,0,4,0,1,100
208,Axel Tuanzebe,COD,DF,155,140,90,0,0,0,0,0,2,100
208,Nikola Vasilj,BIH,GK,155,94,61,0,0,0,4,0,0,0
208,Pedro Neto,POR,FW,155,137,88,13,23,7,11,73,2,50
212,Emmanuel Agbadou,CIV,DF,154,142,92,0,0,0,1,0,0,0
213,Nicolas Seiwald,AUT,MF,153,141,92,3,33,0,2,100,1,100
213,Andy Robertson,SCO,DF,153,124,81,11,36,1,7,14,3,33
213,Stjepan Radeljic,BIH,DF,153,137,90,0,0,0,2,100,2,50
213,Tarik Muharemovic,BIH,DF,153,132,86,0,0,1,3,67,3,100
213,Edson Alvarez,MEX,DF,153,138,90,2,50,1,3,0,4,75
218,Thomas Partey,GHA,MF,152,134,88,0,0,1,4,50,0,0
218,Marcos Llorente,ESP,DF,152,142,93,6,33,1,5,80,0,0
218,Paik Seungho,KOR,MF,152,135,89,1,0,0,7,43,1,100
221,Hannes Delcroix,HAI,DF,151,146,97,1,0,0,2,50,1,100
222,Konrad Laimer,AUT,MF,150,130,87,7,14,3,8,63,0,0
222,Ivan Perisic,CRO,FW,150,132,88,19,16,2,9,56,1,100
224,Julian Ryerson,NOR,FW,149,131,88,14,50,3,13,46,0,0
224,Theo Hernandez,FRA,DF,149,139,93,5,20,1,3,33,1,100
224,Odilon Kossounou,CIV,DF,149,141,95,0,0,0,1,100,0,0
224,Ghislain Konan,CIV,DF,149,124,83,9,22,9,9,44,2,100
224,Mikel Oyarzabal,ESP,FW,149,124,83,8,13,2,4,25,2,50
229,Alan Franco,ECU,MF,148,140,95,4,0,0,3,33,0,0
229,Akam Hashim,IRQ,DF,148,126,85,0,0,4,3,33,1,100
231,Riyad Mahrez,ALG,FW,147,127,86,9,33,0,9,67,6,100
231,Samuel Moutoussamy,COD,MF,147,122,83,1,100,0,6,17,4,100
231,Gabriel Gudmundsson,SWE,DF,147,112,76,5,20,1,7,14,2,100
231,Gonzalo Plata,ECU,FW,147,118,80,9,11,8,8,38,1,100
231,Mostafa Shoubir,EGY,GK,147,114,78,0,0,0,3,0,0,0
236,Finn Surman,NZL,DF,145,135,93,0,0,0,1,100,0,0
237,Joe Bell,NZL,MF,143,120,84,0,0,2,0,0,1,100
238,Yan Diomande,CIV,FW,142,127,89,21,24,15,15,53,1,100
238,Vinicius Junior,BRA,FW,142,116,82,15,40,23,21,76,4,100
240,Ibrahim Maza,ALG,MF,141,111,79,1,0,12,13,46,1,100
240,Merchas Doski,IRQ,DF,141,115,82,3,67,0,13,23,1,100
240,Shoja Khalilzadeh,IRN,DF,141,118,84,0,0,0,1,0,2,100
243,Philipp Lienhart,AUT,DF,140,128,91,0,0,0,3,67,1,100
244,Lionel Mpasi,COD,GK,139,94,68,0,0,0,5,0,0,0
244,Pathe Ciss,SEN,MF,139,128,92,0,0,0,0,0,8,75
244,Aubrey Modiba,RSA,DF,139,115,83,8,50,1,9,33,1,100
247,Xaver Schlager,AUT,MF,138,130,94,1,0,1,1,100,0,0
248,Aaron Wan Bissaka,COD,DF,137,109,80,7,29,2,5,60,0,0
249,Ricardo Ade,HAI,DF,136,121,89,0,0,0,5,40,1,100
249,Mohamed Salah,EGY,FW,136,112,82,16,19,4,9,44,0,0
249,Sebastian Berhalter,USA,MF,136,114,84,9,78,1,10,80,3,67
249,Manuel Ugarte,URU,MF,136,118,87,0,0,0,4,50,1,0
253,Julian Quinones,MEX,FW,135,111,82,4,50,5,7,100,2,100
254,Guillermo Varela,URU,DF,134,119,89,10,30,1,8,75,1,100
255,Alisson,BRA,GK,132,107,81,0,0,1,3,0,1,100
255,Stefan Posch,AUT,DF,132,98,74,2,0,0,11,36,0,0
257,Nathaniel Brown,GER,DF,131,115,88,19,32,2,6,67,0,0
257,Felix Nmecha,GER,MF,131,120,92,2,0,5,4,75,1,0
257,Lamine Camara,SEN,MF,131,117,89,8,50,2,4,50,1,100
257,Kaishu Sano,JPN,MF,131,124,95,1,100,2,1,100,1,100
257,Jorge Sanchez,MEX,DF,131,121,92,5,20,0,1,0,0,0
262,Jean Ricner Bellegarde,HAI,MF,130,112,86,12,25,1,5,60,4,100
262,Hamdy Fathy,EGY,MF,130,119,92,1,0,0,3,0,3,100
262,Maxence Lacroix,FRA,DF,130,125,96,0,0,2,0,0,1,100
265,Manuel Neuer,GER,GK,129,118,91,0,0,0,1,0,0,0
265,Dominik Livakovic,CRO,GK,129,95,74,0,0,0,0,0,0,0
265,Sadio Mane,SEN,FW,129,106,82,22,27,10,14,71,2,100
265,Sphephelo Sithole,RSA,MF,129,109,84,0,0,0,1,0,5,80
265,Juan Jose Caceres,PAR,DF,129,80,62,9,11,6,13,31,2,50
265,Ali Nemati,IRN,DF,129,114,88,3,33,0,3,0,2,100
271,Zidane Iqbal,IRQ,MF,128,118,92,1,100,5,2,50,5,100
271,Isak Hien,SWE,DF,128,122,95,0,0,0,1,0,1,100
273,Petar Sucic,CRO,MF,127,110,87,6,17,2,5,20,1,100
273,Takehiro Tomiyasu,JPN,DF,127,109,86,1,0,1,6,33,2,0
273,Shogo Taniguchi,JPN,DF,127,122,96,1,0,0,1,0,0,0
276,Marcel Sabitzer,AUT,MF,126,94,75,30,33,3,16,69,1,100
276,Ryan Gravenberch,NED,MF,126,111,88,5,20,5,3,67,0,0
278,Diogo Costa,POR,GK,125,98,78,0,0,0,5,20,2,0
278,Leandro Bacuna,CUW,MF,125,108,86,4,0,4,4,25,1,100
278,Derrick Luckassen,GHA,DF,125,109,87,0,0,0,3,0,1,100
278,Christ Inao Oulai,CIV,MF,125,115,92,0,0,4,4,100,3,100
278,Amir Alammari,IRQ,MF,125,99,79,7,43,1,7,57,0,0
283,Jackson Irvine,AUS,MF,124,103,83,2,50,1,2,0,2,100
283,Merih Demiral,TUR,DF,124,119,96,1,0,0,5,40,2,100
285,Rustam Ashurmatov,UZB,DF,123,101,82,0,0,0,4,0,1,100
285,Seol Youngwoo,KOR,DF,123,113,92,11,27,0,6,83,0,0
285,Bart Verbruggen,NED,GK,123,89,72,0,0,0,2,0,0,0
285,Nathan Ake,NED,DF,123,112,91,1,0,0,3,0,0,0
285,Alexander Schlager,AUT,GK,123,106,86,0,0,0,0,0,0,0
285,Nico Schlotterbeck,GER,DF,123,110,89,0,0,1,3,67,4,75
285,Maxime Crepeau,CAN,GK,123,92,75,0,0,0,2,0,1,0
285,Hannibal Mejbri,TUN,MF,123,94,76,9,33,2,11,55,7,71
293,Patrick Beach,AUS,GK,122,79,65,0,0,0,3,0,0,0
294,Kenan Yildiz,TUR,FW,121,108,89,8,13,8,10,70,1,0
294,Morgan Rogers,ENG,MF,121,102,84,6,17,5,13,77,3,100
294,Jiovany Ramos,PAN,DF,121,108,89,0,0,3,2,0,2,50
297,Federico Valverde,URU,MF,120,98,82,8,0,2,12,67,5,100
297,Jonas Adjetey,GHA,DF,120,105,88,0,0,0,0,0,4,75
299,Redouane Halhal,MAR,DF,119,113,95,0,0,0,0,0,1,100
299,Angus Gunn,SCO,GK,119,90,76,0,0,0,0,0,1,100
301,Otabek Shukurov,UZB,MF,117,103,88,1,0,2,3,33,3,100
301,Andres Cubas,PAR,MF,117,97,83,0,0,0,1,0,1,100
301,Boualem Khoukhi,QAT,DF,117,94,80,1,0,0,8,25,3,100
301,Keito Nakamura,JPN,MF,117,100,85,9,33,5,10,80,0,0
301,Ismail Jakobs,SEN,DF,117,106,91,19,21,1,9,78,0,0
301,Kai Havertz,GER,FW,117,101,86,3,67,1,2,0,0,0
301,Bradley Barcola,FRA,FW,117,106,91,7,14,11,11,73,0,0
301,Micky Van De Ven,NED,DF,117,105,90,3,0,1,3,67,0,0
309,Thomas Meunier,BEL,DF,116,98,84,8,38,1,8,38,2,50
309,Junior Alonso,PAR,DF,116,69,59,1,0,0,7,29,2,100
309,Robin Hranac,CZE,DF,116,104,90,1,0,0,2,0,0,0
309,Danley Jean Jacques,HAI,MF,116,102,88,2,0,1,1,0,3,100
309,Noah Sadiki,COD,MF,116,103,89,1,100,3,3,33,0,0
309,Kim Seunggyu,KOR,GK,116,85,73,0,0,0,9,11,2,50
315,Jerome Opoku,GHA,DF,115,95,83,0,0,1,7,43,7,57
315,Michael Boxall,NZL,DF,115,104,90,1,100,0,0,0,0,0
317,Yahia Fofana,CIV,GK,114,74,65,0,0,0,1,100,0,0
318,Karim Hafez,EGY,DF,113,99,88,2,0,1,2,50,1,100
318,Montassar Talbi,TUN,DF,113,107,95,0,0,0,0,0,4,75
318,Joel Ordonez,ECU,DF,113,101,89,0,0,1,2,50,1,100
318,Matias Galarza,PAR,MF,113,82,73,4,25,2,6,33,0,0
318,Anthony Gordon,ENG,FW,113,96,85,10,20,10,18,72,0,0
318,Saud Abdulhamid,KSA,DF,113,88,78,4,25,2,3,67,1,0
324,Amir Murillo,PAN,DF,112,88,79,8,50,5,12,58,1,100
324,Sherel Floranus,CUW,DF,112,95,85,0,0,1,3,33,1,100
326,Noor Alrawabdeh,JOR,MF,111,84,76,0,0,4,10,40,5,80
326,Martin Experience,HAI,DF,111,93,84,6,0,1,6,33,3,100
326,Moise Bombito,CAN,DF,111,96,86,0,0,0,4,50,1,100
326,Oscar Bobb,NOR,MF,111,102,92,2,0,6,5,20,0,0
326,Ismail Yuksek,TUR,MF,111,104,94,1,0,3,2,50,2,100
331,Vladimir Coufal,CZE,DF,110,79,72,20,30,1,10,60,1,0
331,Kou Itakura,JPN,DF,110,107,97,0,0,0,1,100,0,0
331,Alexander Sorloth,NOR,FW,110,88,80,5,20,2,5,100,0,0
331,Samir El Mourabet,MAR,MF,110,100,91,1,0,1,4,50,1,100
335,Ellyes Skhiri,TUN,MF,109,99,91,0,0,0,3,0,2,100
335,Nicolas Pepe,CIV,FW,109,93,85,10,30,5,10,60,0,0
335,Nathan Patterson,SCO,DF,109,94,86,2,0,1,3,0,1,100
335,Nico Gonzalez,ARG,MF,109,90,83,9,44,5,8,63,0,0
335,Edgar Yoel Barcenas,PAN,MF,109,96,88,5,40,2,3,67,4,100
335,Zion Suzuki,JPN,GK,109,76,70,0,0,0,6,17,0,0
335,Steven Moreira,CPV,DF,109,88,81,4,75,3,3,0,0,0
342,Ismael Kone,CAN,MF,108,93,86,2,0,2,0,0,0,0
343,Nasser Aldawsari,KSA,MF,107,92,86,1,0,5,2,50,1,0
343,Max Crocombe,NZL,GK,107,78,73,0,0,0,4,0,0,0
343,Jordan Bos,AUS,DF,107,94,88,8,38,8,8,38,1,100
343,Yasin Ayari,SWE,MF,107,84,79,17,29,2,2,0,3,67
343,Benjamin Tahirovic,BIH,MF,107,91,85,2,0,0,2,0,1,100
343,Carlos Harvey,PAN,DF,107,85,79,1,0,4,3,33,6,67
343,Marcus Holmgren Pedersen,NOR,DF,107,87,81,7,43,0,4,0,0,0
350,Jarell Quansah,ENG,DF,106,92,87,1,0,0,2,50,1,0
350,Lucas Herrington,AUS,DF,106,101,95,0,0,0,0,0,0,0
350,Sofyan Amrabat,MAR,MF,106,98,92,0,0,0,3,67,2,100
350,Yazan Alarab,JOR,DF,106,94,89,0,0,2,1,0,0,0
350,Jamiro Monteiro,CPV,MF,106,87,82,6,33,0,3,33,0,0
350,Luis Romo,MEX,MF,106,93,88,2,50,0,5,40,0,0
356,Hernan Galindez,ECU,GK,105,70,67,0,0,0,5,60,0,0
356,Johny Placide,HAI,GK,105,67,64,0,0,0,2,0,0,0
356,Sidny Lopes Cabral,CPV,DF,105,87,83,11,9,3,3,33,0,0
356,Ritsu Doan,JPN,MF,105,89,85,5,0,1,5,80,0,0
356,Ramiz Zerrouki,ALG,MF,105,97,92,0,0,0,2,100,5,100
361,Mohamed Kanno,KSA,MF,104,97,93,1,0,1,6,67,3,100
361,Luca Zidane,ALG,GK,104,91,88,0,0,0,0,0,0,0
361,John Yeboah,ECU,FW,104,85,82,9,44,9,9,67,1,0
361,Marcus Rashford,ENG,FW,104,92,88,19,11,7,19,79,1,100
361,Jamal Musiala,GER,MF,104,86,83,8,0,10,9,67,0,0
361,Rayan Cherki,FRA,MF,104,89,86,3,0,1,10,60,1,100
361,Andreas Schjelderup,NOR,MF,104,89,86,7,14,4,9,56,2,50
361,Ivan Basic,BIH,MF,104,96,92,12,58,2,2,50,3,100
369,Juan Manuel Sanabria,URU,MF,103,89,86,12,0,0,4,75,0,0
369,Orlando Mosquera,PAN,GK,103,74,72,0,0,0,2,0,2,100
369,Jonathan David,CAN,FW,103,76,74,6,0,1,10,60,1,100
372,Ivan Sunjic,BIH,MF,102,88,86,1,0,0,2,0,1,0
372,Tomas Araujo,POR,DF,102,98,96,0,0,0,0,0,2,50
372,Sergino Dest,USA,DF,102,89,87,7,29,9,14,64,0,0
372,Israel Reyes,MEX,DF,102,93,91,2,50,0,2,0,6,67
376,Diego Gomez,PAR,MF,101,80,79,2,0,2,4,25,2,100
376,Mikel Merino,ESP,MF,101,89,88,1,0,2,4,75,2,100
376,Deroy Duarte,CPV,MF,101,87,86,1,100,0,2,50,1,100
376,Grant Hanley,SCO,DF,101,94,93,0,0,0,5,40,3,100
376,Bukayo Saka,ENG,FW,101,81,80,23,22,12,11,73,2,100
381,Cody Gakpo,NED,FW,100,79,79,10,10,7,18,67,1,0
381,Gonzalo Montiel,ARG,DF,100,81,81,5,0,0,0,0,0,0
383,Rayan,BRA,FW,99,93,94,10,20,5,5,100,1,100
383,Cristiano Ronaldo,POR,FW,99,86,87,1,0,0,4,25,0,0
383,Leo Ostigard,NOR,DF,99,84,85,0,0,0,0,0,4,25
383,Harry Kane,ENG,FW,99,73,74,3,33,1,11,55,2,100
383,Elijah Just,NZL,MF,99,85,86,1,0,4,5,20,2,50
383,Amar Dedic,BIH,DF,99,80,81,0,0,8,1,0,3,100
383,Oswin Appollis,RSA,FW,99,82,83,7,14,5,3,33,1,100
383,Abdulelah Alamri,KSA,DF,99,81,82,1,100,0,3,67,0,0
383,Saeid Ezatolahi,IRN,MF,99,78,79,0,0,1,4,50,0,0
392,Ramin Rezaeian,IRN,DF,98,68,69,17,29,1,12,50,0,0
392,Ugurcan Cakir,TUR,GK,98,77,79,0,0,0,0,0,1,100
392,Abdukodir Khusanov,UZB,DF,98,81,83,0,0,0,1,0,1,100
392,Mohamed Amine Ben Hmida,TUN,DF,98,81,83,0,0,0,1,0,1,0
396,Thalente Mbatha,RSA,MF,97,82,85,4,0,0,4,50,1,100
396,Abdallah Nasib,JOR,DF,97,70,72,0,0,0,1,0,0,0
396,Omar Alderete,PAR,DF,97,70,72,0,0,1,3,33,2,50
396,Eberechi Eze,ENG,MF,97,89,92,3,33,5,7,100,1,100
396,Djibril Sow,SUI,MF,97,83,86,4,25,0,7,57,1,100
396,Matej Kovar,CZE,GK,97,62,64,0,0,0,3,33,0,0
396,Armando Obispo,CUW,DF,97,87,90,0,0,1,1,100,1,100
403,Scott Mctominay,SCO,MF,96,87,91,0,0,4,1,100,2,100
404,Matt Freese,USA,GK,95,63,66,0,0,0,2,0,0,0
404,Mory Diaw,SEN,GK,95,64,67,0,0,0,2,0,1,100
404,Ismael Saibari,MAR,MF,95,80,84,7,29,4,8,75,1,100
404,Tajon Buchanan,CAN,FW,95,76,80,17,18,6,9,56,1,100
408,Exequiel Palacios,ARG,MF,94,89,95,0,0,0,0,0,0,0
408,Giovanni Reyna,USA,MF,94,79,84,1,0,1,9,78,1,100
408,Noni Madueke,ENG,FW,94,82,87,22,41,10,14,79,0,0
411,Martin Baturina,CRO,MF,93,80,86,10,20,8,8,50,1,100
411,Nathan Saliba,CAN,MF,93,79,85,4,25,1,4,75,1,100
411,Kwasi Sibo,GHA,MF,93,88,95,0,0,1,1,100,2,100
411,Omar Rekik,TUN,DF,93,77,83,2,0,0,4,25,1,100
411,Callum Mccowatt,NZL,MF,93,78,84,2,0,1,3,33,0,0
411,Akram Afif,QAT,FW,93,73,78,12,33,2,12,42,3,67
411,Mohammed Alowais,KSA,GK,93,53,57,0,0,0,4,0,0,0
411,Mahmoud Abunada,QAT,GK,93,50,54,0,0,0,8,0,0,0
411,Alireza Beiranvand,IRN,GK,93,62,67,0,0,2,2,0,1,100
420,Dan Ndoye,SUI,FW,92,73,79,13,15,8,10,50,0,0
420,Wilfried Singo,CIV,DF,92,79,86,1,0,3,0,0,0,0
422,Marvin Senaya,GHA,DF,91,75,82,8,25,1,4,75,1,100
422,Romano Schmid,AUT,MF,91,65,71,4,50,1,5,40,1,100
422,Charles De Ketelaere,BEL,FW,91,72,79,5,0,3,13,46,1,0
422,Nelson Semedo,POR,DF,91,84,92,5,0,3,3,0,0,0
422,Gustavo Gomez,PAR,DF,91,80,88,0,0,0,0,0,0,0
427,Matheus Cunha,BRA,FW,90,78,87,5,0,3,11,36,0,0
427,Issa Laye,QAT,DF,90,85,94,0,0,1,1,0,0,0
427,Jeremy Doku,BEL,FW,90,74,82,11,36,21,16,81,0,0
427,Kerim Alajbegovic,BIH,FW,90,69,77,16,6,12,13,77,1,0
431,Eloy Room,CUW,GK,89,48,54,0,0,0,1,0,0,0
431,Juan Quintero,COL,MF,89,74,83,12,33,1,11,64,8,88
431,Paul Okon Engstler,AUS,MF,89,77,87,1,100,1,6,83,2,100
431,El Hadji Malick Diouf,SEN,DF,89,74,83,9,33,0,7,71,0,0
431,Josko Gvardiol,CRO,DF,89,77,87,0,0,0,7,57,2,50
436,Liberato Cacace,NZL,DF,88,75,85,6,17,2,4,25,0,0
436,Ruben Vargas,SUI,FW,88,65,74,24,25,7,16,44,0,0
436,Lucas Bergvall,SWE,MF,88,80,91,2,0,2,2,100,0,0
439,Fabian Rieder,SUI,MF,87,71,82,16,0,2,10,40,2,100
439,Tim Payne,NZL,DF,87,72,83,9,11,1,3,0,0,0
439,Gilberto Mora,MEX,MF,87,79,91,5,20,2,5,80,1,100
439,Hassan Altambakti,KSA,DF,87,71,82,0,0,0,2,0,0,0
439,Mohannad Abutaha,JOR,MF,87,59,68,6,50,6,6,50,2,0
444,Hicham Boudaoui,ALG,MF,86,83,97,0,0,1,4,75,1,100
444,Ferran Torres,ESP,FW,86,63,73,6,0,2,12,50,0,0
446,Orkun Kokcu,TUR,MF,85,60,71,6,0,2,4,25,0,0
446,Junya Ito,JPN,MF,85,65,76,17,35,3,10,60,1,100
448,Houssem Aouar,ALG,MF,84,79,94,1,100,1,3,100,0,0
448,Michal Sadilek,CZE,MF,84,69,82,11,18,0,4,50,2,100
450,Antonio Nusa,NOR,FW,83,62,75,7,14,10,6,33,1,100
450,Kalidou Koulibaly,SEN,DF,83,73,88,0,0,0,1,0,3,100
450,Mostafa Zico,EGY,MF,83,57,69,2,50,0,7,43,1,100
453,Aziz Behich,AUS,DF,82,60,73,6,17,1,1,0,1,100
453,Ryan Mendes,CPV,FW,82,70,85,5,0,6,4,50,1,100
453,Rafael Leao,POR,FW,82,71,87,8,50,12,8,63,2,50
453,Giuliano Simeone,ARG,FW,82,70,85,6,0,1,3,100,0,0
457,Christian Pulisic,USA,FW,81,71,88,6,17,8,7,71,0,0
457,Mert Muldur,TUR,DF,81,72,89,6,17,0,4,100,0,0
457,Alexander Isak,SWE,FW,81,65,80,4,0,3,5,60,2,50
457,Trezeguet,EGY,FW,81,68,84,3,0,4,5,40,1,100
457,Salem Aldawsari,KSA,FW,81,58,72,2,0,7,4,75,1,100
462,Milad Mohammadi,IRN,DF,80,66,83,4,0,6,4,75,0,0
462,Nizar Alrashdan,JOR,MF,80,62,78,0,0,5,7,43,2,100
462,Connor Metcalfe,AUS,MF,80,65,81,8,13,3,7,71,1,0
462,Gustavo Velazquez,PAR,DF,80,57,71,4,0,0,6,17,3,100
462,Yan Valery,TUN,DF,80,54,68,7,29,3,8,13,1,100
462,Paul Wanner,AUT,MF,80,68,85,1,0,3,4,75,1,100
468,Zeki Celik,TUR,DF,79,70,89,1,0,0,1,100,1,100
468,Akmal Mozgovoy,UZB,MF,79,65,82,0,0,2,8,50,3,67
468,Musab Aljuwayr,KSA,MF,79,64,81,7,43,1,7,43,0,0
468,Marcos Senesi,ARG,DF,79,75,95,0,0,0,1,0,0,0
468,Cesar Blackman,PAN,DF,79,69,87,0,0,4,2,100,0,0
473,Nilson Angulo,ECU,FW,78,63,81,8,38,16,14,50,0,0
473,Cristian Martinez,PAN,MF,78,57,73,12,17,1,9,22,1,0
473,Pedro Miguel,QAT,DF,78,59,76,2,50,2,7,29,2,100
473,Christopher Operi,CIV,DF,78,70,90,1,0,1,3,33,0,0
477,Omar Marmoush,EGY,FW,77,65,84,5,0,6,12,75,3,100
477,Moteb Alharbi,KSA,DF,77,57,74,2,0,1,5,20,0,0
477,Alvaro Fidalgo,MEX,MF,77,72,94,3,0,0,3,0,2,100
480,Anthony Elanga,SWE,FW,76,60,79,12,0,3,9,33,0,0
480,Michel Aebischer,SUI,MF,76,66,87,6,0,2,3,33,0,0
480,Sarpreet Singh,NZL,MF,76,58,76,7,0,3,6,17,2,100
480,Malo Gusto,FRA,DF,76,69,91,3,33,0,0,0,1,100
484,Juninho Bacuna,CUW,MF,75,60,80,5,20,7,4,25,1,100
484,Anis Slimane,TUN,MF,75,59,79,4,50,0,2,50,2,100
486,Ousmane Diomande,CIV,DF,74,72,97,0,0,0,0,0,0,0
486,Ali Abdi,TUN,DF,74,51,69,5,0,2,5,60,0,0
488,Amad Diallo,CIV,FW,73,69,95,7,29,7,4,100,1,100
488,Ismaila Sarr,SEN,FW,73,57,78,2,0,4,10,50,0,0
488,Francisco Conceicao,POR,FW,73,65,89,5,40,4,7,86,0,0
488,Silvan Widmer,SUI,DF,73,57,78,4,25,0,5,40,1,100
488,Jacob Widell Zetterstrom,SWE,GK,73,39,53,0,0,0,6,17,0,0
488,Yukinari Sugawara,JPN,DF,73,52,71,5,20,1,4,25,2,50
488,Ehsan Haddad,JOR,DF,73,54,74,7,29,1,9,78,0,0
495,Breel Embolo,SUI,FW,72,56,78,1,0,2,8,63,0,0
495,Eldor Shomurodov,UZB,FW,72,52,72,1,0,5,4,25,0,0
495,Abdulla Abdullaev,UZB,DF,72,65,90,0,0,1,1,100,0,0
498,Esmir Bajraktarevic,BIH,FW,71,58,82,8,0,3,0,0,0,0
498,Fernando Muslera,URU,GK,71,57,80,0,0,0,1,0,0,0
498,Lautaro Martinez,ARG,FW,71,60,85,2,50,1,2,50,0,0
498,Mehdi Taremi,IRN,FW,71,58,82,2,0,3,4,25,0,0
498,Ahmed Basil,IRQ,GK,71,42,59,0,0,0,3,0,0,0
498,Zaid Ismael,IRQ,MF,71,63,89,0,0,1,0,0,1,0
504,Viktor Gyokeres,SWE,FW,70,48,69,1,100,1,8,50,1,100
504,Caleb Yirenkyi,GHA,MF,70,62,89,1,0,2,4,25,0,0
504,Warren Zaire Emery,FRA,MF,70,66,94,1,0,0,1,0,0,0
507,Jean Kevin Duverne,HAI,DF,69,59,86,2,50,2,1,100,0,0
507,Yoane Wissa,COD,FW,69,60,87,2,0,1,5,40,0,0
507,Karim Boudiaf,QAT,MF,69,65,94,0,0,0,4,50,0,0
507,Mohammad Mohebbi,IRN,MF,69,49,71,1,0,0,3,33,1,0
507,Ngalayel Mukau,COD,MF,69,60,87,0,0,1,1,100,0,0
507,Mauricio,PAR,MF,69,54,78,12,17,1,4,25,1,100
513,Julio Enciso,PAR,FW,68,55,81,7,43,11,3,33,2,50
513,Agustin Canobbio,URU,MF,68,61,90,9,33,2,5,60,0,0
513,Antoine Semenyo,GHA,MF,68,52,76,5,0,5,5,60,0,0
513,Tyler Bindon,NZL,DF,68,49,72,0,0,1,6,33,2,50
513,Ali Lajami,KSA,DF,68,56,82,0,0,0,4,75,5,80
518,Jaouen Hadjam,ALG,DF,67,56,84,0,0,5,1,0,0,0
518,Ibrahim Mbaye,SEN,FW,67,63,94,8,13,4,9,44,0,0
518,Liam Millar,CAN,MF,67,50,75,10,20,4,8,50,0,0
518,Tijjani Reijnders,NED,MF,67,53,79,15,40,0,4,50,0,0
518,Crysencio Summerville,NED,FW,67,56,84,8,13,5,6,83,0,0
518,Miguel Almiron,PAR,MF,67,49,73,4,0,6,6,67,0,0
518,Alexander Bernhardsson,SWE,DF,67,51,76,3,0,4,3,67,1,100
525,Kristoffer Nordfeldt,SWE,GK,66,45,68,0,0,0,3,67,1,100
525,Tomas Holes,CZE,DF,66,55,83,0,0,1,1,0,3,100
525,Cristian Volpato,AUS,FW,66,52,79,13,23,11,9,56,0,0
525,Yazeed Abulaila,JOR,GK,66,42,64,0,0,0,3,33,0,0
525,Raul Jimenez,MEX,FW,66,48,73,1,0,1,8,63,0,0
525,Deveron Fonville,CUW,DF,66,55,83,0,0,4,3,33,0,0
531,Alexandr Sojka,CZE,MF,65,52,80,5,40,3,1,0,3,33
531,Ali Ahmed,CAN,FW,65,51,78,15,20,3,5,40,1,100
531,Gabriel Martinelli,BRA,FW,65,59,91,3,33,1,3,67,0,0
531,Ahmed Fathy,QAT,MF,65,59,91,0,0,0,2,0,1,100
535,Zaid Tahseen,IRQ,DF,64,53,83,0,0,0,3,0,1,100
535,Mohammed Abu Alshamat,KSA,DF,64,51,80,3,0,0,4,25,1,0
535,Saman Ghoddos,IRN,MF,64,45,70,1,100,3,6,50,2,100
535,Phillip Mwene,AUT,DF,64,56,88,6,0,0,2,50,0,0
535,Amadou Onana,BEL,MF,64,57,89,0,0,1,1,100,0,0
535,Niko Sigur,CAN,DF,64,52,81,4,25,0,8,63,1,100
541,Kenny Mclean,SCO,MF,63,56,89,2,50,1,2,100,0,0
541,Joshua Brenet,CUW,DF,63,49,78,1,0,2,3,33,0,0
541,Teun Koopmeiners,NED,MF,63,54,86,4,50,0,2,50,2,100
544,Joao Paulo,CPV,MF,62,52,84,5,0,1,6,67,0,0
544,Livano Comenencia,CUW,MF,62,50,81,1,100,2,4,50,0,0
546,Tahith Chong,CUW,MF,61,51,84,0,0,9,11,64,0,0
546,Salih Ozcan,TUR,MF,61,52,85,1,0,0,3,33,2,100
546,Carlens Arcus,HAI,DF,61,54,89,2,50,0,1,0,0,0
546,Pervis Estupinan,ECU,DF,61,55,90,3,0,0,3,0,0,0
550,Brian Gutierrez,MEX,MF,60,53,88,6,0,1,2,50,1,100
550,Florian Grillitsch,AUT,MF,60,55,92,1,0,0,5,80,0,0
550,Joao Felix,POR,FW,60,47,78,4,0,5,9,33,0,0
550,Edouard Mendy,SEN,GK,60,49,82,0,0,0,0,0,1,100
554,Benjamin Asare,GHA,GK,59,41,69,0,0,0,4,25,0,0
554,Iliman Ndiaye,SEN,FW,59,53,90,2,0,6,4,50,0,0
554,Lee Jaesung,KOR,MF,59,46,78,1,0,0,2,100,1,0
554,Bernardo Silva,POR,MF,59,55,93,0,0,1,0,0,0,0
554,Eren Elmali,TUR,DF,59,52,88,4,25,2,1,100,1,100
554,Azizjon Ganiev,UZB,MF,59,48,81,6,0,1,3,0,1,100
560,Elisha Owusu,GHA,MF,58,50,86,4,25,2,1,0,0,0
560,Miles Robinson,USA,DF,58,54,93,0,0,0,0,0,1,100
560,Abdullah Alkhaibari,KSA,MF,58,48,83,0,0,1,1,0,0,0
560,Husam Abudahab,JOR,DF,58,43,74,0,0,0,1,100,0,0
560,Son Heungmin,KOR,FW,58,49,84,3,33,4,2,50,0,0
560,Amine Gouiri,ALG,FW,58,51,88,1,0,1,0,0,0,0
566,Maxi Araujo,URU,MF,57,50,88,18,44,7,7,86,0,0
567,Nico Paz,ARG,FW,56,54,96,1,0,1,2,100,2,100
567,Richard Rios,COL,MF,56,47,84,2,0,3,1,100,1,100
567,Abduvohid Nematov,UZB,GK,56,28,50,0,0,0,4,0,0,0
567,Cameron Burgess,AUS,DF,56,45,80,0,0,0,2,50,1,0
567,Kim Jingyu,KOR,MF,56,54,96,1,0,0,2,100,0,0
572,Steve Kapuadi,COD,DF,55,46,84,0,0,0,0,0,1,0
572,Nicolas De La Cruz,URU,MF,55,45,82,4,50,0,7,43,4,100
572,Behruzjon Karimov,UZB,DF,55,43,78,2,50,5,3,33,2,0
572,John Mcginn,SCO,MF,55,47,85,9,56,1,7,57,1,0
572,Dodi Lukebakio,BEL,FW,55,44,80,7,14,10,6,83,1,100
577,Relebohile Mofokeng,RSA,FW,54,44,81,2,0,0,6,50,2,100
577,Chemsdine Talbi,MAR,MF,54,47,87,9,11,1,3,33,0,0
577,Habib Diarra,SEN,MF,54,52,96,1,0,0,2,50,0,0
577,Jurien Gaari,CUW,DF,54,41,76,0,0,0,1,0,0,0
577,Johan Manzambi,SUI,MF,54,43,80,7,43,5,7,57,0,0
582,Joe Scally,USA,DF,53,46,87,4,25,0,2,50,0,0
582,Luis Suarez,COL,FW,53,39,74,3,33,2,2,50,0,0
584,Josue Casimir,HAI,FW,52,43,83,2,0,2,3,33,0,0
584,Nkosinathi Sibisi,RSA,DF,52,42,81,0,0,0,1,100,3,100
584,Lawrence Ati Zigi,GHA,GK,52,39,75,0,0,0,2,0,0,0
584,Park Jinseob,KOR,DF,52,49,94,0,0,0,1,0,0,0
584,David Raum,GER,DF,52,44,85,14,21,1,4,50,1,0
584,Ben Gannon Doak,SCO,FW,52,47,90,7,29,3,1,100,0,0
584,Scott Mckenna,SCO,DF,52,49,94,0,0,0,1,0,1,100
584,Yunus Akgun,TUR,FW,52,41,79,2,50,1,2,0,0,0
584,Amar Memic,BIH,MF,52,39,75,5,0,1,4,0,0,0
593,Jalal Hassan,IRQ,GK,51,33,65,0,0,0,0,0,0,0
593,Feras Albrikan,KSA,FW,51,32,63,0,0,0,5,0,0,0
593,Mark Mckenzie,USA,DF,51,47,92,0,0,0,1,0,0,0
593,Giovani Lo Celso,ARG,MF,51,47,92,1,100,0,0,0,0,0
593,Pavel Sulc,CZE,FW,51,39,76,1,100,2,3,0,0,0
598,Nico Williams,ESP,FW,50,45,90,9,22,4,6,83,0,0
598,Benjamin Nygren,SWE,MF,50,46,92,6,33,2,4,50,0,0
598,Ayumu Seko,JPN,DF,50,42,84,0,0,0,2,0,0,0
598,Auston Trusty,USA,DF,50,38,76,2,0,0,2,0,1,100
598,Mario Pasalic,CRO,MF,50,45,90,0,0,0,1,100,0,0
603,Elliot Stroud,SWE,DF,49,38,78,6,33,3,6,50,0,0
603,Thapelo Maseko,RSA,FW,49,37,76,2,0,8,5,40,0,0
605,Pape Matar Sarr,SEN,MF,48,43,90,1,0,0,2,50,0,0
605,Aymen Dahmen,TUN,GK,48,24,50,0,0,0,1,100,1,0
605,Ruben Providence,HAI,FW,48,42,88,7,29,4,3,67,0,0
605,Sherzod Nasrullaev,UZB,DF,48,35,73,3,0,1,5,0,0,0
605,Lukas Provod,CZE,MF,48,37,77,2,50,1,3,100,0,0
605,Edin Dzeko,BIH,FW,48,33,69,2,50,2,3,67,1,100
605,Juergen Locadia,CUW,FW,48,37,77,0,0,0,1,100,1,100
605,Kieran Tierney,SCO,DF,48,36,75,7,43,0,1,100,2,50
605,Jose Luis Rodriguez,PAN,MF,48,35,73,16,13,2,3,33,2,50
605,Ali Olwan,JOR,FW,48,36,75,8,38,6,4,50,1,100
605,Ibrahim Bayesh,IRQ,MF,48,40,83,1,0,6,3,33,0,0
616,Brian Cipenga,COD,FW,47,28,60,11,18,6,12,8,0,0
616,Hwang Heechan,KOR,MF,47,40,85,1,0,2,3,100,1,100
616,Jordan Ayew,GHA,FW,47,33,70,9,11,1,3,0,1,0
616,Chris Wood,NZL,FW,47,36,77,0,0,2,8,13,0,0
616,Jaroslav Zeleny,CZE,DF,47,35,74,2,50,1,1,0,0,0
616,David Doudera,CZE,DF,47,34,72,4,25,1,3,0,0,0
616,Angelo Preciado,ECU,DF,47,32,68,8,13,1,5,20,1,100
616,Erling Haaland,NOR,FW,47,34,72,1,0,1,4,25,0,0
624,Nawaf Bu Washl,KSA,DF,46,35,76,0,0,0,1,0,0,0
624,Oguz Aydin,TUR,FW,46,39,85,3,0,0,3,67,0,0
624,Daniel Svensson,SWE,DF,46,38,83,2,50,0,3,33,0,0
627,Jakhongir Urozov,UZB,DF,45,31,69,0,0,0,1,100,2,100
627,Seko Fofana,CIV,MF,45,38,84,0,0,0,2,0,0,0
627,Nicolas Jackson,SEN,FW,45,36,80,1,0,2,4,50,0,0
627,Nathanael Mbuku,COD,MF,45,35,78,14,21,4,6,83,0,0
627,Lee Taeseok,KOR,DF,45,39,87,9,33,1,4,75,1,100
632,Zineddine Belaid,ALG,DF,44,43,98,0,0,0,1,100,0,0
632,Nestory Irankunda,AUS,FW,44,32,73,1,0,1,1,100,1,0
632,Tomas Soucek,CZE,MF,44,35,80,0,0,0,2,50,0,0
632,Jayden Adams,RSA,MF,44,40,91,0,0,0,2,50,2,100
632,Raphinha,BRA,FW,44,30,68,10,30,2,4,25,0,0
632,Folarin Balogun,USA,FW,44,30,68,6,0,4,6,67,0,0
638,Santiago Arias,COL,DF,43,37,86,5,80,0,1,100,0,0
638,Fabinho,BRA,MF,43,42,98,0,0,0,0,0,0,0
638,Thelo Aasgaard,NOR,MF,43,38,88,0,0,0,1,100,1,100
638,Luka Vuskovic,CRO,DF,43,38,88,0,0,0,1,0,0,0
638,Odiljon Xamrobekov,UZB,MF,43,38,88,0,0,0,1,0,0,0
638,Jacob Italiano,AUS,DF,43,33,77,9,33,4,2,50,2,100
644,Lukas Cerv,CZE,MF,42,36,86,1,0,1,2,0,1,100
644,Aaron Hickey,SCO,DF,42,38,90,1,0,0,1,100,0,0
644,Sultan Albrake,QAT,DF,42,33,79,3,33,0,3,0,1,100
644,Alexis Saelemaekers,BEL,MF,42,33,79,2,50,2,2,100,0,0
644,Romelu Lukaku,BEL,FW,42,32,76,0,0,1,3,67,0,0
649,Dean Henderson,ENG,GK,41,32,78,0,0,0,0,0,0,0
649,Luca Jaquez,SUI,DF,41,31,76,2,0,1,4,50,0,0
649,Khojiakbar Alijonov,UZB,DF,41,27,66,4,0,3,2,0,1,0
649,Edo Kayembe,COD,MF,41,35,85,2,0,2,1,0,0,0
649,Edmilson Junior,QAT,FW,41,33,80,4,25,2,7,43,0,0
649,Tani Oluwaseyi,CAN,FW,41,27,66,4,0,4,4,50,1,100
649,Jacob Shaffelburg,CAN,MF,41,37,90,19,16,0,6,50,0,0
649,Laros Duarte,CPV,MF,41,33,80,2,100,6,2,50,0,0
649,Haissem Hassan,EGY,FW,41,35,85,9,22,11,13,92,4,100
658,Nikola Vlasic,CRO,MF,40,33,83,3,67,2,3,67,0,0
658,Enner Valencia,ECU,FW,40,33,83,1,0,2,1,0,0,0
658,Hussein Ali,IRQ,DF,40,32,80,2,0,0,2,100,0,0
658,Miro Muheim,SUI,DF,40,31,78,3,0,0,5,20,0,0
662,Ermedin Demirovic,BIH,FW,39,29,74,0,0,1,5,80,0,0
662,Diogo Dalot,POR,DF,39,34,87,1,0,2,1,0,0,0
662,Gessime Yassine,MAR,MF,39,34,87,1,0,2,2,50,3,67
662,Mahmoud Almardi,JOR,FW,39,32,82,7,14,3,5,60,0,0
666,Malick Thiaw,GER,DF,38,33,87,0,0,0,0,0,0,0
666,Baris Alper Yilmaz,TUR,FW,38,29,76,15,0,7,12,67,2,0
666,Besfort Zeneli,SWE,MF,38,34,89,2,0,0,2,50,0,0
666,Wagner Pina,CPV,DF,38,30,79,3,33,1,2,0,0,0
666,Ricardo Pepi,USA,FW,38,33,87,1,0,4,1,100,0,0
671,Marco Pasalic,CRO,FW,37,23,62,12,8,8,9,89,2,50
671,Soufiane Rahimi,MAR,FW,37,27,73,5,40,2,5,40,0,0
671,Jesper Karlstrom,SWE,MF,37,31,84,0,0,1,2,50,0,0
674,Abbosbek Fayzullaev,UZB,MF,36,24,67,9,22,1,2,50,1,100
674,Ozan Kabak,TUR,DF,36,26,72,0,0,2,2,0,0,0
674,Riechedly Bazoer,CUW,DF,36,31,86,0,0,0,0,0,1,100
674,Anis Hadj Moussa,ALG,FW,36,25,69,4,50,8,5,60,1,100
674,Ali Jasim,IRQ,FW,36,29,81,5,0,1,4,75,1,100
674,Mousa Altamari,JOR,FW,36,28,78,1,100,3,4,75,0,0
674,Ismael Gharbi,TUN,MF,36,35,97,1,0,1,0,0,0,0
681,Yannick Semedo,CPV,MF,35,27,77,2,50,0,0,0,2,100
681,Jeremy Antonisse,CUW,FW,35,25,71,6,50,1,2,0,1,100
681,Ryan Christie,SCO,MF,35,29,83,1,100,0,1,100,0,0
681,Ayase Ueda,JPN,FW,35,26,74,1,0,4,4,50,0,0
681,Ali Alhamadi,IRQ,FW,35,26,74,0,0,1,0,0,0,0
686,Tsuyoshi Watanabe,JPN,DF,34,31,91,2,50,0,0,0,0,0
686,Hossein Kanani,IRN,DF,34,33,97,0,0,0,0,0,3,67
686,Timothy Weah,USA,FW,34,30,88,2,0,0,2,50,0,0
686,Jovane Cabral,CPV,MF,34,27,79,1,0,3,2,50,0,0
686,Mahmoud Saber,EGY,MF,34,30,88,1,100,1,1,0,0,0
686,Lawrence Shankland,SCO,FW,34,20,59,0,0,0,2,0,0,0
686,Dostonbek Khamdamov,UZB,MF,34,29,85,5,60,1,1,0,0,0
686,Angelo Stiller,GER,MF,34,31,91,0,0,0,1,0,0,0
686,Donyell Malen,NED,FW,34,27,79,8,25,5,5,60,0,0
686,Ibrahima Konate,FRA,DF,34,32,94,0,0,0,0,0,0,0
696,Jordy Alcivar,ECU,MF,33,31,94,1,0,0,1,100,0,0
696,Matt Turner,USA,GK,33,24,73,0,0,0,0,0,1,0
696,Homam Ahmed,QAT,DF,33,25,76,3,33,1,2,50,0,0
696,Assim Madibo,QAT,MF,33,27,82,0,0,1,1,0,0,0
696,Willy Semedo,CPV,MF,33,30,91,2,0,1,1,0,0,0
696,Ben Old,NZL,MF,33,25,76,1,0,1,2,0,0,0
702,Damian Bobadilla,PAR,MF,32,24,75,1,100,0,1,0,1,100
702,Marko Arnautovic,AUT,FW,32,25,78,1,0,0,0,0,0,0
702,Abdulaziz Hatem,QAT,MF,32,26,81,0,0,0,2,50,0,0
702,Jassem Gaber,QAT,DF,32,25,78,0,0,0,1,100,1,100
702,Hossam Abdelmaguid,EGY,DF,32,28,88,0,0,0,0,0,0,0
707,Kamaldeen Sulemana,GHA,FW,31,27,87,4,75,4,4,75,3,100
707,Gavi,ESP,MF,31,29,94,2,0,0,1,100,1,100
707,Ajdin Hrustic,AUS,FW,31,27,87,5,40,1,0,0,0,0
707,Kai Trewin,AUS,DF,31,27,87,2,0,0,1,0,0,0
707,Deniz Undav,GER,FW,31,23,74,2,0,0,4,50,0,0
707,Marco Friedl,AUT,DF,31,30,97,0,0,0,0,0,0,0
707,Mohammad Abualnadi,JOR,DF,31,24,77,0,0,0,0,0,0,0
714,Castrop Jens,KOR,DF,30,27,90,4,25,1,2,100,1,100
714,Daizen Maeda,JPN,MF,30,28,93,3,0,0,1,100,0,0
714,Ardon Jashari,SUI,MF,30,25,83,1,0,0,3,67,1,0
714,Ange Yoan Bonny,CIV,FW,30,26,87,3,33,1,0,0,0,0
714,Abdoulaye Seck,SEN,DF,30,26,87,0,0,0,1,0,0,0
714,Rani Khedira,TUN,MF,30,25,83,1,0,0,2,50,0,0
714,Waldemar Anton,GER,DF,30,29,97,2,0,0,0,0,0,0
714,Carney Chukwuemeka,AUT,MF,30,25,83,0,0,1,0,0,0,0
714,Leon Goretzka,GER,MF,30,23,77,1,0,0,1,100,1,0
714,Egil Selvik,NOR,GK,30,19,63,0,0,0,0,0,0,0
714,Danilo Santos,BRA,MF,30,23,77,0,0,0,2,100,0,0
714,Dominique Simon,HAI,MF,30,22,73,1,100,0,2,0,0,0
726,Federico Vinas,URU,FW,29,18,62,0,0,0,1,0,0,0
726,Matias Vina,URU,DF,29,23,79,2,0,0,0,0,0,0
726,Yeremy Pino,ESP,FW,29,25,86,1,0,0,0,0,0,0
726,Utkir Yusupov,UZB,GK,29,17,59,0,0,0,2,0,1,100
726,Rebin Sulaka,IRQ,DF,29,23,79,0,0,0,0,0,3,33
726,Saleh Hardani,IRN,DF,29,21,72,1,0,0,0,0,0,0
726,Helio Varela,CPV,MF,29,27,93,1,0,2,3,100,0,0
726,Michael Gregoritsch,AUT,FW,29,20,69,0,0,0,2,0,0,0
726,Ruben Neves,POR,MF,29,27,93,0,0,0,2,50,0,0
726,Elias Saad,TUN,FW,29,22,76,2,0,1,1,100,0,0
726,Mathieu Choiniere,CAN,MF,29,23,79,4,50,0,2,50,1,100
726,Ernest Nuamah,GHA,FW,29,20,69,0,0,2,2,50,1,100
726,Evidence Makgopa,RSA,FW,29,20,69,0,0,0,1,100,0,0
739,Patrik Schick,CZE,FW,28,24,86,0,0,1,3,33,0,0
739,Luis Chavez,MEX,MF,28,28,100,1,0,0,1,100,0,0
739,Frans Putros,IRQ,DF,28,26,93,1,0,0,2,100,1,100
739,Ayoub Aloui,QAT,DF,28,11,39,1,0,0,4,0,0,0
743,Alidu Seidu,GHA,DF,27,25,93,1,0,1,0,0,0,0
743,Zizo,EGY,FW,27,23,85,6,33,1,1,0,0,0
743,Jose Canale,PAR,DF,27,18,67,1,0,0,1,0,0,0
743,Fidel Escobar,PAN,DF,27,20,74,1,100,0,1,100,1,0
743,Kevin Rodriguez,ECU,FW,27,23,85,1,0,1,3,67,0,0
749,Brian Rodriguez,URU,FW,26,19,73,14,7,2,7,71,1,100
749,Mateo Chavez,MEX,DF,26,23,88,1,0,2,2,50,0,0
749,Neymar Jr,BRA,FW,26,21,81,7,14,1,2,0,0,0
749,Adam Hlozek,CZE,FW,26,18,69,1,100,3,1,100,0,0
753,Ryan Thomas,NZL,MF,25,18,72,1,0,0,2,0,0,0
753,Darwin Nunez,URU,FW,25,20,80,3,33,1,3,100,1,100
753,Shahriyar Moghanloo,IRN,FW,25,15,60,2,0,0,2,50,1,0
753,Kim Moonhwan,KOR,DF,25,22,88,0,0,0,0,0,0,0
753,Oussama Benbot,ALG,GK,25,18,72,0,0,0,1,0,0,0
753,Alexander Prass,AUT,MF,25,22,88,3,0,0,3,33,0,0
759,Sasa Kalajdzic,AUT,FW,24,16,67,1,0,1,2,0,1,0
759,Jorgen Strand Larsen,NOR,FW,24,18,75,0,0,0,1,0,0,0
759,Kristian Thorstvedt,NOR,MF,24,19,79,0,0,2,1,0,0,0
759,Armin Gigovic,BIH,MF,24,17,71,0,0,0,0,0,1,0
759,Martin Zubimendi,ESP,MF,24,22,92,0,0,0,0,0,0,0
759,Can Uzun,TUR,FW,24,22,92,0,0,4,0,0,0,0
759,Joris Kayembe,COD,DF,24,19,79,3,67,0,4,25,0,0
759,Samir Chergui,ALG,DF,24,23,96,0,0,0,0,0,0,0
759,Iqraam Rayners,RSA,FW,24,21,88,2,0,0,3,33,0,0
768,Inaki Williams,GHA,FW,23,15,65,4,25,1,3,67,0,0
768,Bazoumana Toure,CIV,FW,23,16,70,4,0,2,1,0,1,100
768,Cyle Larin,CAN,FW,23,20,87,0,0,1,1,0,0,0
768,Mouhib Chamakh,TUN,GK,23,16,70,0,0,0,0,0,0,0
768,Deiver Machado,COL,DF,23,22,96,2,0,0,1,100,0,0
768,Gabriel Avalos,PAR,FW,23,12,52,0,0,0,4,25,0,0
768,Jorge Gutierrez,PAN,DF,23,19,83,0,0,0,1,0,0,0
768,Henrik Falchener,NOR,DF,23,18,78,0,0,0,0,0,0,0
768,Nuno Da Costa,CPV,MF,23,18,78,1,0,2,5,40,0,0
768,Cedric Bakambu,COD,FW,23,16,70,1,0,2,1,0,0,0
768,Jason Geria,AUS,DF,23,18,78,1,0,0,0,0,0,0
779,Stepan Chaloupek,CZE,DF,22,15,68,0,0,0,1,0,1,100
779,Roger Ibanez,BRA,DF,22,22,100,0,0,2,1,100,0,0
779,Obed Vargas,MEX,MF,22,20,91,0,0,2,3,33,0,0
779,Brenden Aaronson,USA,FW,22,21,95,3,33,0,2,50,0,0
779,Abdul Fatawu,GHA,FW,22,18,82,7,14,7,8,50,1,100
779,Kojo Peprah Oppong,GHA,DF,22,21,95,0,0,0,0,0,0,0
779,Oh Hyeongyu,KOR,FW,22,15,68,1,0,1,2,50,0,0
779,Charles Pickel,COD,MF,22,19,86,0,0,0,0,0,2,50
779,Abdullah Alhamddan,KSA,FW,22,16,73,1,0,1,2,50,0,0
779,Aimar Sher,IRQ,MF,22,20,91,1,0,0,0,0,0,0
789,Odeh Fakhoury,JOR,FW,21,17,81,1,0,1,0,0,1,100
789,Azarias Londono,PAN,FW,21,20,95,1,0,2,2,50,0,0
789,Elye Wahi,CIV,FW,21,15,71,1,0,0,3,33,0,0
789,Wilson Isidor,HAI,FW,21,18,86,0,0,0,1,100,0,0
789,Brian Brobbey,NED,FW,21,18,86,1,0,1,0,0,0,0
789,Ivan Toney,ENG,FW,21,15,71,0,0,0,1,100,0,0
789,Fredrik Andre Bjorkan,NOR,DF,21,19,90,0,0,0,0,0,0,0
796,Nadiem Amiri,GER,MF,20,17,85,2,50,0,2,50,1,100
796,Andrej Kramaric,CRO,FW,20,17,85,2,0,0,2,50,0,0
796,Mehdi Torabi,IRN,MF,20,17,85,2,0,0,1,100,0,0
796,Ehsan Hajisafi,IRN,DF,20,11,55,2,0,1,2,0,1,100
796,Lenny Joseph,HAI,FW,20,13,65,0,0,5,3,33,1,100
796,Dylan Bronn,TUN,DF,20,16,80,0,0,0,0,0,1,0
796,Valentin Barco,ARG,MF,20,17,85,0,0,0,1,100,0,0
796,Endrick,BRA,FW,20,16,80,1,0,1,4,25,0,0
804,Yaimar Medina,ECU,DF,19,17,89,4,25,0,1,0,1,100
804,Sergio Rochet,URU,GK,19,10,53,0,0,0,3,67,0,0
804,Alexandro Maidana,PAR,DF,19,13,68,1,0,0,0,0,0,0
804,Che Adams,SCO,FW,19,12,63,0,0,0,2,0,0,0
804,Oumar Diakite,CIV,FW,19,17,89,1,0,3,3,33,0,0
804,Dailon Livramento,CPV,FW,19,15,79,3,33,1,0,0,0,0
804,Adil Boulbina,ALG,FW,19,16,84,0,0,1,1,100,1,100
804,Munaf Younus,IRQ,DF,19,17,89,0,0,0,0,0,0,0
804,Mohammad Ghorbani,IRN,MF,19,16,84,0,0,0,0,0,0,0
813,Saleem Obaid,JOR,DF,18,12,67,0,0,0,0,0,0,0
813,Arya Yousefi,IRN,DF,18,16,89,0,0,1,0,0,0,0
813,Jose Fajardo,PAN,FW,18,11,61,0,0,0,1,100,0,0
813,Jaminton Campaz,COL,FW,18,12,67,3,0,5,2,50,2,100
813,Morten Thorsby,NOR,MF,18,17,94,0,0,0,0,0,0,0
813,Sebastian Tounekti,TUN,MF,18,16,89,3,0,1,1,0,0,0
813,Alphonso Davies,CAN,DF,18,14,78,1,0,1,0,0,0,0
813,Vladimir Darida,CZE,MF,18,14,78,0,0,2,1,0,0,0
821,Jamshid Iskanderov,UZB,MF,17,11,65,1,0,0,2,50,0,0
821,Ala Alhajji,KSA,MF,17,16,94,0,0,0,0,0,0,0
821,Frantzdy Pierrot,HAI,FW,17,13,76,0,0,0,0,0,0,0
821,Jean Michael Seri,CIV,MF,17,16,94,3,0,0,2,50,0,0
821,Memphis Depay,NED,FW,17,15,88,1,100,0,2,100,1,100
826,Francisco Trincao,POR,FW,16,13,81,0,0,0,1,0,0,0
826,Taha Ali,SWE,FW,16,15,94,1,0,4,2,100,0,0
826,Francis De Vries,NZL,DF,16,7,44,2,50,1,0,0,0,0
826,Mohamed Toure,AUS,FW,16,12,75,2,0,2,2,50,0,0
826,Jesse Randall,NZL,FW,16,12,75,5,40,2,1,0,0,0
826,Ermin Mahmic,BIH,MF,16,12,75,1,0,0,0,0,1,100
826,Alan Minda,ECU,MF,16,12,75,2,0,0,1,0,0,0
826,Promise David,CAN,FW,16,8,50,0,0,0,1,0,1,100
826,Aymen Hussein,IRQ,FW,16,12,75,0,0,0,3,67,0,0
826,Ahmed Qasem,IRQ,FW,16,13,81,1,0,0,1,100,0,0
826,Takefusa Kubo,JPN,MF,16,12,75,0,0,0,2,50,0,0
837,Mohamed Manai,QAT,FW,15,7,47,0,0,1,3,33,0,0
837,Matias Fernandez Pardo,BEL,FW,15,13,87,3,0,4,3,67,0,0
837,Diego Moreira,BEL,MF,15,10,67,4,25,1,3,67,2,50
837,Kerem Akturkoglu,TUR,FW,15,9,60,2,50,0,0,0,0,0
837,Louicius Deedson,HAI,FW,15,13,87,5,20,5,5,60,0,0
837,Ismael Diaz,PAN,MF,15,13,87,0,0,1,0,0,0,0
843,Kevin Castano,COL,MF,14,14,100,0,0,0,0,0,0,0
843,Jamie Leweling,GER,MF,14,11,79,3,0,0,1,0,0,0
843,Pascal Gross,GER,MF,14,14,100,1,0,0,1,100,0,0
843,Igor Matanovic,CRO,FW,14,11,79,0,0,2,0,0,0,0
843,Garry Rodrigues,CPV,MF,14,11,79,2,50,2,2,100,0,0
843,Meschack Elia,COD,FW,14,13,93,2,0,0,5,60,0,0
843,Amirhossein Hosseinzadeh,IRN,FW,14,10,71,0,0,0,3,67,1,100
843,Yusuf Abdurisag,QAT,FW,14,9,64,0,0,1,3,0,0,0
843,Hassan Alhaydos,QAT,FW,14,10,71,0,0,0,1,0,0,0
843,Telmo Arcanjo,CPV,MF,14,12,86,1,100,2,0,0,1,100
843,Zakaria El Ouahdi,MAR,DF,14,14,100,0,0,0,1,0,0,0
843,Mohamed Abdelmoneim,EGY,DF,14,14,100,0,0,0,0,0,1,100
843,Denis Visinsky,CZE,FW,14,14,100,0,0,2,0,0,0,0
843,Farrukh Sayfiev,UZB,DF,14,12,86,1,0,1,2,100,0,0
857,Maximilian Beier,GER,FW,13,6,46,0,0,0,1,0,0,0
857,Patrick Wimmer,AUT,FW,13,7,54,0,0,0,2,100,0,0
857,Senne Lammens,BEL,GK,13,6,46,0,0,0,1,0,0,0
857,Jordan Henderson,ENG,MF,13,12,92,1,0,0,0,0,0,0
857,Noa Lang,NED,FW,13,11,85,1,0,1,2,100,0,0
857,Jovo Lukic,BIH,FW,13,7,54,0,0,0,1,0,0,0
857,Guillermo Martinez,MEX,FW,13,12,92,1,0,0,0,0,0,0
857,Santiago Gimenez,MEX,FW,13,7,54,0,0,0,0,0,0,0
857,Alex Sandro,BRA,DF,13,13,100,0,0,0,0,0,0,0
857,Mohamed Hadj Mahmoud,TUN,MF,13,12,92,0,0,0,0,0,1,100
857,Yang Hyunjun,KOR,MF,13,9,69,0,0,0,0,0,0,0
857,Ali Azaizeh,JOR,FW,13,12,92,1,0,1,0,0,0,0
857,Saed Alrosan,JOR,DF,13,12,92,0,0,0,0,0,0,0
857,Theo Bongonda,COD,MF,13,9,69,2,0,0,2,0,0,0
871,Kevin Yakob,IRQ,MF,12,9,75,0,0,1,1,0,0,0
871,Ahmed Alganehi,QAT,MF,12,11,92,2,100,1,0,0,0,0
871,Carl Starfelt,SWE,DF,12,11,92,0,0,0,0,0,0,0
871,Nishan Velupillay,AUS,FW,12,6,50,0,0,1,0,0,0,0
871,Quinten Timber,NED,MF,12,10,83,2,50,0,2,50,0,0
871,Assane Diao,SEN,FW,12,12,100,0,0,2,3,33,0,0
871,Jackson Porozo,ECU,DF,12,12,100,0,0,0,0,0,0,0
871,Luiz Henrique,BRA,FW,12,12,100,0,0,0,3,100,0,0
871,Jhon Cordoba,COL,FW,12,9,75,0,0,0,0,0,0,0
880,Lyndon Dykes,SCO,FW,11,7,64,1,0,0,4,25,0,0
880,Zeki Amdouni,SUI,FW,11,8,73,0,0,3,0,0,0,0
880,Eric Garcia,ESP,DF,11,10,91,0,0,0,0,0,1,100
880,Fiston Mayele,COD,FW,11,7,64,0,0,0,0,0,0,0
880,Marko Farji,IRQ,FW,11,7,64,2,50,1,1,100,0,0
880,Alireza Jahanbakhsh,IRN,MF,11,7,64,2,50,1,1,100,0,0
880,Gilson Benchimol,CPV,FW,11,9,82,0,0,3,2,0,0,0
880,Samu Costa,POR,DF,11,11,100,0,0,0,0,0,0,0
880,Goncalo Ramos,POR,FW,11,10,91,0,0,0,0,0,0,0
880,Petar Musa,CRO,FW,11,7,64,0,0,1,3,33,0,0
890,Ante Budimir,CRO,FW,10,6,60,0,0,0,2,0,0,0
890,Ollie Watkins,ENG,FW,10,9,90,3,33,3,2,100,0,0
890,Sondre Langas,NOR,DF,10,9,90,0,0,0,0,0,1,100
890,Dennis Hadzikadunic,BIH,DF,10,8,80,0,0,0,0,0,0,0
890,Oston Urunov,UZB,MF,10,8,80,0,0,1,2,50,0,0
890,Mathew Leckie,AUS,FW,10,7,70,1,0,0,0,0,0,0
890,Kendry Paez,ECU,MF,10,9,90,0,0,0,0,0,0,0
890,Alexis Vega,MEX,FW,10,10,100,1,0,0,1,0,0,0
890,Cecilio Waterman,PAN,FW,10,7,70,0,0,0,1,0,0,0
890,Alex Arce,PAR,FW,10,7,70,0,0,0,0,0,0,0
890,Antonio Sanabria,PAR,FW,10,7,70,0,0,0,0,0,0,0
890,Alejandro Romero Gamarra,PAR,FW,10,6,60,0,0,0,0,0,1,100
890,Ayoub El Kaabi,MAR,FW,10,7,70,0,0,1,0,0,0,0
890,Hazem Mastouri,TUN,FW,10,7,70,1,100,1,0,0,0,0
890,Hamza Abdelkarim,EGY,FW,10,7,70,1,0,0,2,0,0,0
890,Simon Adingra,CIV,FW,10,9,90,1,100,0,0,0,0,0
890,Bara Sapoko Ndiaye,SEN,MF,10,9,90,1,100,0,0,0,0,0
907,Ayoube Amaimouni,MAR,FW,9,8,89,1,0,2,0,0,1,0
907,Jonathan Osorio,CAN,MF,9,6,67,0,0,0,0,0,0,0
907,Tshepang Moremi,RSA,FW,9,6,67,0,0,1,0,0,0,0
907,Noah Okafor,SUI,FW,9,7,78,0,0,1,2,0,0,0
907,Tyrese Noslin,CUW,FW,9,5,56,3,33,0,1,0,0,0
907,Gervane Kastaneer,CUW,FW,9,7,78,0,0,0,0,0,0,0
907,Axel Witsel,BEL,MF,9,8,89,0,0,0,0,0,0,0
907,Tomas Rodriguez,PAN,FW,9,7,78,0,0,0,1,100,0,0
907,Guillermo Ochoa,MEX,GK,9,4,44,0,0,0,2,50,0,0
907,Mehdi Ghayedi,IRN,FW,9,6,67,3,33,0,1,100,0,0
907,Sultan Mandash,KSA,FW,9,7,78,0,0,0,0,0,0,0
907,Eom Jisung,KOR,MF,9,9,100,3,67,2,2,100,0,0
919,Ahmed Alaaeldin,QAT,FW,8,4,50,0,0,0,1,0,0,0
919,Ali Alipour,IRN,FW,8,4,50,0,0,0,1,100,0,0
919,Mohamed Amoura,ALG,FW,8,7,88,0,0,0,0,0,0,0
919,Nadhir Benbouali,ALG,FW,8,6,75,1,0,0,0,0,0,0
919,Jearl Margaritha,CUW,FW,8,8,100,0,0,0,0,0,0,0
919,Elias Achouri,TUN,FW,8,7,88,0,0,0,0,0,0,0
919,Derrick Etienne,HAI,FW,8,4,50,2,50,0,2,0,0,0
919,Jayden Nelson,CAN,FW,8,6,75,0,0,2,0,0,0,0
919,Awer Mabil,AUS,FW,8,5,63,1,0,0,0,0,0,0
919,Tomas Chory,CZE,FW,8,7,88,0,0,0,1,0,0,0
919,Dzenis Burnic,BIH,MF,8,7,88,0,0,0,0,0,0,0
919,Anibal Godoy,PAN,MF,8,8,100,1,0,0,1,100,1,0
919,Cucho Hernandez,COL,FW,8,5,63,1,100,0,0,0,0,0
919,Gustavo Caballero,PAR,MF,8,5,63,0,0,1,1,0,0,0
919,Guus Til,NED,MF,8,7,88,0,0,0,1,0,0,0
934,Justin Kluivert,NED,MF,7,7,100,1,0,0,0,0,0,0
934,Maghnes Akliouche,FRA,MF,7,5,71,2,0,0,0,0,0,0
934,Joaquin Seys,BEL,DF,7,7,100,0,0,0,0,0,0,0
934,Wout Weghorst,NED,FW,7,4,57,0,0,0,1,0,0,0
934,Themba Zwane,RSA,MF,7,5,71,0,0,0,0,0,0,0
934,Firas Chaouat,TUN,FW,7,7,100,0,0,0,0,0,0,0
934,Cho Guesung,KOR,FW,7,4,57,0,0,0,0,0,0,0
934,Junnosuke Suzuki,JPN,DF,7,6,86,1,0,0,1,0,0,0
934,Braian Ojeda,PAR,MF,7,6,86,0,0,0,0,0,0,0
934,Eric Davis,PAN,DF,7,3,43,3,33,0,2,0,0,0
934,Alex Zendejas,USA,FW,7,6,86,1,0,0,1,0,0,0
934,David Zima,CZE,DF,7,6,86,0,0,0,0,0,0,0
934,Mattias Svanberg,SWE,MF,7,7,100,0,0,0,0,0,0,0
947,Azizbek Amonov,UZB,FW,6,5,83,1,0,2,0,0,1,100
947,Callan Elliot,NZL,DF,6,4,67,0,0,0,0,0,0,0
947,Brandon Thomas Asante,GHA,FW,6,3,50,2,50,1,0,0,0,0
947,Ibrahim Adel,EGY,FW,6,4,67,0,0,0,2,100,0,0
947,Sontje Hansen,CUW,FW,6,5,83,0,0,0,0,0,0,0
947,Jordy Caicedo,ECU,FW,6,6,100,0,0,0,0,0,0,0
947,Simon Banza,COD,FW,6,4,67,0,0,0,0,0,1,0
947,Youssef Amyn,IRQ,MF,6,5,83,0,0,0,0,0,0,0
947,Gedeon Kalulu,COD,DF,6,5,83,0,0,0,1,0,0,0
956,Mohammad Abuzraiq,JOR,FW,5,4,80,0,0,0,0,0,0,0
956,Ahmed Maknazi,IRQ,DF,5,3,60,0,0,1,0,0,0,0
956,Mohammad Aldaoud,JOR,MF,5,2,40,0,0,1,1,0,0,0
956,Lyle Foster,RSA,FW,5,1,20,0,0,0,1,0,0,0
956,Kamogelo Sebelebele,RSA,FW,5,4,80,1,0,0,0,0,0,0
956,Prince Adu,GHA,FW,5,4,80,0,0,0,0,0,0,0
956,Evann Guessand,CIV,FW,5,4,80,0,0,0,0,0,0,0
956,Anthony Ralston,SCO,DF,5,5,100,1,100,1,1,100,1,100
956,Eray Coemert,SUI,DF,5,5,100,0,0,0,0,0,0,0
956,Tete Yengi,AUS,FW,5,3,60,1,0,0,2,0,0,0
956,Christian Fassnacht,SUI,FW,5,5,100,0,0,0,0,0,0,0
956,Cedric Itten,SUI,FW,5,3,60,1,0,0,0,0,0,0
956,Ederson Silva,BRA,MF,5,5,100,3,33,0,0,0,0,0
956,Orbelin Pineda,MEX,MF,5,5,100,0,0,1,1,0,0,0
956,Yassin Fortune,HAI,FW,5,5,100,0,0,0,0,0,0,0
956,Igor Thiago,BRA,FW,5,4,80,0,0,1,0,0,0,0
956,Samed Bazdar,BIH,FW,5,2,40,0,0,1,3,0,0,0
974,Brandley Kuwas,CUW,FW,4,3,75,1,0,0,1,0,0,0
974,Dan Burn,ENG,DF,4,2,50,0,0,0,2,0,0,0
974,Jorrel Hato,NED,DF,4,2,50,1,100,0,0,0,0,0
974,Yuito Suzuki,JPN,MF,4,4,100,0,0,2,0,0,0,0
974,Shuto Machino,JPN,FW,4,3,75,1,0,1,0,0,1,100
974,Amer Jamous,JOR,MF,4,4,100,0,0,0,0,0,0,0
974,Ali Yousif,IRQ,FW,4,4,100,0,0,0,0,0,0,0
974,Mortadha Ben Ouanes,TUN,DF,4,3,75,0,0,0,1,0,0,0
974,Isidro Pitta,PAR,FW,4,3,75,1,0,0,1,0,0,0
974,Caglar Soyuncu,TUR,DF,4,3,75,0,0,0,0,0,0,0
974,Igor Sergeev,UZB,FW,4,4,100,0,0,0,0,0,0,0
986,Ken Sema,SWE,MF,3,3,100,0,0,1,0,0,0,0
986,Kaan Ayhan,TUR,MF,3,1,33,0,0,0,0,0,0,0
986,Amir Hadziahmetovic,BIH,MF,3,3,100,1,0,0,0,0,0,0
986,Mohammad Abuhasheesh,JOR,DF,3,3,100,0,0,0,0,0,0,0
986,Almoez Ali,QAT,FW,3,2,67,0,0,0,1,100,0,0
986,Koki Ogawa,JPN,FW,3,3,100,0,0,0,0,0,0,0
986,Godfried Roemeratoe,CUW,MF,3,1,33,0,0,0,0,0,0,0
986,Shurandy Sambo,CUW,DF,3,3,100,0,0,0,0,0,0,0
986,Luka Sucic,CRO,MF,3,1,33,0,0,0,1,0,0,0
986,Jens Petter Hauge,NOR,MF,3,2,67,0,0,0,0,0,0,0
986,Alberto Quintero,PAN,MF,3,3,100,1,0,0,0,0,0,0
986,Ramon Sosa,PAR,MF,3,3,100,0,0,0,0,0,0,0
986,Yerry Mina,COL,DF,3,3,100,0,0,0,0,0,0,0
986,Bamba Dieng,SEN,FW,3,3,100,0,0,0,0,0,0,0
986,Duckens Nazon,HAI,FW,3,1,33,0,0,1,0,0,0,0
1001,Kenji Gorre,CUW,FW,2,0,0,0,0,0,0,0,0,0
1001,Mojmir Chytil,CZE,FW,2,2,100,0,0,0,1,100,0,0
1001,Irfan Can Kahveci,TUR,FW,2,2,100,0,0,0,0,0,0,0
1001,Gustaf Nilsson,SWE,FW,2,1,50,0,0,0,0,0,0,0
1001,Marc Pubill,ESP,DF,2,2,100,0,0,0,0,0,0,0
1001,Findlay Curtis,SCO,FW,2,2,100,2,0,1,1,100,0,0
1001,Mohanad Ali,IRQ,FW,2,1,50,0,0,0,0,0,0,0
1001,Jose Manuel Lopez,ARG,FW,2,2,100,0,0,0,1,0,0,0
1001,Cesar Huerta,MEX,FW,2,2,100,0,0,0,0,0,0,0
1001,Jean Philippe Mateta,FRA,FW,2,2,100,0,0,1,0,0,0,0
1011,Nick Woltemade,GER,FW,1,1,100,0,0,0,0,0,0,0
1011,Marten De Roon,NED,MF,1,1,100,0,0,0,0,0,0,0
1011,Matheus Nunes,POR,MF,1,1,100,0,0,0,0,0,0,0
1011,Sherzod Esanov,UZB,MF,1,1,100,0,0,0,0,0,0,0
1011,Roshon Van Eijma,CUW,DF,1,1,100,0,0,0,0,0,0,0
1011,Haris Tabakovic,BIH,FW,1,1,100,0,0,0,0,0,0,0
1011,Haji Wright,USA,FW,1,1,100,0,0,0,0,0,0,0
1011,Rodrigo Aguirre,URU,FW,1,0,0,0,0,0,0,0,0,0
1011,Armando Gonzalez,MEX,FW,1,1,100,0,0,0,0,0,0,0
1011,Mustafa Saadoon,IRQ,DF,1,1,100,0,0,0,0,0,0,0
1011,Keisuke Goto,JPN,FW,1,1,100,0,0,0,1,100,0,0
1011,Kento Shiogai,JPN,FW,1,1,100,0,0,0,0,0,0,0
1023,Abdallah Alfakhori,JOR,GK,0,0,0,0,0,0,0,0,0,0
1023,Saleh Alshehri,KSA,FW,0,0,0,0,0,0,0,0,0,0
1023,Ziyad Aljohani,KSA,MF,0,0,0,0,0,0,0,0,0,0
1023,Keisuke Osako,JPN,GK,0,0,0,0,0,0,0,0,0,0
1023,Jehad Thikri,KSA,DF,0,0,0,0,0,0,0,0,0,0
1023,Nawaf Alaqidi,KSA,GK,0,0,0,0,0,0,0,0,0,0
1023,Bae Junho,KOR,MF,0,0,0,0,0,0,0,0,0,0
1023,Logan Costa,CPV,DF,0,0,0,0,0,0,0,0,0,0
1023,Lee Donggyeong,KOR,MF,0,0,0,0,0,0,0,0,0,0
1023,Hassan Kadish,KSA,DF,0,0,0,0,0,0,0,0,0,0
1023,Fahad Talib,IRQ,GK,0,0,0,0,0,0,0,0,0,0
1023,Ahmed Alkassar,KSA,GK,0,0,0,0,0,0,0,0,0,0
1023,Dennis Dargahi,IRN,FW,0,0,0,0,0,0,0,0,0,0
1023,Khalid Alghannam,KSA,FW,0,0,0,0,0,0,0,0,0,0
1023,Gael Kakuta,COD,FW,0,0,0,0,0,0,0,0,0,0
1023,Kim Taehyeon,KOR,DF,0,0,0,0,0,0,0,0,0,0
1023,Cho Wije,KOR,DF,0,0,0,0,0,0,0,0,0,0
1023,Danial Iri,IRN,DF,0,0,0,0,0,0,0,0,0,0
1023,Song Bumkeun,KOR,GK,0,0,0,0,0,0,0,0,0,0
1023,Ali Majrashi,KSA,DF,0,0,0,0,0,0,0,0,0,0
1023,Mohamed Amine Tougai,ALG,DF,0,0,0,0,0,0,0,0,0,0
1023,Tomoki Hayakawa,JPN,GK,0,0,0,0,0,0,0,0,0,0
1023,Yassine Titraoui,ALG,MF,0,0,0,0,0,0,0,0,0,0
1023,Amirmohammad Razaghinia,IRN,MF,0,0,0,0,0,0,0,0,0,0
1023,Marcio Rosa,CPV,GK,0,0,0,0,0,0,0,0,0,0
1023,Tahsin Mohammed,QAT,FW,0,0,0,0,0,0,0,0,0,0
1023,Payam Niazmand,IRN,GK,0,0,0,0,0,0,0,0,0,0
1023,Jo Hyeonwoo,KOR,GK,0,0,0,0,0,0,0,0,0,0
1023,Rajaei Ayed,JOR,MF,0,0,0,0,0,0,0,0,0,0
1023,Cj Dos Santos,CPV,GK,0,0,0,0,0,0,0,0,0,0
1023,Alhashmi Alhussein,QAT,DF,0,0,0,0,0,0,0,0,0,0
1023,Dylan Batubinsika,COD,DF,0,0,0,0,0,0,0,0,0,0
1023,Aiman Yahya,KSA,FW,0,0,0,0,0,0,0,0,0,0
1023,Roozbeh Cheshmi,IRN,MF,0,0,0,0,0,0,0,0,0,0
1023,Ibrahim Sadeh,JOR,MF,0,0,0,0,0,0,0,0,0,0
1023,Lucas Mendes,QAT,DF,0,0,0,0,0,0,0,0,0,0
1023,Salah Zakaria,QAT,GK,0,0,0,0,0,0,0,0,0,0
1023,Mohammad Abughoush,JOR,MF,0,0,0,0,0,0,0,0,0,0
1023,Aaron Tshibola,COD,MF,0,0,0,0,0,0,0,0,0,0
1023,Mohammed Muntari,QAT,FW,0,0,0,0,0,0,0,0,0,0
1023,Anas Badawi,JOR,DF,0,0,0,0,0,0,0,0,0,0
1023,Timothy Fayulu,COD,GK,0,0,0,0,0,0,0,0,0,0
1023,Meshaal Barsham,QAT,GK,0,0,0,0,0,0,0,0,0,0
1023,Achref Abada,ALG,DF,0,0,0,0,0,0,0,0,0,0
1023,Stopira,CPV,DF,0,0,0,0,0,0,0,0,0,0
1023,Nour Baniateyah,JOR,GK,0,0,0,0,0,0,0,0,0,0
1023,Hossein Hosseini,IRN,GK,0,0,0,0,0,0,0,0,0,0
1023,Fares Ghedjemis,ALG,FW,0,0,0,0,0,0,0,0,0,0
1023,Melvin Mastil,ALG,GK,0,0,0,0,0,0,0,0,0,0
1023,Matthieu Epolo,COD,GK,0,0,0,0,0,0,0,0,0,0
1023,Hugo Sochurek,CZE,MF,0,0,0,0,0,0,0,0,0,0
1023,Marvin Keller,SUI,GK,0,0,0,0,0,0,0,0,0,0
1023,Hjalmar Ekdal,SWE,DF,0,0,0,0,0,0,0,0,0,0
1023,Liam Kelly,SCO,GK,0,0,0,0,0,0,0,0,0,0
1023,Logan Rogerson,NZL,FW,0,0,0,0,0,0,0,0,0,0
1023,Mathew Ryan,AUS,GK,0,0,0,0,0,0,0,0,0,0
1023,Nihad Mujakic,BIH,DF,0,0,0,0,0,0,0,0,0,0
1023,Kosta Barbarouses,NZL,FW,0,0,0,0,0,0,0,0,0,0
1023,Eric Smith,SWE,DF,0,0,0,0,0,0,0,0,0,0
1023,Altay Bayindir,TUR,GK,0,0,0,0,0,0,0,0,0,0
1023,Joan Garcia,ESP,GK,0,0,0,0,0,0,0,0,0,0
1023,Viktor Johansson,SWE,GK,0,0,0,0,0,0,0,0,0,0
1023,Herman Johansson,SWE,DF,0,0,0,0,0,0,0,0,0,0
1023,Aurele Amenda,SUI,DF,0,0,0,0,0,0,0,0,0,0
1023,Paul Izzo,AUS,GK,0,0,0,0,0,0,0,0,0,0
1023,Alex Paulsen,NZL,GK,0,0,0,0,0,0,0,0,0,0
1023,Jan Kuchta,CZE,FW,0,0,0,0,0,0,0,0,0,0
1023,Borja Iglesias,ESP,FW,0,0,0,0,0,0,0,0,0,0
1023,Michael Woud,NZL,GK,0,0,0,0,0,0,0,0,0,0
1023,Milos Degenek,AUS,DF,0,0,0,0,0,0,0,0,0,0
1023,Yvon Mvogo,SUI,GK,0,0,0,0,0,0,0,0,0,0
1023,Mert Gunok,TUR,GK,0,0,0,0,0,0,0,0,0,0
1023,Alex Grimaldo,ESP,DF,0,0,0,0,0,0,0,0,0,0
1023,Dominic Hyam,SCO,DF,0,0,0,0,0,0,0,0,0,0
1023,George Hirst,SCO,FW,0,0,0,0,0,0,0,0,0,0
1023,Alex Rufer,NZL,MF,0,0,0,0,0,0,0,0,0,0
1023,Lachlan Bayliss,NZL,MF,0,0,0,0,0,0,0,0,0,0
1023,Lukas Hornicek,CZE,GK,0,0,0,0,0,0,0,0,0,0
1023,David Jurasek,CZE,DF,0,0,0,0,0,0,0,0,0,0
1023,John Souttar,SCO,DF,0,0,0,0,0,0,0,0,0,0
1023,Tyler Fletcher,SCO,MF,0,0,0,0,0,0,0,0,0,0
1023,Nando Pijnaker,NZL,DF,0,0,0,0,0,0,0,0,0,0
1023,Avazbek Ulmasaliyev,UZB,DF,0,0,0,0,0,0,0,0,0,0
1023,Cameron Devlin,AUS,MF,0,0,0,0,0,0,0,0,0,0
1023,Jindrich Stanek,CZE,GK,0,0,0,0,0,0,0,0,0,0
1023,Ross Stewart,SCO,FW,0,0,0,0,0,0,0,0,0,0
1023,Deniz Gul,TUR,FW,0,0,0,0,0,0,0,0,0,0
1023,Umar Eshmurodov,UZB,DF,0,0,0,0,0,0,0,0,0,0
1023,Samet Akaydin,TUR,DF,0,0,0,0,0,0,0,0,0,0
1023,David Raya,ESP,GK,0,0,0,0,0,0,0,0,0,0
1023,Ben Waine,NZL,FW,0,0,0,0,0,0,0,0,0,0
1023,Victor Munoz,ESP,FW,0,0,0,0,0,0,0,0,0,0
1023,Botirali Ergashev,UZB,GK,0,0,0,0,0,0,0,0,0,0
1023,Woodensky Pierre,HAI,MF,0,0,0,0,0,0,0,0,0,0
1023,Moutaz Neffati,TUN,DF,0,0,0,0,0,0,0,0,0,0
1023,Alexandre Pierre,HAI,GK,0,0,0,0,0,0,0,0,0,0
1023,Augustine Boakye,GHA,MF,0,0,0,0,0,0,0,0,0,0
1023,Carl Sainte,HAI,MF,0,0,0,0,0,0,0,0,0,0
1023,Ahmed Reda Tagnaouti,MAR,GK,0,0,0,0,0,0,0,0,0,0
1023,Youssef Belammari,MAR,DF,0,0,0,0,0,0,0,0,0,0
1023,Antoine Mendy,SEN,DF,0,0,0,0,0,0,0,0,0,0
1023,Olwethu Makhanya,RSA,DF,0,0,0,0,0,0,0,0,0,0
1023,Samukele Kabini,RSA,DF,0,0,0,0,0,0,0,0,0,0
1023,Markhus Lacroix,HAI,DF,0,0,0,0,0,0,0,0,0,0
1023,Raed Chikhaoui,TUN,DF,0,0,0,0,0,0,0,0,0,0
1023,Wilguens Paugain,HAI,DF,0,0,0,0,0,0,0,0,0,0
1023,Sabri Ben Hessen,TUN,GK,0,0,0,0,0,0,0,0,0,0
1023,Cherif Ndiaye,SEN,FW,0,0,0,0,0,0,0,0,0,0
1023,Yehvann Diouf,SEN,GK,0,0,0,0,0,0,0,0,0,0
1023,Tarek Alaa,EGY,DF,0,0,0,0,0,0,0,0,0,0
1023,Adam Arous,TUN,DF,0,0,0,0,0,0,0,0,0,0
1023,Khulumani Ndamane,RSA,DF,0,0,0,0,0,0,0,0,0,0
1023,Abdul Mumin,GHA,DF,0,0,0,0,0,0,0,0,0,0
1023,Dayne St Clair,CAN,GK,0,0,0,0,0,0,0,0,0,0
1023,Bradley Cross,RSA,DF,0,0,0,0,0,0,0,0,0,0
1023,Joseph Anang,GHA,GK,0,0,0,0,0,0,0,0,0,0
1023,Alfie Jones,CAN,DF,0,0,0,0,0,0,0,0,0,0
1023,Thabang Matuludi,RSA,DF,0,0,0,0,0,0,0,0,0,0
1023,Nabil Donga,EGY,MF,0,0,0,0,0,0,0,0,0,0
1023,Mohamed Alaa,EGY,GK,0,0,0,0,0,0,0,0,0,0
1023,Mohamed Elshenawy,EGY,GK,0,0,0,0,0,0,0,0,0,0
1023,Owen Goodman,CAN,GK,0,0,0,0,0,0,0,0,0,0
1023,Josue Duverger,HAI,GK,0,0,0,0,0,0,0,0,0,0
1023,Mamadou Sarr,SEN,DF,0,0,0,0,0,0,0,0,0,0
1023,Alban Lafont,CIV,GK,0,0,0,0,0,0,0,0,0,0
1023,Mahdy Soliman,EGY,GK,0,0,0,0,0,0,0,0,0,0
1023,Munir El Kajoui,MAR,GK,0,0,0,0,0,0,0,0,0,0
1023,Ricardo Goss,RSA,GK,0,0,0,0,0,0,0,0,0,0
1023,Khalil Ayari,TUN,MF,0,0,0,0,0,0,0,0,0,0
1023,Mohamed Kone,CIV,GK,0,0,0,0,0,0,0,0,0,0
1023,Kelvin Pires,CPV,DF,0,0,0,0,0,0,0,0,0,0
1023,Christopher Bonsu Baah,GHA,FW,0,0,0,0,0,0,0,0,0,0
1023,Garven Metusala,HAI,DF,0,0,0,0,0,0,0,0,0,0
1023,Joel Waterman,CAN,DF,0,0,0,0,0,0,0,0,0,0
1023,Sipho Chaine,RSA,GK,0,0,0,0,0,0,0,0,0,0
1023,Parfait Guiagon,CIV,MF,0,0,0,0,0,0,0,0,0,0
1023,Rayan Elloumi,TUN,FW,0,0,0,0,0,0,0,0,0,0
1023,Baba Rahman,GHA,DF,0,0,0,0,0,0,0,0,0,0
1023,Evan Ndicka,CIV,DF,0,0,0,0,0,0,0,0,0,0
1023,Sander Tangvik,NOR,GK,0,0,0,0,0,0,0,0,0,0
1023,Oliver Baumann,GER,GK,0,0,0,0,0,0,0,0,0,0
1023,Marcus Thuram,FRA,FW,0,0,0,0,0,0,0,0,0,0
1023,Goncalo Guedes,POR,FW,0,0,0,0,0,0,0,0,0,0
1023,Koni De Winter,BEL,DF,0,0,0,0,0,0,0,0,0,0
1023,Assan Ouedraogo,GER,MF,0,0,0,0,0,0,0,0,0,0
1023,Florian Wiegele,AUT,GK,0,0,0,0,0,0,0,0,0,0
1023,Goncalo Inacio,POR,DF,0,0,0,0,0,0,0,0,0,0
1023,Dominik Kotarski,CRO,GK,0,0,0,0,0,0,0,0,0,0
1023,Patrick Pentz,AUT,GK,0,0,0,0,0,0,0,0,0,0
1023,Ivor Pandur,CRO,GK,0,0,0,0,0,0,0,0,0,0
1023,Nikola Moro,CRO,MF,0,0,0,0,0,0,0,0,0,0
1023,Mats Wieffer,NED,DF,0,0,0,0,0,0,0,0,0,0
1023,Toni Fruk,CRO,MF,0,0,0,0,0,0,0,0,0,0
1023,Mark Flekken,NED,GK,0,0,0,0,0,0,0,0,0,0
1023,Ngolo Kante,FRA,MF,0,0,0,0,0,0,0,0,0,0
1023,Kristijan Jakic,CRO,DF,0,0,0,0,0,0,0,0,0,0
1023,Alexander Nuebel,GER,GK,0,0,0,0,0,0,0,0,0,0
1023,Trevoh Chalobah,ENG,DF,0,0,0,0,0,0,0,0,0,0
1023,Martin Erlic,CRO,DF,0,0,0,0,0,0,0,0,0,0
1023,David Affengruber,AUT,DF,0,0,0,0,0,0,0,0,0,0
1023,Zeno Debast,BEL,DF,0,0,0,0,0,0,0,0,0,0
1023,Lucas Hernandez,FRA,DF,0,0,0,0,0,0,0,0,0,0
1023,Mike Penders,BEL,GK,0,0,0,0,0,0,0,0,0,0
1023,Kobbie Mainoo,ENG,MF,0,0,0,0,0,0,0,0,0,0
1023,Brice Samba,FRA,GK,0,0,0,0,0,0,0,0,0,0
1023,Rui Silva,POR,GK,0,0,0,0,0,0,0,0,0,0
1023,Lutsharel Geertruida,NED,DF,0,0,0,0,0,0,0,0,0,0
1023,Jose Sa,POR,GK,0,0,0,0,0,0,0,0,0,0
1023,James Trafford,ENG,GK,0,0,0,0,0,0,0,0,0,0
1023,Alessandro Schoepf,AUT,MF,0,0,0,0,0,0,0,0,0,0
1023,Robin Risser,FRA,GK,0,0,0,0,0,0,0,0,0,0
1023,Robin Roefs,NED,GK,0,0,0,0,0,0,0,0,0,0
1023,Duje Caleta Car,CRO,DF,0,0,0,0,0,0,0,0,0,0
1023,Michael Svoboda,AUT,DF,0,0,0,0,0,0,0,0,0,0
1023,Dejan Ljubicic,AUT,MF,0,0,0,0,0,0,0,0,0,0
1023,Craig Gordon,SCO,GK,0,0,0,0,0,0,0,0,0,0
1023,Giorgian De Arrascaeta,URU,MF,0,0,0,0,0,0,0,0,0,0
1023,Emiliano Martinez,URU,MF,0,0,0,0,0,0,0,0,0,0
1023,Alvaro Montero,COL,GK,0,0,0,0,0,0,0,0,0,0
1023,Edgardo Farina,PAN,DF,0,0,0,0,0,0,0,0,0,0
1023,Juan Musso,ARG,GK,0,0,0,0,0,0,0,0,0,0
1023,Roderick Miller,PAN,DF,0,0,0,0,0,0,0,0,0,0
1023,Leo Pereira,BRA,DF,0,0,0,0,0,0,0,0,0,0
1023,Joaquin Piquerez,URU,MF,0,0,0,0,0,0,0,0,0,0
1023,Jose Maria Gimenez,URU,DF,0,0,0,0,0,0,0,0,0,0
1023,Cesar Samudio,PAN,GK,0,0,0,0,0,0,0,0,0,0
1023,Gatito Fernandez,PAR,GK,0,0,0,0,0,0,0,0,0,0
1023,David Ospina,COL,GK,0,0,0,0,0,0,0,0,0,0
1023,Santiago Mele,URU,GK,0,0,0,0,0,0,0,0,0,0
1023,Santiago Bueno,URU,DF,0,0,0,0,0,0,0,0,0,0
1023,Moises Ramirez,ECU,GK,0,0,0,0,0,0,0,0,0,0
1023,Chris Brady,USA,GK,0,0,0,0,0,0,0,0,0,0
1023,Facundo Pellistri,URU,FW,0,0,0,0,0,0,0,0,0,0
1023,Gonzalo Valle,ECU,GK,0,0,0,0,0,0,0,0,0,0
1023,Luis Mejia,PAN,GK,0,0,0,0,0,0,0,0,0,0
1023,Cesar Yanis,PAN,MF,0,0,0,0,0,0,0,0,0,0
1023,Max Arfsten,USA,DF,0,0,0,0,0,0,0,0,0,0
1023,Juan Portilla,COL,MF,0,0,0,0,0,0,0,0,0,0
1023,Ronald Araujo,URU,DF,0,0,0,0,0,0,0,0,0,0
1023,Weverton,BRA,GK,0,0,0,0,0,0,0,0,0,0
1023,Denil Castillo,ECU,MF,0,0,0,0,0,0,0,0,0,0
1023,Carlos Acevedo,MEX,GK,0,0,0,0,0,0,0,0,0,0
1023,Rodrigo Zalazar,URU,MF,0,0,0,0,0,0,0,0,0,0
1023,Geronimo Rulli,ARG,GK,0,0,0,0,0,0,0,0,0,0
1023,Keeto Thermoncy,HAI,DF,0,0,0,0,0,0,0,0,0,0
1023,Jeremy Arevalo,ECU,FW,0,0,0,0,0,0,0,0,0,0
1023,Cristian Roldan,USA,MF,0,0,0,0,0,0,0,0,0,0
1023,Gaston Olveira,PAR,GK,0,0,0,0,0,0,0,0,0,0
1023,Ederson,BRA,GK,0,0,0,0,0,0,0,0,0,0
1023,Adalberto Carrasquilla,PAN,MF,0,0,0,0,0,0,0,0,0,0
1023,Felix Torres,ECU,DF,0,0,0,0,0,0,0,0,0,0
1023,Andres Gomez,COL,FW,0,0,0,0,0,0,0,0,0,0
1023,Anthony Valencia,ECU,MF,0,0,0,0,0,0,0,0,0,0
1023,Willer Ditta,COL,DF,0,0,0,0,0,0,0,0,0,0
1023,Fabian Balbuena,PAR,DF,0,0,0,0,0,0,0,0,0,0
1023,Bremer,BRA,DF,0,0,0,0,0,0,0,0,0,0
1023,Jorge Carrascal,COL,MF,0,0,0,0,0,0,0,0,0,0
1023,Martin Zlomislic,BIH,GK,0,0,0,0,0,0,0,0,0,0
1023,Tyrick Bodak,CUW,GK,0,0,0,0,0,0,0,0,0,0
1023,Arjany Martha,CUW,MF,0,0,0,0,0,0,0,0,0,0
1023,Mladen Jurkas,BIH,GK,0,0,0,0,0,0,0,0,0,0
1023,Kevin Felida,CUW,MF,0,0,0,0,0,0,0,0,0,0
1023,Trevor Doornbusch,CUW,GK,0,0,0,0,0,0,0,0,0,0
