Rank,Name,Nationality,Position,Assists,Attempts On Target,Attempts At Goal,Attempts At Goal Conv.Rate (%),Attempts Inside Penalty Area,Attempts Outside Penalty Area,Headed Attempts At Goal,xG,xG Efficiency,Corners
1,Michael Olise,FRA,FW,7,5,20,0,10,10,0,2.34,0.0,25
2,Martin Odegaard,NOR,MF,4,3,9,0,5,4,0,0.72,0.0,12
2,Kylian Mbappe,FRA,FW,4,23,41,24,27,14,0,6.54,1.53,5
2,Brahim Diaz,MAR,FW,4,1,6,0,4,2,0,0.31,0.0,1
2,Bruno Guimaraes,BRA,MF,4,2,8,0,5,3,1,1.02,0.0,8
2,Lionel Messi,ARG,FW,4,19,35,23,16,19,0,6.18,1.29,38
7,Roberto Alvarado,MEX,FW,3,0,5,0,2,3,0,0.28,0.0,14
7,Anthony Gordon,ENG,FW,3,4,6,17,6,0,2,0.7,1.43,0
7,Florian Wirtz,GER,MF,3,1,10,0,5,5,0,0.97,0.0,5
7,Andreas Schjelderup,NOR,MF,3,2,3,33,3,0,0,0.2,5.12,0
7,Bukayo Saka,ENG,FW,3,7,13,23,11,2,1,1.72,1.74,5
7,Alexander Isak,SWE,FW,3,6,8,13,5,3,1,0.68,1.48,0
13,Chris Wood,NZL,FW,2,2,5,0,3,2,2,0.47,0.0,0
13,Johan Manzambi,SUI,MF,2,3,6,50,4,2,0,0.63,4.73,0
13,Breel Embolo,SUI,FW,2,5,10,20,8,2,2,2.58,0.78,0
13,Dani Olmo,ESP,FW,2,2,13,0,7,6,2,1.16,0.0,0
13,Marc Cucurella,ESP,DF,2,3,5,0,3,2,1,0.35,0.0,0
13,Viktor Gyokeres,SWE,FW,2,6,12,8,9,3,0,1.39,0.72,0
13,Nicolas Raskin,BEL,MF,2,1,2,0,2,0,1,0.13,0.0,0
13,Patrick Berg,NOR,MF,2,0,3,0,0,3,0,0.29,0.0,10
13,Joshua Kimmich,GER,DF,2,1,5,0,1,4,0,0.15,0.0,15
13,Hans Vanaken,BEL,MF,2,1,5,20,4,1,0,0.64,1.56,0
13,Leandro Trossard,BEL,FW,2,4,17,12,10,7,0,1.67,1.2,0
13,Deniz Undav,GER,FW,2,4,6,50,5,1,0,1.43,2.1,0
13,Crysencio Summerville,NED,FW,2,2,2,100,1,1,0,0.16,12.33,3
13,Ryan Gravenberch,NED,MF,2,0,5,0,2,3,0,0.25,0.0,0
13,Ousmane Dembele,FRA,FW,2,10,20,30,13,7,1,2.1,2.86,17
13,Denzel Dumfries,NED,DF,2,2,5,0,4,1,2,0.44,0.0,0
13,Declan Rice,ENG,MF,2,3,6,17,3,3,1,0.31,3.23,30
13,Houssem Aouar,ALG,MF,2,1,3,0,1,2,0,0.24,0.0,0
13,Julio Enciso,PAR,FW,2,1,8,13,6,2,1,0.74,1.36,2
13,Nathan Saliba,CAN,MF,2,1,3,33,1,2,1,0.3,3.36,0
13,Achraf Hakimi,MAR,DF,2,4,14,7,6,8,0,0.96,1.04,21
13,Hannibal Mejbri,TUN,MF,2,1,3,0,0,3,0,0.06,0.0,4
13,Mohamed Salah,EGY,FW,2,4,9,11,7,2,1,0.95,1.05,15
13,Iliman Ndiaye,SEN,FW,2,2,3,33,2,1,0,0.21,4.76,0
37,Mohamed Hany,EGY,DF,1,0,4,0,0,4,0,0.09,0.0,0
37,Mostafa Zico,EGY,MF,1,3,8,25,7,1,2,1.1,1.82,0
37,Wilfried Singo,CIV,DF,1,0,2,0,2,0,0,0.14,0.0,0
37,Sadio Mane,SEN,FW,1,3,6,0,4,2,0,0.58,0.0,1
37,Ernest Nuamah,GHA,FW,1,0,0,0,0,0,0,0.0,0.0,0
37,Chadi Riad,MAR,DF,1,0,1,0,1,0,1,0.12,0.0,0
37,Promise David,CAN,FW,1,3,5,20,3,2,1,0.75,1.34,0
37,Moussa Niakhate,SEN,DF,1,0,1,0,1,0,1,0.06,0.0,0
37,Jean Kevin Duverne,HAI,DF,1,0,1,0,1,0,0,0.03,0.0,0
37,Nicolas Jackson,SEN,FW,1,3,7,0,6,1,2,0.56,0.0,0
37,Ismaila Sarr,SEN,FW,1,6,17,24,15,2,2,3.68,1.09,0
37,Nicolas Pepe,CIV,FW,1,3,6,33,5,1,0,1.42,1.41,6
37,Soufiane Rahimi,MAR,FW,1,4,6,33,5,1,2,1.59,1.26,0
37,Chemsdine Talbi,MAR,MF,1,0,2,0,1,1,0,0.05,0.0,0
37,Haissem Hassan,EGY,FW,1,0,1,0,1,0,0,0.09,0.0,0
37,Lamine Camara,SEN,MF,1,0,3,0,0,3,0,0.14,0.0,5
37,Abdoulaye Seck,SEN,DF,1,0,2,0,1,1,1,0.05,0.0,0
37,Karim Hafez,EGY,DF,1,0,1,0,0,1,0,0.01,0.0,0
37,Yan Diomande,CIV,FW,1,0,4,0,3,1,1,0.26,0.0,11
37,Tshepang Moremi,RSA,FW,1,0,0,0,0,0,0,0.0,0.0,0
37,Trezeguet,EGY,FW,1,3,8,13,6,2,3,0.71,1.4,0
37,Pape Gueye,SEN,MF,1,3,8,25,1,7,0,0.37,5.4,0
37,Marawan Attia,EGY,MF,1,1,4,0,1,3,0,0.05,0.0,0
37,Yannick Semedo,CPV,MF,1,0,1,0,0,1,0,0.01,0.0,2
37,Brandon Thomas Asante,GHA,FW,1,0,0,0,0,0,0,0.0,0.0,0
37,Ibrahim Sangare,CIV,MF,1,0,1,0,0,1,0,0.0,0.0,0
37,Hwang Inbeom,KOR,MF,1,2,4,25,2,2,0,0.37,2.74,0
37,Riyad Mahrez,ALG,FW,1,3,6,33,4,2,0,1.49,1.34,5
37,Takefusa Kubo,JPN,MF,1,0,1,0,0,1,0,0.01,0.0,0
37,Amir Alammari,IRQ,MF,1,0,0,0,0,0,0,0.0,0.0,3
37,Ryan Mendes,CPV,FW,1,0,6,0,3,3,0,0.07,0.0,0
37,Ayase Ueda,JPN,FW,1,4,9,22,5,4,2,0.63,3.15,0
37,Ritsu Doan,JPN,MF,1,0,1,0,0,1,0,0.02,0.0,1
37,Arthur Masuaku,COD,DF,1,0,0,0,0,0,0,0.0,0.0,6
37,Noor Alrawabdeh,JOR,MF,1,0,1,0,0,1,0,0.03,0.0,0
37,Kou Itakura,JPN,DF,1,0,0,0,0,0,0,0.0,0.0,0
37,Ramin Rezaeian,IRN,DF,1,2,4,50,4,0,0,0.97,2.06,7
37,Ehsan Haddad,JOR,DF,1,0,1,0,1,0,0,0.03,0.0,0
37,Kaishu Sano,JPN,MF,1,1,1,100,0,1,0,0.09,11.52,0
37,Lee Kangin,KOR,MF,1,1,4,0,1,3,0,0.15,0.0,9
37,Chancel Mbemba,COD,DF,1,0,1,0,1,0,0,0.05,0.0,0
37,Keito Nakamura,JPN,MF,1,2,5,20,2,3,0,0.17,5.98,0
37,Koki Ogawa,JPN,FW,1,0,3,0,3,0,2,0.22,0.0,0
37,Edmilson Junior,QAT,FW,1,2,3,0,3,0,0,0.43,0.0,0
37,Mousa Altamari,JOR,FW,1,3,8,13,4,4,0,1.13,0.89,0
37,Meschack Elia,COD,FW,1,2,2,0,0,2,0,0.05,0.0,0
37,Ferran Torres,ESP,FW,1,4,14,7,13,1,5,2.72,0.37,0
37,Alexandr Sojka,CZE,MF,1,0,0,0,0,0,0,0.0,0.0,1
37,Baris Alper Yilmaz,TUR,FW,1,0,1,100,0,1,0,0.06,16.87,0
37,Ruben Vargas,SUI,FW,1,4,6,33,4,2,0,1.31,1.53,11
37,Dennis Hadzikadunic,BIH,DF,1,0,0,0,0,0,0,0.0,0.0,0
37,Vladimir Coufal,CZE,DF,1,0,1,0,1,0,1,0.02,0.0,9
37,Tim Payne,NZL,DF,1,0,1,0,0,1,0,0.02,0.0,3
37,Orkun Kokcu,TUR,MF,1,0,3,0,2,1,0,0.56,0.0,2
37,Ricardo Rodriguez,SUI,DF,1,0,1,0,0,1,0,0.02,0.0,4
37,Lucas Bergvall,SWE,MF,1,0,2,0,2,0,1,0.68,0.0,0
37,Ivan Basic,BIH,MF,1,0,4,0,0,4,0,0.15,0.0,5
37,Paul Okon Engstler,AUS,MF,1,0,0,0,0,0,0,0.0,0.0,1
37,Aymeric Laporte,ESP,DF,1,2,5,0,3,2,3,0.36,0.0,0
37,Alex Baena,ESP,MF,1,5,12,8,4,8,0,0.5,2.0,28
37,Sead Kolasinac,BIH,DF,1,0,0,0,0,0,0,0.0,0.0,0
37,Akmal Mozgovoy,UZB,MF,1,0,1,0,1,0,0,0.08,0.0,0
37,Marcos Llorente,ESP,DF,1,0,0,0,0,0,0,0.0,0.0,0
37,Mikel Oyarzabal,ESP,FW,1,12,23,22,16,7,5,4.33,1.14,0
37,Nico Williams,ESP,FW,1,2,4,0,2,2,1,0.56,0.0,3
37,Charles De Ketelaere,BEL,FW,1,5,6,50,6,0,3,1.51,1.98,0
37,Marcus Rashford,ENG,FW,1,5,12,8,9,3,2,1.03,0.97,0
37,Timothy Castagne,BEL,DF,1,1,3,0,2,1,1,0.14,0.0,0
37,Virgil Van Dijk,NED,DF,1,2,2,50,2,0,2,0.14,7.26,0
37,Elliot Anderson,ENG,MF,1,1,7,0,3,4,2,0.38,0.0,3
37,Romelu Lukaku,BEL,FW,1,3,6,50,6,0,2,0.77,3.91,0
37,Adrien Rabiot,FRA,MF,1,1,9,0,4,5,2,0.96,0.0,0
37,Jude Bellingham,ENG,MF,1,13,19,37,16,3,4,3.92,1.79,0
37,Josip Stanisic,CRO,DF,1,0,0,0,0,0,0,0.0,0.0,0
37,Ivan Perisic,CRO,FW,1,2,2,50,2,0,1,0.32,3.15,2
37,Nathaniel Brown,GER,DF,1,2,3,33,3,0,0,0.21,4.87,11
37,Luka Modric,CRO,MF,1,0,1,0,1,0,1,0.05,0.0,7
37,Thomas Meunier,BEL,DF,1,1,2,0,1,1,0,0.11,0.0,0
37,Bradley Barcola,FRA,FW,1,5,10,30,7,3,1,1.99,1.51,0
37,Desire Doue,FRA,FW,1,8,13,8,4,9,1,0.71,1.41,2
37,Harry Kane,ENG,FW,1,11,23,26,18,5,5,3.69,1.63,0
37,Xaver Schlager,AUT,MF,1,0,1,0,0,1,0,0.02,0.0,0
37,Cody Gakpo,NED,FW,1,6,10,30,8,2,2,1.35,2.23,1
37,Morgan Rogers,ENG,MF,1,1,3,0,1,2,0,0.13,0.0,0
37,Konrad Laimer,AUT,MF,1,0,1,0,0,1,0,0.01,0.0,0
37,Memphis Depay,NED,FW,1,0,0,0,0,0,0,0.0,0.0,1
37,David Moller Wolfe,NOR,DF,1,0,0,0,0,0,0,0.0,0.0,0
37,Aurelien Tchouameni,FRA,MF,1,0,3,0,1,2,0,0.11,0.0,0
37,Dayot Upamecano,FRA,DF,1,2,4,0,3,1,2,0.54,0.0,0
37,Rafael Leao,POR,FW,1,1,4,25,3,1,0,0.33,3.07,3
37,Joao Cancelo,POR,DF,1,0,3,0,1,2,0,0.06,0.0,1
37,Bruno Fernandes,POR,MF,1,3,9,0,5,4,0,0.95,0.0,8
37,Tijjani Reijnders,NED,MF,1,2,4,0,3,1,0,0.48,0.0,10
37,Eberechi Eze,ENG,MF,1,0,5,0,2,3,0,0.28,0.0,1
37,Pedro Neto,POR,FW,1,0,1,0,0,1,0,0.0,0.0,0
37,Felix Nmecha,GER,MF,1,3,8,13,3,5,0,0.49,2.04,0
37,Mateo Kovacic,CRO,MF,1,4,5,0,1,4,0,0.46,0.0,0
37,Nadiem Amiri,GER,MF,1,1,2,0,1,1,0,0.26,0.0,0
37,Michael Gregoritsch,AUT,FW,1,0,1,0,1,0,1,0.18,0.0,0
37,Petar Sucic,CRO,MF,1,2,3,33,1,2,0,0.14,7.07,0
37,Lautaro Martinez,ARG,FW,1,4,10,30,9,1,2,2.17,1.38,0
37,Luis Romo,MEX,MF,1,1,3,33,1,2,0,0.1,10.05,0
37,Nico Gonzalez,ARG,MF,1,1,7,0,7,0,4,0.48,0.0,0
37,Christian Pulisic,USA,FW,1,2,4,0,2,2,0,0.42,0.0,1
37,Kevin Rodriguez,ECU,FW,1,1,6,0,6,0,2,0.68,0.0,0
37,Gabriel Magalhaes,BRA,DF,1,0,1,0,1,0,0,0.03,0.0,0
37,Pedro Vite,ECU,MF,1,1,4,0,1,3,0,0.23,0.0,2
37,Rodrigo De Paul,ARG,MF,1,1,2,0,0,2,0,0.06,0.0,1
37,Rayan,BRA,FW,1,2,5,0,3,2,1,0.76,0.0,1
37,Gonzalo Montiel,ARG,DF,1,0,1,0,1,0,0,0.15,0.0,0
37,Facundo Medina,ARG,DF,1,0,0,0,0,0,0,0.0,0.0,0
37,Alexis Mac Allister,ARG,MF,1,4,13,8,10,3,9,1.92,0.52,0
37,Vinicius Junior,BRA,FW,1,11,17,24,14,3,1,3.24,1.23,2
37,Jose Manuel Lopez,ARG,FW,1,0,1,0,1,0,0,0.04,0.0,0
37,Lisandro Martinez,ARG,DF,1,2,4,25,2,2,0,0.2,5.09,0
37,Luis Diaz,COL,FW,1,7,19,5,15,4,0,1.47,0.68,3
37,Jorge Sanchez,MEX,DF,1,1,1,0,1,0,0,0.04,0.0,0
37,Luis Suarez,COL,FW,1,0,9,0,7,2,2,0.96,0.0,0
37,Maxi Araujo,URU,MF,1,3,4,50,3,1,2,1.09,1.83,10
37,Matias Galarza,PAR,MF,1,1,2,50,0,2,0,0.07,13.75,0
37,Malik Tillman,USA,MF,1,4,8,25,5,3,0,0.73,2.75,10
37,Alex Freeman,USA,DF,1,1,4,25,4,0,3,0.78,1.28,0
37,Lucas Paqueta,BRA,MF,1,1,5,0,2,3,1,0.24,0.0,1
37,Erik Lira,MEX,MF,1,0,0,0,0,0,0,0.0,0.0,0
37,David Alaba,AUT,DF,1,0,2,0,0,2,0,0.02,0.0,1
37,Cucho Hernandez,COL,FW,1,0,1,0,1,0,1,0.04,0.0,0
37,Julian Quinones,MEX,FW,1,6,14,29,8,6,2,2.27,1.76,0
37,Juan Quintero,COL,MF,1,0,4,0,0,4,0,0.13,0.0,6
37,Gustavo Puerta,COL,DF,1,5,14,0,3,11,0,0.53,0.0,0
37,Sebastian Berhalter,USA,MF,1,1,3,33,0,3,0,0.1,10.14,12
167,Matias Vina,URU,DF,0,0,0,0,0,0,0,0.0,0.0,0
167,Ronald Araujo,URU,DF,0,0,0,0,0,0,0,0.0,0.0,0
167,Brenden Aaronson,USA,FW,0,1,3,0,3,0,0,0.46,0.0,0
167,Casemiro,BRA,MF,0,2,4,25,2,2,2,0.66,1.51,0
167,Kevin Castano,COL,MF,0,0,0,0,0,0,0,0.0,0.0,0
167,Exequiel Palacios,ARG,MF,0,0,0,0,0,0,0,0.0,0.0,0
167,Nicolas Tagliafico,ARG,DF,0,0,0,0,0,0,0,0.0,0.0,0
167,Emiliano Martinez,ARG,GK,0,0,0,0,0,0,0,0.0,0.0,0
167,Timothy Weah,USA,FW,0,0,2,0,1,1,0,0.05,0.0,0
167,Antonio Sanabria,PAR,FW,0,0,0,0,0,0,0,0.0,0.0,0
167,Miles Robinson,USA,DF,0,0,1,0,1,0,1,0.06,0.0,0
167,Leandro Paredes,ARG,MF,0,1,4,0,0,4,0,0.07,0.0,1
167,Jose Canale,PAR,DF,0,0,0,0,0,0,0,0.0,0.0,0
167,Brian Rodriguez,URU,FW,0,1,3,0,1,2,0,0.22,0.0,10
167,Antonee Robinson,USA,DF,0,0,0,0,0,0,0,0.0,0.0,3
167,Jordy Alcivar,ECU,MF,0,0,1,0,1,0,0,0.04,0.0,0
167,Edgar Yoel Barcenas,PAN,MF,0,0,2,0,0,2,0,0.05,0.0,3
167,Juan Portilla,COL,MF,0,0,0,0,0,0,0,0.0,0.0,0
167,Fabinho,BRA,MF,0,0,1,0,1,0,1,0.02,0.0,0
167,Miguel Almiron,PAR,MF,0,0,4,0,1,3,0,0.11,0.0,2
167,Fernando Muslera,URU,GK,0,0,0,0,0,0,0,0.0,0.0,0
167,Sergio Rochet,URU,GK,0,0,0,0,0,0,0,0.0,0.0,0
167,Danilo Santos,BRA,MF,0,1,2,0,2,0,1,0.19,0.0,0
167,Jhon Arias,COL,MF,0,4,9,11,7,2,0,0.94,1.07,4
167,Denil Castillo,ECU,MF,0,0,0,0,0,0,0,0.0,0.0,0
167,Juan Manuel Sanabria,URU,MF,0,0,3,0,2,1,0,0.09,0.0,0
167,Ricardo Pepi,USA,FW,0,0,5,0,5,0,2,0.38,0.0,0
167,Gabriel Avalos,PAR,FW,0,0,1,0,1,0,0,0.05,0.0,0
167,Cristian Roldan,USA,MF,0,0,0,0,0,0,0,0.0,0.0,0
167,Giorgian De Arrascaeta,URU,MF,0,0,0,0,0,0,0,0.0,0.0,0
167,Nahuel Molina,ARG,DF,0,0,1,0,0,1,0,0.02,0.0,0
167,Fidel Escobar,PAN,DF,0,0,0,0,0,0,0,0.0,0.0,0
167,Ramon Sosa,PAR,MF,0,0,0,0,0,0,0,0.0,0.0,0
167,Tyler Adams,USA,MF,0,0,0,0,0,0,0,0.0,0.0,0
167,Gaston Olveira,PAR,GK,0,0,0,0,0,0,0,0.0,0.0,0
167,Bremer,BRA,DF,0,0,0,0,0,0,0,0.0,0.0,0
167,Gonzalo Valle,ECU,GK,0,0,0,0,0,0,0,0.0,0.0,0
167,Rodrigo Aguirre,URU,FW,0,0,0,0,0,0,0,0.0,0.0,0
167,Raphinha,BRA,FW,0,2,3,0,1,2,0,0.34,0.0,7
167,Felix Torres,ECU,DF,0,0,0,0,0,0,0,0.0,0.0,0
167,Cesar Huerta,MEX,FW,0,0,0,0,0,0,0,0.0,0.0,0
167,Alex Sandro,BRA,DF,0,0,0,0,0,0,0,0.0,0.0,0
167,Alisson,BRA,GK,0,0,0,0,0,0,0,0.0,0.0,0
167,Carlos Acevedo,MEX,GK,0,0,0,0,0,0,0,0.0,0.0,0
167,Rodrigo Bentancur,URU,MF,0,0,4,0,3,1,3,0.32,0.0,0
167,Weston Mckennie,USA,MF,0,1,5,0,4,1,2,0.6,0.0,0
167,Chris Richards,USA,DF,0,0,1,0,1,0,1,0.06,0.0,0
167,Nicolas Otamendi,ARG,DF,0,0,1,0,1,0,1,0.07,0.0,0
167,Gonzalo Plata,ECU,FW,0,5,8,13,4,4,1,1.16,0.86,4
167,Alvaro Fidalgo,MEX,MF,0,2,3,33,2,1,0,0.35,2.85,0
167,Roger Ibanez,BRA,DF,0,0,0,0,0,0,0,0.0,0.0,0
167,Santiago Gimenez,MEX,FW,0,1,2,0,2,0,0,0.34,0.0,0
167,Alan Minda,ECU,MF,0,0,2,0,1,1,0,0.44,0.0,0
167,Cristian Martinez,PAN,MF,0,0,1,0,1,0,0,0.24,0.0,4
167,Raul Jimenez,MEX,FW,0,7,18,17,13,5,7,3.0,1.0,0
167,Agustin Canobbio,URU,MF,0,1,4,25,4,0,1,0.75,1.33,0
167,Andres Cubas,PAR,MF,0,0,1,0,0,1,0,0.02,0.0,0
167,Joe Scally,USA,DF,0,0,0,0,0,0,0,0.0,0.0,0
167,Angelo Preciado,ECU,DF,0,0,0,0,0,0,0,0.0,0.0,0
167,Neymar Jr,BRA,FW,0,2,3,33,3,0,0,0.82,1.22,5
167,Eric Davis,PAN,DF,0,0,1,0,0,1,0,0.0,0.0,2
167,Mauricio,PAR,MF,0,3,4,25,2,2,0,0.32,3.12,5
167,Jose Cordoba,PAN,DF,0,0,0,0,0,0,0,0.0,0.0,0
167,Alex Zendejas,USA,FW,0,0,1,0,1,0,0,0.0,0.0,0
167,Raul Rangel,MEX,GK,0,0,0,0,0,0,0,0.0,0.0,0
167,Giuliano Simeone,ARG,FW,0,0,1,0,1,0,0,0.05,0.0,0
167,Mateo Chavez,MEX,DF,0,1,1,100,1,0,0,0.49,2.04,0
167,Piero Hincapie,ECU,DF,0,0,3,0,3,0,3,0.4,0.0,1
167,Orlando Gill,PAR,GK,0,0,0,0,0,0,0,0.0,0.0,0
167,Carlos Harvey,PAN,DF,0,0,5,0,4,1,2,0.29,0.0,0
167,Josue Casimir,HAI,FW,0,0,1,0,0,1,0,0.01,0.0,0
167,Moises Ramirez,ECU,GK,0,0,0,0,0,0,0,0.0,0.0,0
167,John Yeboah,ECU,FW,0,3,8,0,4,4,0,0.72,0.0,3
167,Daniel Munoz,COL,DF,0,2,3,67,3,0,0,0.64,3.11,0
167,Isidro Pitta,PAR,FW,0,0,0,0,0,0,0,0.0,0.0,0
167,Tomas Rodriguez,PAN,FW,0,1,1,0,0,1,0,0.06,0.0,0
167,Guillermo Varela,URU,DF,0,0,2,0,0,2,0,0.01,0.0,0
167,Cecilio Waterman,PAN,FW,0,1,2,0,2,0,0,0.05,0.0,0
167,Giovanni Reyna,USA,MF,0,1,2,50,2,0,0,0.22,4.61,0
167,Obed Vargas,MEX,MF,0,1,1,0,0,1,0,0.02,0.0,0
167,Santiago Mele,URU,GK,0,0,0,0,0,0,0,0.0,0.0,0
167,Igor Thiago,BRA,FW,0,1,2,0,2,0,1,0.4,0.0,0
167,Jaminton Campaz,COL,FW,0,3,6,17,3,3,1,0.64,1.56,0
167,Thiago Almada,ARG,FW,0,2,5,0,2,3,0,0.25,0.0,0
167,Alexis Vega,MEX,FW,0,0,0,0,0,0,0,0.0,0.0,0
167,Valentin Barco,ARG,MF,0,0,0,0,0,0,0,0.0,0.0,0
167,Jorge Gutierrez,PAN,DF,0,0,0,0,0,0,0,0.0,0.0,0
167,Camilo Vargas,COL,GK,0,0,0,0,0,0,0,0.0,0.0,0
167,Cesar Montes,MEX,DF,0,1,1,0,1,0,1,0.06,0.0,0
167,Joaquin Piquerez,URU,MF,0,0,0,0,0,0,0,0.0,0.0,0
167,Giovani Lo Celso,ARG,MF,0,1,1,100,0,1,0,0.15,6.61,1
167,Gustavo Velazquez,PAR,DF,0,0,0,0,0,0,0,0.0,0.0,0
167,Andres Andrade,PAN,DF,0,0,0,0,0,0,0,0.0,0.0,0
167,Facundo Pellistri,URU,FW,0,0,0,0,0,0,0,0.0,0.0,0
167,Gilberto Mora,MEX,MF,0,0,5,0,3,2,0,0.13,0.0,2
167,Ederson Silva,BRA,MF,0,0,2,0,1,1,0,0.34,0.0,0
167,Mark Mckenzie,USA,DF,0,0,0,0,0,0,0,0.0,0.0,0
167,Guillermo Ochoa,MEX,GK,0,0,0,0,0,0,0,0.0,0.0,0
167,Gustavo Caballero,PAR,MF,0,1,1,0,1,0,1,0.07,0.0,0
167,Orlando Mosquera,PAN,GK,0,0,0,0,0,0,0,0.0,0.0,0
167,Matheus Cunha,BRA,FW,0,4,10,30,5,5,1,1.21,2.49,3
167,Cesar Blackman,PAN,DF,0,1,2,0,2,0,0,0.08,0.0,0
167,Manuel Ugarte,URU,MF,0,1,3,0,0,3,0,0.09,0.0,0
167,Moises Caicedo,ECU,MF,0,1,4,0,1,3,1,0.19,0.0,8
167,Mathias Olivera,URU,DF,0,0,1,0,1,0,1,0.05,0.0,0
167,Luis Chavez,MEX,MF,0,0,0,0,0,0,0,0.0,0.0,0
167,Santiago Arias,COL,DF,0,0,0,0,0,0,0,0.0,0.0,0
167,Douglas Santos,BRA,DF,0,0,2,0,2,0,0,0.2,0.0,0
167,Alex Arce,PAR,FW,0,0,0,0,0,0,0,0.0,0.0,0
167,Cesar Yanis,PAN,MF,0,0,0,0,0,0,0,0.0,0.0,0
167,Enner Valencia,ECU,FW,0,6,10,0,9,1,2,1.53,0.0,0
167,Julian Alvarez,ARG,FW,0,5,11,9,7,4,0,1.39,0.72,0
167,Nico Paz,ARG,FW,0,0,1,0,0,1,0,0.08,0.0,0
167,Nicolas De La Cruz,URU,MF,0,2,4,0,1,3,0,0.11,0.0,4
167,Jackson Porozo,ECU,DF,0,0,0,0,0,0,0,0.0,0.0,0
167,Federico Vinas,URU,FW,0,3,6,0,6,0,5,0.39,0.0,0
167,Edson Alvarez,MEX,DF,0,0,2,0,1,1,1,0.19,0.0,0
167,Juan Jose Caceres,PAR,DF,0,1,2,0,1,1,0,0.07,0.0,0
167,Alan Franco,ECU,MF,0,0,0,0,0,0,0,0.0,0.0,0
167,Marko Arnautovic,AUT,FW,0,3,3,67,3,0,0,1.31,1.53,0
167,Jose Maria Gimenez,URU,DF,0,0,0,0,0,0,0,0.0,0.0,0
167,Cesar Samudio,PAN,GK,0,0,0,0,0,0,0,0.0,0.0,0
167,Johan Mojica,COL,DF,0,2,3,0,1,2,1,0.13,0.0,0
167,Roderick Miller,PAN,DF,0,0,0,0,0,0,0,0.0,0.0,0
167,Marquinhos,BRA,DF,0,0,2,0,2,0,1,0.21,0.0,0
167,Haji Wright,USA,FW,0,0,0,0,0,0,0,0.0,0.0,0
167,Damian Bobadilla,PAR,MF,0,0,0,0,0,0,0,0.0,0.0,0
167,Azarias Londono,PAN,FW,0,0,1,0,0,1,0,0.01,0.0,0
167,Andres Gomez,COL,FW,0,0,0,0,0,0,0,0.0,0.0,0
167,Hernan Galindez,ECU,GK,0,0,0,0,0,0,0,0.0,0.0,0
167,Endrick,BRA,FW,0,0,3,0,2,1,0,0.68,0.0,0
167,Jorge Carrascal,COL,MF,0,0,0,0,0,0,0,0.0,0.0,0
167,Anthony Valencia,ECU,MF,0,0,0,0,0,0,0,0.0,0.0,0
167,Ismael Diaz,PAN,MF,0,2,6,0,4,2,2,0.39,0.0,0
167,Braian Ojeda,PAR,MF,0,0,0,0,0,0,0,0.0,0.0,0
167,Dominique Simon,HAI,MF,0,1,1,0,0,1,0,0.01,0.0,1
167,Leo Pereira,BRA,DF,0,0,0,0,0,0,0,0.0,0.0,0
167,Jesus Gallardo,MEX,DF,0,0,4,0,2,2,0,0.12,0.0,0
167,Jiovany Ramos,PAN,DF,0,0,2,0,1,1,0,0.15,0.0,0
167,Yassin Fortune,HAI,FW,0,0,0,0,0,0,0,0.0,0.0,0
167,Marcos Senesi,ARG,DF,0,0,2,0,2,0,1,0.84,0.0,0
167,Jefferson Lerma,COL,MF,0,1,5,0,2,3,0,0.24,0.0,0
167,Israel Reyes,MEX,DF,0,0,2,0,2,0,1,0.06,0.0,0
167,Willian Pacho,ECU,DF,0,1,1,0,1,0,1,0.11,0.0,0
167,Armando Gonzalez,MEX,FW,0,0,0,0,0,0,0,0.0,0.0,0
167,Diego Gomez,PAR,MF,0,0,6,0,2,4,0,0.25,0.0,1
167,Edgardo Farina,PAN,DF,0,0,0,0,0,0,0,0.0,0.0,0
167,Tim Ream,USA,DF,0,0,0,0,0,0,0,0.0,0.0,0
167,Auston Trusty,USA,DF,0,2,3,33,3,0,1,0.27,3.7,0
167,Federico Valverde,URU,MF,0,2,10,0,3,7,0,0.5,0.0,2
167,Pervis Estupinan,ECU,DF,0,0,0,0,0,0,0,0.0,0.0,0
167,Anibal Godoy,PAN,MF,0,0,0,0,0,0,0,0.0,0.0,0
167,Luiz Henrique,BRA,FW,0,0,0,0,0,0,0,0.0,0.0,0
167,Danilo,BRA,DF,0,0,1,0,1,0,0,0.04,0.0,0
167,Alejandro Romero Gamarra,PAR,FW,0,0,0,0,0,0,0,0.0,0.0,0
167,Santiago Bueno,URU,DF,0,0,0,0,0,0,0,0.0,0.0,0
167,Alvaro Montero,COL,GK,0,0,0,0,0,0,0,0.0,0.0,0
167,Cristian Romero,ARG,DF,0,2,3,33,3,0,3,0.41,2.45,0
167,Darwin Nunez,URU,FW,0,0,2,0,1,1,1,0.2,0.0,0
167,Junior Alonso,PAR,DF,0,1,3,0,1,2,0,0.2,0.0,0
167,Matt Turner,USA,GK,0,0,0,0,0,0,0,0.0,0.0,0
167,Alberto Quintero,PAN,MF,0,0,0,0,0,0,0,0.0,0.0,0
167,Luis Mejia,PAN,GK,0,0,0,0,0,0,0,0.0,0.0,0
167,Jhon Lucumi,COL,DF,0,0,2,0,2,0,2,0.11,0.0,0
167,Sebastian Caceres,URU,DF,0,0,3,0,2,1,2,0.13,0.0,0
167,Ederson,BRA,GK,0,0,0,0,0,0,0,0.0,0.0,0
167,Alexandro Maidana,PAR,DF,0,0,0,0,0,0,0,0.0,0.0,0
167,Davinson Sanchez,COL,DF,0,2,6,0,5,1,4,0.54,0.0,0
167,Emiliano Martinez,URU,MF,0,0,0,0,0,0,0,0.0,0.0,0
167,Gustavo Gomez,PAR,DF,0,0,2,0,2,0,2,0.07,0.0,0
167,Chris Brady,USA,GK,0,0,0,0,0,0,0,0.0,0.0,0
167,Yaimar Medina,ECU,DF,0,0,1,0,1,0,1,0.04,0.0,0
167,Brian Gutierrez,MEX,MF,0,0,6,0,3,3,0,0.35,0.0,3
167,Fabian Balbuena,PAR,DF,0,0,0,0,0,0,0,0.0,0.0,0
167,Nilson Angulo,ECU,FW,0,2,2,50,0,2,0,0.04,25.98,7
167,Rodrigo Zalazar,URU,MF,0,0,0,0,0,0,0,0.0,0.0,0
167,Richard Rios,COL,MF,0,1,5,0,2,3,1,0.37,0.0,0
167,Jhon Cordoba,COL,FW,0,1,2,0,2,0,1,0.32,0.0,0
167,Matt Freese,USA,GK,0,0,0,0,0,0,0,0.0,0.0,0
167,Joel Ordonez,ECU,DF,0,0,2,0,2,0,1,0.26,0.0,0
167,Adalberto Carrasquilla,PAN,MF,0,0,0,0,0,0,0,0.0,0.0,0
167,Gatito Fernandez,PAR,GK,0,0,0,0,0,0,0,0.0,0.0,0
167,Folarin Balogun,USA,FW,0,5,14,21,14,0,2,2.02,1.49,0
167,Willer Ditta,COL,DF,0,0,0,0,0,0,0,0.0,0.0,0
167,James Rodriguez,COL,MF,0,3,6,0,2,4,0,0.24,0.0,11
167,Johan Vasquez,MEX,DF,0,0,1,0,1,0,1,0.22,0.0,0
167,Weverton,BRA,GK,0,0,0,0,0,0,0,0.0,0.0,0
167,Jose Fajardo,PAN,FW,0,0,1,0,1,0,1,0.25,0.0,0
167,Sergino Dest,USA,DF,0,1,3,0,1,2,0,0.21,0.0,0
167,Jeremy Arevalo,ECU,FW,0,0,0,0,0,0,0,0.0,0.0,0
167,Max Arfsten,USA,DF,0,0,0,0,0,0,0,0.0,0.0,0
167,Deiver Machado,COL,DF,0,0,0,0,0,0,0,0.0,0.0,0
167,Orbelin Pineda,MEX,MF,0,0,1,0,1,0,0,0.09,0.0,0
167,Gabriel Martinelli,BRA,FW,0,1,2,50,1,1,0,0.49,2.04,0
167,Geronimo Rulli,ARG,GK,0,0,0,0,0,0,0,0.0,0.0,0
167,Kendry Paez,ECU,MF,0,0,0,0,0,0,0,0.0,0.0,0
167,Omar Alderete,PAR,DF,0,0,1,0,0,1,0,0.01,0.0,0
167,Jose Luis Rodriguez,PAN,MF,0,1,3,0,1,2,0,0.24,0.0,3
167,Enzo Fernandez,ARG,MF,0,4,12,17,4,8,2,0.9,2.22,0
167,Juan Musso,ARG,GK,0,0,0,0,0,0,0,0.0,0.0,0
167,Guillermo Martinez,MEX,FW,0,0,0,0,0,0,0,0.0,0.0,0
167,Amir Murillo,PAN,DF,0,1,5,0,4,1,0,0.37,0.0,0
167,David Ospina,COL,GK,0,0,0,0,0,0,0,0.0,0.0,0
167,Yerry Mina,COL,DF,0,0,0,0,0,0,0,0.0,0.0,0
167,Jordy Caicedo,ECU,FW,0,0,1,0,1,0,0,0.05,0.0,0
167,Irfan Can Kahveci,TUR,FW,0,0,0,0,0,0,0,0.0,0.0,0
167,Ajdin Hrustic,AUS,FW,0,0,3,0,2,1,0,0.11,0.0,1
167,Gavi,ESP,MF,0,0,1,0,1,0,0,0.01,0.0,0
167,Djibril Sow,SUI,MF,0,1,2,0,1,1,0,0.23,0.0,0
167,Kaan Ayhan,TUR,MF,0,1,1,100,1,0,0,0.68,1.48,0
167,Ivan Sunjic,BIH,MF,0,1,1,0,0,1,0,0.09,0.0,0
167,Utkir Yusupov,UZB,GK,0,0,0,0,0,0,0,0.0,0.0,0
167,Mohamed Toure,AUS,FW,0,1,4,0,4,0,1,0.26,0.0,0
167,Stepan Chaloupek,CZE,DF,0,0,0,0,0,0,0,0.0,0.0,0
167,Botirali Ergashev,UZB,GK,0,0,0,0,0,0,0,0.0,0.0,0
167,Awer Mabil,AUS,FW,0,0,1,0,0,1,0,0.03,0.0,0
167,Mert Gunok,TUR,GK,0,0,0,0,0,0,0,0.0,0.0,0
167,Viktor Johansson,SWE,GK,0,0,0,0,0,0,0,0.0,0.0,0
167,Findlay Curtis,SCO,FW,0,0,0,0,0,0,0,0.0,0.0,0
167,Taha Ali,SWE,FW,0,0,0,0,0,0,0,0.0,0.0,0
167,Yasin Ayari,SWE,MF,0,3,7,29,1,6,0,0.44,4.59,9
167,Patrick Beach,AUS,GK,0,0,0,0,0,0,0,0.0,0.0,0
167,Denis Visinsky,CZE,FW,0,0,3,0,2,1,0,0.26,0.0,0
167,John Souttar,SCO,DF,0,0,0,0,0,0,0,0.0,0.0,0
167,Farrukh Sayfiev,UZB,DF,0,0,0,0,0,0,0,0.0,0.0,0
167,Jordan Bos,AUS,DF,0,2,5,0,3,2,0,0.42,0.0,0
167,Kai Trewin,AUS,DF,0,0,1,0,0,1,0,0.0,0.0,0
167,Gabriel Gudmundsson,SWE,DF,0,0,0,0,0,0,0,0.0,0.0,1
167,Tomas Soucek,CZE,MF,0,0,1,0,1,0,0,0.12,0.0,0
167,Cameron Devlin,AUS,MF,0,0,0,0,0,0,0,0.0,0.0,0
167,Yunus Akgun,TUR,FW,0,0,0,0,0,0,0,0.0,0.0,0
167,Ben Old,NZL,MF,0,0,0,0,0,0,0,0.0,0.0,0
167,Nathan Patterson,SCO,DF,0,0,0,0,0,0,0,0.0,0.0,0
167,Jaroslav Zeleny,CZE,DF,0,0,1,0,1,0,1,0.02,0.0,0
167,Alex Grimaldo,ESP,DF,0,0,0,0,0,0,0,0.0,0.0,0
167,Nishan Velupillay,AUS,FW,0,0,0,0,0,0,0,0.0,0.0,0
167,Gustaf Lagerbielke,SWE,DF,0,1,3,0,3,0,3,0.13,0.0,0
167,Rustam Ashurmatov,UZB,DF,0,0,0,0,0,0,0,0.0,0.0,0
167,Jamshid Iskanderov,UZB,MF,0,0,0,0,0,0,0,0.0,0.0,1
167,Elliot Stroud,SWE,DF,0,0,1,0,1,0,0,0.09,0.0,3
167,Tyler Fletcher,SCO,MF,0,0,0,0,0,0,0,0.0,0.0,0
167,Jacob Widell Zetterstrom,SWE,GK,0,0,0,0,0,0,0,0.0,0.0,0
167,Lawrence Shankland,SCO,FW,0,0,4,0,4,0,2,0.35,0.0,0
167,Manuel Akanji,SUI,DF,0,1,1,0,1,0,0,0.18,0.0,0
167,Hakan Calhanoglu,TUR,MF,0,2,11,0,2,9,0,0.4,0.0,8
167,Aiden Oneill,AUS,MF,0,0,2,0,1,1,0,0.07,0.0,4
167,Nestory Irankunda,AUS,FW,0,3,6,17,4,2,1,0.81,1.23,0
167,Igor Sergeev,UZB,FW,0,0,0,0,0,0,0,0.0,0.0,0
167,Alex Paulsen,NZL,GK,0,0,0,0,0,0,0,0.0,0.0,0
167,Scott Mctominay,SCO,MF,0,3,8,0,8,0,3,0.65,0.0,0
167,Pau Cubarsi,ESP,DF,0,2,4,0,1,3,1,0.3,0.0,0
167,Cristian Volpato,AUS,FW,0,1,4,0,2,2,0,0.28,0.0,7
167,Isak Hien,SWE,DF,0,0,0,0,0,0,0,0.0,0.0,0
167,Dostonbek Khamdamov,UZB,MF,0,0,2,0,1,1,1,0.08,0.0,2
167,Haris Tabakovic,BIH,FW,0,0,0,0,0,0,0,0.0,0.0,0
167,Merih Demiral,TUR,DF,0,2,6,0,3,3,2,0.24,0.0,0
167,Dzenis Burnic,BIH,MF,0,0,1,0,0,1,0,0.02,0.0,0
167,Tomas Holes,CZE,DF,0,0,0,0,0,0,0,0.0,0.0,0
167,Salih Ozcan,TUR,MF,0,0,0,0,0,0,0,0.0,0.0,0
167,Caglar Soyuncu,TUR,DF,0,0,0,0,0,0,0,0.0,0.0,0
167,Yvon Mvogo,SUI,GK,0,0,0,0,0,0,0,0.0,0.0,0
167,Alessandro Circati,AUS,DF,0,0,3,0,2,1,2,0.13,0.0,0
167,Odiljon Xamrobekov,UZB,MF,0,0,1,0,1,0,0,0.16,0.0,0
167,Scott Mckenna,SCO,DF,0,0,0,0,0,0,0,0.0,0.0,0
167,Connor Metcalfe,AUS,MF,0,2,5,20,1,4,0,0.11,9.21,3
167,Hjalmar Ekdal,SWE,DF,0,0,0,0,0,0,0,0.0,0.0,0
167,Otabek Shukurov,UZB,MF,0,0,2,0,0,2,0,0.08,0.0,0
167,Jacob Italiano,AUS,DF,0,0,1,0,0,1,0,0.03,0.0,0
167,Harry Souttar,AUS,DF,0,1,1,0,1,0,1,0.05,0.0,0
167,Amar Dedic,BIH,DF,0,1,2,0,0,2,0,0.06,0.0,0
167,Ben Waine,NZL,FW,0,0,0,0,0,0,0,0.0,0.0,0
167,Sherzod Nasrullaev,UZB,DF,0,1,1,0,1,0,0,0.08,0.0,0
167,Ross Stewart,SCO,FW,0,0,0,0,0,0,0,0.0,0.0,0
167,Arda Guler,TUR,FW,0,4,12,8,3,9,0,0.75,1.34,11
167,Besfort Zeneli,SWE,MF,0,1,1,0,0,1,0,0.01,0.0,0
167,Gregor Kobel,SUI,GK,0,0,0,0,0,0,0,0.0,0.0,0
167,Nando Pijnaker,NZL,DF,0,0,0,0,0,0,0,0.0,0.0,0
167,Lamine Yamal,ESP,FW,0,12,27,4,13,14,0,2.44,0.41,15
167,Can Uzun,TUR,FW,0,1,4,0,3,1,0,0.39,0.0,0
167,Ladislav Krejci,CZE,DF,0,1,5,20,5,0,5,0.54,1.85,0
167,Eray Coemert,SUI,DF,0,0,0,0,0,0,0,0.0,0.0,0
167,Abduvohid Nematov,UZB,GK,0,0,0,0,0,0,0,0.0,0.0,0
167,Patrik Schick,CZE,FW,0,1,2,0,2,0,2,0.27,0.0,0
167,Callan Elliot,NZL,DF,0,0,0,0,0,0,0,0.0,0.0,0
167,Liam Kelly,SCO,GK,0,0,0,0,0,0,0,0.0,0.0,0
167,Lachlan Bayliss,NZL,MF,0,0,0,0,0,0,0,0.0,0.0,0
167,Jesse Randall,NZL,FW,0,0,1,0,0,1,0,0.01,0.0,3
167,Joan Garcia,ESP,GK,0,0,0,0,0,0,0,0.0,0.0,0
167,Oguz Aydin,TUR,FW,0,0,0,0,0,0,0,0.0,0.0,0
167,Nico Elvedi,SUI,DF,0,0,3,0,3,0,2,0.3,0.0,0
167,Abdulkerim Bardakci,TUR,DF,0,0,3,0,1,2,0,0.07,0.0,0
167,Jan Kuchta,CZE,FW,0,0,0,0,0,0,0,0.0,0.0,0
167,Lyndon Dykes,SCO,FW,0,0,1,0,1,0,1,0.15,0.0,0
167,Silvan Widmer,SUI,DF,0,0,0,0,0,0,0,0.0,0.0,0
167,Abdulla Abdullaev,UZB,DF,0,0,0,0,0,0,0,0.0,0.0,0
167,Kenny Mclean,SCO,MF,0,0,1,0,0,1,0,0.01,0.0,0
167,Kerem Akturkoglu,TUR,FW,0,1,3,0,2,1,0,0.59,0.0,0
167,Avazbek Ulmasaliyev,UZB,DF,0,0,0,0,0,0,0,0.0,0.0,0
167,Altay Bayindir,TUR,GK,0,0,0,0,0,0,0,0.0,0.0,0
167,Liberato Cacace,NZL,DF,0,1,1,0,1,0,0,0.02,0.0,2
167,Marc Pubill,ESP,DF,0,0,0,0,0,0,0,0.0,0.0,0
167,Samet Akaydin,TUR,DF,0,0,0,0,0,0,0,0.0,0.0,0
167,Benjamin Nygren,SWE,MF,0,0,1,0,0,1,0,0.03,0.0,3
167,Deniz Gul,TUR,FW,0,1,2,0,2,0,1,0.7,0.0,0
167,Mikel Merino,ESP,MF,0,3,5,40,5,0,1,1.57,1.27,0
167,Cedric Itten,SUI,FW,0,0,0,0,0,0,0,0.0,0.0,0
167,Marvin Keller,SUI,GK,0,0,0,0,0,0,0,0.0,0.0,0
167,Adam Hlozek,CZE,FW,0,1,3,0,2,1,0,0.31,0.0,0
167,Behruzjon Karimov,UZB,DF,0,0,2,0,0,2,0,0.03,0.0,0
167,Mathew Leckie,AUS,FW,0,0,1,0,1,0,0,0.1,0.0,0
167,Granit Xhaka,SUI,MF,0,2,9,11,1,8,0,1.16,0.86,0
167,Elijah Just,NZL,MF,0,5,7,43,5,2,0,0.86,3.48,0
167,David Doudera,CZE,DF,0,0,4,0,1,3,0,0.05,0.0,0
167,Tyler Bindon,NZL,DF,0,1,2,0,2,0,1,0.33,0.0,0
167,Aurele Amenda,SUI,DF,0,0,0,0,0,0,0,0.0,0.0,0
167,Michael Woud,NZL,GK,0,0,0,0,0,0,0,0.0,0.0,0
167,Victor Munoz,ESP,FW,0,0,0,0,0,0,0,0.0,0.0,0
167,Abbosbek Fayzullaev,UZB,MF,0,2,3,33,2,1,1,1.0,1.0,5
167,Dominic Hyam,SCO,DF,0,0,0,0,0,0,0,0.0,0.0,0
167,Sarpreet Singh,NZL,MF,0,2,4,0,2,2,0,0.22,0.0,0
167,Alexander Bernhardsson,SWE,DF,0,1,1,0,0,1,0,0.05,0.0,0
167,Nihad Mujakic,BIH,DF,0,0,0,0,0,0,0,0.0,0.0,0
167,Oston Urunov,UZB,MF,0,0,0,0,0,0,0,0.0,0.0,0
167,Christian Fassnacht,SUI,FW,0,0,0,0,0,0,0,0.0,0.0,0
167,Dan Ndoye,SUI,FW,0,8,16,13,15,1,1,0.86,2.31,0
167,Ismail Yuksek,TUR,MF,0,0,5,0,3,2,1,0.32,0.0,0
167,Fabian Ruiz,ESP,MF,0,2,8,13,4,4,1,1.33,0.75,0
167,Tomas Chory,CZE,FW,0,0,0,0,0,0,0,0.0,0.0,0
167,Zeki Celik,TUR,DF,0,1,1,0,1,0,0,0.1,0.0,1
167,Ugurcan Cakir,TUR,GK,0,0,0,0,0,0,0,0.0,0.0,0
167,Logan Rogerson,NZL,FW,0,0,0,0,0,0,0,0.0,0.0,0
167,Kristoffer Nordfeldt,SWE,GK,0,0,0,0,0,0,0,0.0,0.0,0
167,Paul Izzo,AUS,GK,0,0,0,0,0,0,0,0.0,0.0,0
167,David Jurasek,CZE,DF,0,0,0,0,0,0,0,0.0,0.0,0
167,Unai Simon,ESP,GK,0,0,0,0,0,0,0,0.0,0.0,0
167,David Raya,ESP,GK,0,0,0,0,0,0,0,0.0,0.0,0
167,Callum Mccowatt,NZL,MF,0,3,4,0,3,1,1,0.21,0.0,0
167,Victor Lindelof,SWE,DF,0,0,2,0,2,0,2,0.26,0.0,0
167,Lewis Ferguson,SCO,MF,0,1,2,0,0,2,0,0.09,0.0,8
167,Milos Degenek,AUS,DF,0,0,0,0,0,0,0,0.0,0.0,0
167,Pedro Porro,ESP,DF,0,3,7,29,4,3,1,1.1,1.82,0
167,Ardon Jashari,SUI,MF,0,0,2,0,0,2,0,0.03,0.0,0
167,Abdukodir Khusanov,UZB,DF,0,0,0,0,0,0,0,0.0,0.0,0
167,Nikola Vasilj,BIH,GK,0,0,0,0,0,0,0,0.0,0.0,0
167,Esmir Bajraktarevic,BIH,FW,0,2,3,0,1,2,0,0.11,0.0,1
167,Mojmir Chytil,CZE,FW,0,0,0,0,0,0,0,0.0,0.0,0
167,Jack Hendry,SCO,DF,0,0,0,0,0,0,0,0.0,0.0,0
167,Azizjon Ganiev,UZB,MF,0,0,1,0,0,1,0,0.01,0.0,1
167,Eric Smith,SWE,DF,0,0,0,0,0,0,0,0.0,0.0,0
167,Joe Bell,NZL,MF,0,0,1,0,0,1,0,0.01,0.0,0
167,Jason Geria,AUS,DF,0,0,0,0,0,0,0,0.0,0.0,0
167,Alex Rufer,NZL,MF,0,0,0,0,0,0,0,0.0,0.0,0
167,Ken Sema,SWE,MF,0,0,1,0,1,0,0,0.06,0.0,0
167,Finn Surman,NZL,DF,0,1,2,50,2,0,2,0.24,4.18,0
167,Denis Zakaria,SUI,MF,0,2,5,0,5,0,1,0.61,0.0,0
167,Lukas Provod,CZE,MF,0,0,1,0,0,1,0,0.05,0.0,0
167,David Zima,CZE,DF,0,0,0,0,0,0,0,0.0,0.0,0
167,Fabian Rieder,SUI,MF,0,2,7,0,4,3,0,1.09,0.0,8
167,Miro Muheim,SUI,DF,0,0,0,0,0,0,0,0.0,0.0,0
167,Ben Gannon Doak,SCO,FW,0,0,4,0,2,2,0,0.14,0.0,0
167,Herman Johansson,SWE,DF,0,0,0,0,0,0,0,0.0,0.0,0
167,Max Crocombe,NZL,GK,0,0,0,0,0,0,0,0.0,0.0,0
167,Mathew Ryan,AUS,GK,0,0,0,0,0,0,0,0.0,0.0,0
167,Yeremy Pino,ESP,FW,0,0,0,0,0,0,0,0.0,0.0,0
167,Borja Iglesias,ESP,FW,0,0,0,0,0,0,0,0.0,0.0,0
167,Daniel Svensson,SWE,DF,0,0,1,0,0,1,0,0.01,0.0,1
167,Ryan Thomas,NZL,MF,0,0,0,0,0,0,0,0.0,0.0,0
167,Matej Kovar,CZE,GK,0,0,0,0,0,0,0,0.0,0.0,0
167,Jakhongir Urozov,UZB,DF,0,0,0,0,0,0,0,0.0,0.0,0
167,Aziz Behich,AUS,DF,0,1,1,0,1,0,0,0.02,0.0,0
167,Robin Hranac,CZE,DF,0,0,0,0,0,0,0,0.0,0.0,0
167,Azizbek Amonov,UZB,FW,0,0,1,0,0,1,0,0.01,0.0,0
167,Michal Sadilek,CZE,MF,0,3,7,14,5,2,1,0.7,1.42,5
167,Zeki Amdouni,SUI,FW,0,0,1,0,0,1,0,0.0,0.0,0
167,Mattias Svanberg,SWE,MF,0,2,3,33,2,1,0,0.23,4.26,0
167,Aaron Hickey,SCO,DF,0,0,0,0,0,0,0,0.0,0.0,0
167,Noah Okafor,SUI,FW,0,0,1,0,1,0,0,0.18,0.0,0
167,Pedri,ESP,MF,0,2,5,0,1,4,0,0.47,0.0,8
167,Ryan Christie,SCO,MF,0,0,2,0,1,1,0,0.15,0.0,0
167,Ermedin Demirovic,BIH,FW,0,4,4,0,1,3,0,0.08,0.0,0
167,Mert Muldur,TUR,DF,0,0,3,0,3,0,3,0.22,0.0,0
167,Lukas Cerv,CZE,MF,0,2,3,0,1,2,0,0.06,0.0,0
167,Sherzod Esanov,UZB,MF,0,0,0,0,0,0,0,0.0,0.0,0
167,Edin Dzeko,BIH,FW,0,0,3,0,3,0,0,0.2,0.0,0
167,Michel Aebischer,SUI,MF,0,1,2,0,2,0,1,0.34,0.0,5
167,Luca Jaquez,SUI,DF,0,0,0,0,0,0,0,0.0,0.0,0
167,Martin Zubimendi,ESP,MF,0,0,0,0,0,0,0,0.0,0.0,0
167,Umar Eshmurodov,UZB,DF,0,0,0,0,0,0,0,0.0,0.0,0
167,Gustaf Nilsson,SWE,FW,0,0,1,0,1,0,1,0.01,0.0,0
167,Kenan Yildiz,TUR,FW,0,1,14,0,11,3,0,0.38,0.0,0
167,Pavel Sulc,CZE,FW,0,0,2,0,0,2,0,0.03,0.0,0
167,Kosta Barbarouses,NZL,FW,0,0,0,0,0,0,0,0.0,0.0,0
167,Carl Starfelt,SWE,DF,0,0,0,0,0,0,0,0.0,0.0,0
167,Francis De Vries,NZL,DF,0,0,0,0,0,0,0,0.0,0.0,2
167,Jackson Irvine,AUS,MF,0,1,3,0,3,0,1,0.21,0.0,0
167,Jindrich Stanek,CZE,GK,0,0,0,0,0,0,0,0.0,0.0,0
167,Rodri,ESP,MF,0,0,7,0,2,5,1,0.27,0.0,0
167,Che Adams,SCO,FW,0,1,1,0,1,0,0,0.15,0.0,0
167,George Hirst,SCO,FW,0,0,0,0,0,0,0,0.0,0.0,0
167,Cameron Burgess,AUS,DF,0,0,0,0,0,0,0,0.0,0.0,0
167,Michael Boxall,NZL,DF,0,0,0,0,0,0,0,0.0,0.0,0
167,Jesper Karlstrom,SWE,MF,0,0,1,0,1,0,0,0.05,0.0,0
167,Hugo Sochurek,CZE,MF,0,0,0,0,0,0,0,0.0,0.0,0
167,Eldor Shomurodov,UZB,FW,0,2,4,25,4,0,0,0.17,5.79,0
167,Khojiakbar Alijonov,UZB,DF,0,0,0,0,0,0,0,0.0,0.0,0
167,Eren Elmali,TUR,DF,0,0,0,0,0,0,0,0.0,0.0,0
167,Tete Yengi,AUS,FW,0,1,1,0,1,0,0,0.1,0.0,0
167,Ozan Kabak,TUR,DF,0,0,0,0,0,0,0,0.0,0.0,0
167,Lucas Herrington,AUS,DF,0,0,0,0,0,0,0,0.0,0.0,0
167,Anthony Elanga,SWE,FW,0,3,3,67,2,1,0,0.53,3.77,1
167,Ferdi Kadioglu,TUR,DF,0,0,1,0,0,1,0,0.04,0.0,0
167,Eric Garcia,ESP,DF,0,0,0,0,0,0,0,0.0,0.0,0
167,Lukas Hornicek,CZE,GK,0,0,0,0,0,0,0,0.0,0.0,0
167,Vladimir Darida,CZE,MF,0,0,1,0,1,0,0,0.01,0.0,0
167,Remo Freuler,SUI,MF,0,1,2,0,1,1,0,0.07,0.0,0
167,Marko Stamenic,NZL,MF,0,0,3,0,1,2,0,0.09,0.0,0
167,Amir Hadziahmetovic,BIH,MF,0,0,0,0,0,0,0,0.0,0.0,1
167,Mohamed Hadj Mahmoud,TUN,MF,0,0,0,0,0,0,0,0.0,0.0,0
167,Lyle Foster,RSA,FW,0,0,1,0,1,0,1,0.07,0.0,0
167,Raed Chikhaoui,TUN,DF,0,0,0,0,0,0,0,0.0,0.0,0
167,Dayne St Clair,CAN,GK,0,0,0,0,0,0,0,0.0,0.0,0
167,Ange Yoan Bonny,CIV,FW,0,1,1,0,0,1,0,0.05,0.0,0
167,Wilguens Paugain,HAI,DF,0,0,0,0,0,0,0,0.0,0.0,0
167,Munir El Kajoui,MAR,GK,0,0,0,0,0,0,0,0.0,0.0,0
167,Montassar Talbi,TUN,DF,0,0,1,0,1,0,1,0.08,0.0,0
167,Sipho Chaine,RSA,GK,0,0,0,0,0,0,0,0.0,0.0,0
167,Christopher Operi,CIV,DF,0,0,0,0,0,0,0,0.0,0.0,0
167,Jayden Adams,RSA,MF,0,0,0,0,0,0,0,0.0,0.0,0
167,Mortadha Ben Ouanes,TUN,DF,0,0,0,0,0,0,0,0.0,0.0,0
167,Krepin Diatta,SEN,DF,0,0,1,0,0,1,0,0.04,0.0,2
167,Lenny Joseph,HAI,FW,0,0,2,0,2,0,0,0.33,0.0,0
167,Wagner Pina,CPV,DF,0,0,1,0,1,0,0,0.18,0.0,0
167,Liam Millar,CAN,MF,0,0,1,0,1,0,1,0.04,0.0,0
167,Prince Adu,GHA,FW,0,0,1,0,1,0,0,0.25,0.0,0
167,Khulumani Ndamane,RSA,DF,0,0,0,0,0,0,0,0.0,0.0,0
167,Rayan Elloumi,TUN,FW,0,0,0,0,0,0,0,0.0,0.0,0
167,Alfie Jones,CAN,DF,0,0,0,0,0,0,0,0.0,0.0,0
167,Bara Sapoko Ndiaye,SEN,MF,0,1,1,0,0,1,0,0.04,0.0,0
167,Ime Okon,RSA,DF,0,0,1,0,1,0,1,0.01,0.0,0
167,Hossam Abdelmaguid,EGY,DF,0,0,0,0,0,0,0,0.0,0.0,0
167,Carlens Arcus,HAI,DF,0,0,0,0,0,0,0,0.0,0.0,0
167,Ruben Providence,HAI,FW,0,1,4,0,4,0,0,0.19,0.0,1
167,Simon Adingra,CIV,FW,0,0,0,0,0,0,0,0.0,0.0,1
167,Yahia Fofana,CIV,GK,0,0,0,0,0,0,0,0.0,0.0,0
167,Oswin Appollis,RSA,FW,0,1,4,0,0,4,0,0.15,0.0,7
167,Abdul Mumin,GHA,DF,0,0,0,0,0,0,0,0.0,0.0,0
167,Kamogelo Sebelebele,RSA,FW,0,0,0,0,0,0,0,0.0,0.0,0
167,Aymen Dahmen,TUN,GK,0,0,0,0,0,0,0,0.0,0.0,0
167,Laros Duarte,CPV,MF,0,3,3,0,2,1,0,0.7,0.0,1
167,Ismail Jakobs,SEN,DF,0,0,1,0,1,0,0,0.11,0.0,9
167,Joel Waterman,CAN,DF,0,0,0,0,0,0,0,0.0,0.0,0
167,Amad Diallo,CIV,FW,0,4,8,25,6,2,0,1.44,1.39,4
167,Cyle Larin,CAN,FW,0,4,9,22,9,0,3,1.27,1.58,0
167,Gessime Yassine,MAR,MF,0,1,2,50,1,1,0,0.45,2.21,1
167,Derrick Etienne,HAI,FW,0,0,0,0,0,0,0,0.0,0.0,1
167,Jonas Adjetey,GHA,DF,0,1,2,0,2,0,2,0.1,0.0,0
167,Emam Ashour,EGY,MF,0,2,10,20,5,5,1,1.06,1.89,4
167,Mahmoud Saber,EGY,MF,0,1,3,33,1,2,0,0.16,6.15,0
167,Yan Valery,TUN,DF,0,0,0,0,0,0,0,0.0,0.0,0
167,Ayoube Amaimouni,MAR,FW,0,1,2,0,2,0,0,0.29,0.0,0
167,Hamdy Fathy,EGY,MF,0,0,0,0,0,0,0,0.0,0.0,0
167,Pathe Ciss,SEN,MF,0,1,2,0,1,1,1,0.2,0.0,0
167,Samukele Kabini,RSA,DF,0,0,0,0,0,0,0,0.0,0.0,0
167,Keeto Thermoncy,HAI,DF,0,0,0,0,0,0,0,0.0,0.0,0
167,Martin Experience,HAI,DF,0,0,1,0,0,1,0,0.01,0.0,0
167,Danley Jean Jacques,HAI,MF,0,0,0,0,0,0,0,0.0,0.0,0
167,Bamba Dieng,SEN,FW,0,0,0,0,0,0,0,0.0,0.0,0
167,Josue Duverger,HAI,GK,0,0,0,0,0,0,0,0.0,0.0,0
167,Louicius Deedson,HAI,FW,0,0,2,0,1,1,0,0.05,0.0,1
167,Ghislain Konan,CIV,DF,0,0,4,0,3,1,0,0.28,0.0,0
167,Elye Wahi,CIV,FW,0,2,3,0,3,0,0,0.48,0.0,0
167,Dylan Bronn,TUN,DF,0,0,0,0,0,0,0,0.0,0.0,0
167,Anis Slimane,TUN,MF,0,1,1,0,1,0,1,0.11,0.0,2
167,Mouhib Chamakh,TUN,GK,0,0,0,0,0,0,0,0.0,0.0,0
167,Nkosinathi Sibisi,RSA,DF,0,0,0,0,0,0,0,0.0,0.0,0
167,Yasser Ibrahim,EGY,DF,0,1,1,100,1,0,1,0.12,8.42,0
167,Jean Ricner Bellegarde,HAI,MF,0,0,6,0,1,5,1,0.29,0.0,5
167,Habib Diarra,SEN,MF,0,1,3,67,2,1,0,0.54,3.68,0
167,Guela Doue,CIV,DF,0,0,1,0,1,0,0,0.01,0.0,0
167,Edouard Mendy,SEN,GK,0,0,0,0,0,0,0,0.0,0.0,0
167,Mahdy Soliman,EGY,GK,0,0,0,0,0,0,0,0.0,0.0,0
167,Nabil Donga,EGY,MF,0,0,0,0,0,0,0,0.0,0.0,0
167,Christ Inao Oulai,CIV,MF,0,0,2,0,1,1,0,0.13,0.0,0
167,Kwasi Sibo,GHA,MF,0,0,0,0,0,0,0,0.0,0.0,0
167,Jayden Nelson,CAN,FW,0,0,1,0,0,1,0,0.07,0.0,0
167,Ricardo Ade,HAI,DF,0,1,4,0,2,2,2,0.17,0.0,0
167,Mohanad Lashin,EGY,MF,0,0,2,0,1,1,1,0.12,0.0,0
167,Sebastian Tounekti,TUN,MF,0,0,0,0,0,0,0,0.0,0.0,0
167,Elias Achouri,TUN,FW,0,1,3,0,0,3,0,0.13,0.0,0
167,Carl Sainte,HAI,MF,0,0,0,0,0,0,0,0.0,0.0,0
167,Ayyoub Bouaddi,MAR,MF,0,0,3,0,0,3,0,0.14,0.0,0
167,Evidence Makgopa,RSA,FW,0,3,4,0,4,0,2,0.42,0.0,0
167,Ismael Gharbi,TUN,MF,0,0,3,0,2,1,0,0.26,0.0,1
167,Ahmed Fatouh,EGY,DF,0,1,1,0,1,0,0,0.13,0.0,0
167,Antoine Mendy,SEN,DF,0,0,0,0,0,0,0,0.0,0.0,0
167,Benjamin Asare,GHA,GK,0,0,0,0,0,0,0,0.0,0.0,0
167,Mostafa Shoubir,EGY,GK,0,0,0,0,0,0,0,0.0,0.0,0
167,Lawrence Ati Zigi,GHA,GK,0,0,0,0,0,0,0,0.0,0.0,0
167,Sabri Ben Hessen,TUN,GK,0,0,0,0,0,0,0,0.0,0.0,0
167,Redouane Halhal,MAR,DF,0,0,0,0,0,0,0,0.0,0.0,0
167,Mohamed Abdelmoneim,EGY,DF,0,0,0,0,0,0,0,0.0,0.0,0
167,Olwethu Makhanya,RSA,DF,0,0,0,0,0,0,0,0.0,0.0,0
167,Inaki Williams,GHA,FW,0,0,3,0,1,2,0,0.06,0.0,0
167,Themba Zwane,RSA,MF,0,0,0,0,0,0,0,0.0,0.0,0
167,Jerome Opoku,GHA,DF,0,0,0,0,0,0,0,0.0,0.0,0
167,Ayoub El Kaabi,MAR,FW,0,2,3,0,3,0,0,0.31,0.0,0
167,Jonathan Osorio,CAN,MF,0,0,1,0,1,0,0,0.04,0.0,0
167,Kojo Peprah Oppong,GHA,DF,0,0,0,0,0,0,0,0.0,0.0,0
167,Jovane Cabral,CPV,MF,0,0,2,0,0,2,0,0.05,0.0,0
167,Kevin Pina,CPV,MF,0,1,5,20,0,5,0,0.09,11.33,0
167,Alexandre Pierre,HAI,GK,0,0,0,0,0,0,0,0.0,0.0,0
167,Baba Rahman,GHA,DF,0,0,0,0,0,0,0,0.0,0.0,0
167,Odilon Kossounou,CIV,DF,0,0,0,0,0,0,0,0.0,0.0,0
167,Abdul Fatawu,GHA,FW,0,0,3,0,1,2,0,0.1,0.0,2
167,Assane Diao,SEN,FW,0,0,0,0,0,0,0,0.0,0.0,0
167,Jacob Shaffelburg,CAN,MF,0,0,3,0,2,1,0,0.09,0.0,0
167,Tarek Alaa,EGY,DF,0,0,0,0,0,0,0,0.0,0.0,0
167,Issa Diop,MAR,DF,0,1,1,100,1,0,1,0.12,8.02,0
167,Alistair Johnston,CAN,DF,0,2,5,0,4,1,2,0.18,0.0,2
167,Aubrey Modiba,RSA,DF,0,1,5,0,1,4,0,0.12,0.0,2
167,Elias Saad,TUN,FW,0,0,1,0,0,1,0,0.06,0.0,1
167,Ronwen Williams,RSA,GK,0,0,0,0,0,0,0,0.0,0.0,0
167,Seko Fofana,CIV,MF,0,1,5,0,0,5,0,0.4,0.0,0
167,Kalidou Koulibaly,SEN,DF,0,0,0,0,0,0,0,0.0,0.0,0
167,Bradley Cross,RSA,DF,0,0,0,0,0,0,0,0.0,0.0,0
167,Richie Laryea,CAN,DF,0,1,2,0,1,1,0,0.34,0.0,0
167,Rani Khedira,TUN,MF,0,0,1,0,0,1,0,0.06,0.0,0
167,Ali Abdi,TUN,DF,0,0,1,0,0,1,0,0.05,0.0,1
167,Yassine Bounou,MAR,GK,0,0,0,0,0,0,0,0.0,0.0,0
167,Kelvin Pires,CPV,DF,0,0,0,0,0,0,0,0.0,0.0,0
167,El Hadji Malick Diouf,SEN,DF,0,0,0,0,0,0,0,0.0,0.0,5
167,Omar Marmoush,EGY,FW,0,1,11,0,8,3,0,0.91,0.0,3
167,Tajon Buchanan,CAN,FW,0,3,6,0,3,3,0,0.68,0.0,1
167,Ibrahim Adel,EGY,FW,0,0,0,0,0,0,0,0.0,0.0,0
701,Facundo Pellistri,fw,fw,0,0,0,0,0,0,0,0.0,0.0,0
705,Fahad Talib,gk,gk,0,0,0,0,0,0,0,0.0,0.0,0
707,Fares Chaibi,mf,mf,0,0,0,0,0,0,0,0.0,0.0,0
708,Fares Ghedjemis,fw,fw,0,0,0,0,0,0,0,0.0,0.0,0
710,Farrukh Sayfiev,df,df,0,0,0,0,0,0,0,0.0,0.0,0
711,Federico Valverde,mf,mf,0,0,0,0,0,0,0,0.0,0.0,0
712,Federico Vinas,fw,fw,0,0,0,0,0,0,0,0.0,0.0,0
714,Felix Nmecha,mf,mf,0,0,0,0,0,0,0,0.0,0.0,0
715,Felix Torres,df,df,0,0,0,0,0,0,0,0.0,0.0,0
717,Feras Albrikan,fw,fw,0,0,0,0,0,0,0,0.0,0.0,0
718,Ferdi Kadioglu,df,df,0,0,0,0,0,0,0,0.0,0.0,0
721,Fernando Muslera,gk,gk,0,0,0,0,0,0,0,0.0,0.0,0
722,Ferran Torres,fw,fw,0,0,0,0,0,0,0,0.0,0.0,0
723,Fezile Gcaba,RSA,SA,0,0,0,0,0,0,0,0.0,0.0,0
724,Fidel Escobar,df,df,0,0,0,0,0,0,0,0.0,0.0,0
727,Findlay Curtis,fw,fw,0,0,0,0,0,0,0,0.0,0.0,0
729,Finn Surman,df,df,0,0,0,0,0,0,0,0.0,0.0,0
730,Firas Chaouat,fw,fw,0,0,0,0,0,0,0,0.0,0.0,0
732,Fiston Mayele,fw,fw,0,0,0,0,0,0,0,0.0,0.0,0
734,Florian Grillitsch,mf,mf,0,0,0,0,0,0,0,0.0,0.0,0
736,Florian Wiegele,gk,gk,0,0,0,0,0,0,0,0.0,0.0,0
737,Florian Wirtz,mf,mf,0,0,0,0,0,0,0,0.0,0.0,0
738,Folarin Balogun,fw,fw,0,0,0,0,0,0,0,0.0,0.0,0
742,Francis De Vries,df,df,0,0,0,0,0,0,0,0.0,0.0,0
743,Francisco Conceicao,fw,fw,0,0,0,0,0,0,0,0.0,0.0,0
744,Francisco Trincao,fw,fw,0,0,0,0,0,0,0,0.0,0.0,0
745,Franck Kessie,mf,mf,0,0,0,0,0,0,0,0.0,0.0,0
751,Frans Putros,df,df,0,0,0,0,0,0,0,0.0,0.0,0
752,Frantzdy Pierrot,fw,fw,0,0,0,0,0,0,0,0.0,0.0,0
753,Fredrik Andre Bjorkan,df,df,0,0,0,0,0,0,0,0.0,0.0,0
754,Fredrik Aursnes,mf,mf,0,0,0,0,0,0,0,0.0,0.0,0
757,Frenkie De Jong,mf,mf,0,0,0,0,0,0,0,0.0,0.0,0
759,Gabriel Avalos,fw,fw,0,0,0,0,0,0,0,0.0,0.0,0
760,Gabriel Gudmundsson,df,df,0,0,0,0,0,0,0,0.0,0.0,0
762,Gabriel Magalhaes,df,df,0,0,0,0,0,0,0,0.0,0.0,0
763,Gabriel Martinelli,fw,fw,0,0,0,0,0,0,0,0.0,0.0,0
766,Gael Kakuta,fw,fw,0,0,0,0,0,0,0,0.0,0.0,0
768,Garry Rodrigues,mf,mf,0,0,0,0,0,0,0,0.0,0.0,0
770,Gaston Olveira,gk,gk,0,0,0,0,0,0,0,0.0,0.0,0
771,Gatito Fernandez,gk,gk,0,0,0,0,0,0,0,0.0,0.0,0
772,Gavi,mf,mf,0,0,0,0,0,0,0,0.0,0.0,0
774,Gedeon Kalulu,df,df,0,0,0,0,0,0,0,0.0,0.0,0
776,George Hirst,fw,fw,0,0,0,0,0,0,0,0.0,0.0,0
780,German Berterame,MEX,EX,0,0,0,0,0,0,0,0.0,0.0,0
783,Geronimo Rulli,gk,gk,0,0,0,0,0,0,0,0.0,0.0,0
785,Gervane Kastaneer,fw,fw,0,0,0,0,0,0,0,0.0,0.0,0
786,Gessime Yassine,mf,mf,0,0,0,0,0,0,0,0.0,0.0,0
788,Ghislain Konan,df,df,0,0,0,0,0,0,0,0.0,0.0,0
792,Gideon Mensah,df,df,0,0,0,0,0,0,0,0.0,0.0,0
793,Gilberto Mora,MEX,mf,0,0,0,0,0,0,0,0.0,0.0,0
794,Gilson Benchimol,fw,fw,0,0,0,0,0,0,0,0.0,0.0,0
795,Giorgian De Arrascaeta,mf,mf,0,0,0,0,0,0,0,0.0,0.0,0
796,Giovani Lo Celso,mf,mf,0,0,0,0,0,0,0,0.0,0.0,0
797,Giovanni Reyna,mf,mf,0,0,0,0,0,0,0,0.0,0.0,0
799,Giuliano Simeone,fw,fw,0,0,0,0,0,0,0,0.0,0.0,0
800,Godfried Roemeratoe,mf,mf,0,0,0,0,0,0,0,0.0,0.0,0
801,Goncalo Guedes,fw,fw,0,0,0,0,0,0,0,0.0,0.0,0
802,Goncalo Inacio,df,df,0,0,0,0,0,0,0,0.0,0.0,0
803,Goncalo Ramos,fw,fw,0,0,0,0,0,0,0,0.0,0.0,0
805,Gonzalo Montiel,df,df,0,0,0,0,0,0,0,0.0,0.0,0
806,Gonzalo Plata,fw,fw,0,0,0,0,0,0,0,0.0,0.0,0
807,Gonzalo Valle,gk,gk,0,0,0,0,0,0,0,0.0,0.0,0
809,Granit Xhaka,mf,mf,0,0,0,0,0,0,0,0.0,0.0,0
810,Grant Hanley,df,df,0,0,0,0,0,0,0,0.0,0.0,0
811,Gregor Kobel,gk,gk,0,0,0,0,0,0,0,0.0,0.0,0
813,Guela Doue,df,df,0,0,0,0,0,0,0,0.0,0.0,0
815,Guillermo Martinez,MEX,fw,0,0,0,0,0,0,0,0.0,0.0,0
816,Guillermo Ochoa,MEX,gk,0,0,0,0,0,0,0,0.0,0.0,0
817,Guillermo Varela,df,df,0,0,0,0,0,0,0,0.0,0.0,0
818,Gustaf Lagerbielke,df,df,0,0,0,0,0,0,0,0.0,0.0,0
819,Gustaf Nilsson,fw,fw,0,0,0,0,0,0,0,0.0,0.0,0
820,Gustavo Caballero,mf,mf,0,0,0,0,0,0,0,0.0,0.0,0
821,Gustavo Gomez,df,df,0,0,0,0,0,0,0,0.0,0.0,0
823,Gustavo Puerta,df,df,0,0,0,0,0,0,0,0.0,0.0,0
824,Gustavo Velazquez,df,df,0,0,0,0,0,0,0,0.0,0.0,0
825,Guus Til,mf,mf,0,0,0,0,0,0,0,0.0,0.0,0
827,Habib Diarra,mf,mf,0,0,0,0,0,0,0,0.0,0.0,0
829,Haissem Hassan,fw,fw,0,0,0,0,0,0,0,0.0,0.0,0
830,Haji Wright,fw,fw,0,0,0,0,0,0,0,0.0,0.0,0
831,Hakan Calhanoglu,mf,mf,0,0,0,0,0,0,0,0.0,0.0,0
833,Hamdy Fathy,mf,mf,0,0,0,0,0,0,0,0.0,0.0,0
837,Hamza Abdelkarim,fw,fw,0,0,0,0,0,0,0,0.0,0.0,0
841,Hannes Delcroix,df,df,0,0,0,0,0,0,0,0.0,0.0,0
843,Hannibal Mejbri,mf,mf,0,0,0,0,0,0,0,0.0,0.0,0
844,Hans Vanaken,mf,mf,0,0,0,0,0,0,0,0.0,0.0,0
846,Haris Tabakovic,fw,fw,0,0,0,0,0,0,0,0.0,0.0,0
848,Harry Kane,fw,fw,0,0,0,0,0,0,0,0.0,0.0,0
851,Harry Souttar,df,df,0,0,0,0,0,0,0,0.0,0.0,0
855,Hassan Alhaydos,fw,fw,0,0,0,0,0,0,0,0.0,0.0,0
856,Hassan Altambakti,df,df,0,0,0,0,0,0,0,0.0,0.0,0
857,Hassan Kadish,df,df,0,0,0,0,0,0,0,0.0,0.0,0
861,Hazem Mastouri,fw,fw,0,0,0,0,0,0,0,0.0,0.0,0
863,Helio Varela,mf,mf,0,0,0,0,0,0,0,0.0,0.0,0
864,Henrik Falchener,df,df,0,0,0,0,0,0,0,0.0,0.0,0
868,Herman Johansson,df,df,0,0,0,0,0,0,0,0.0,0.0,0
869,Hernan Galindez,gk,gk,0,0,0,0,0,0,0,0.0,0.0,0
870,Hicham Boudaoui,mf,mf,0,0,0,0,0,0,0,0.0,0.0,0
873,Hiroki Ito,df,df,0,0,0,0,0,0,0,0.0,0.0,0
875,Hjalmar Ekdal,df,df,0,0,0,0,0,0,0,0.0,0.0,0
877,Homam Ahmed,df,df,0,0,0,0,0,0,0,0.0,0.0,0
879,Hossam Abdelmaguid,df,df,0,0,0,0,0,0,0,0.0,0.0,0
881,Hossein Hosseini,gk,gk,0,0,0,0,0,0,0,0.0,0.0,0
882,Hossein Kanani,df,df,0,0,0,0,0,0,0,0.0,0.0,0
883,Houssem Aouar,mf,mf,0,0,0,0,0,0,0,0.0,0.0,0
889,Hugo Sochurek,mf,mf,0,0,0,0,0,0,0,0.0,0.0,0
892,Husam Abudahab,df,df,0,0,0,0,0,0,0,0.0,0.0,0
894,Hussein Ali,df,df,0,0,0,0,0,0,0,0.0,0.0,0
895,Hwang Heechan,mf,mf,0,0,0,0,0,0,0,0.0,0.0,0
896,Hwang Inbeom,mf,mf,0,0,0,0,0,0,0,0.0,0.0,0
898,Ibrahim Adel,fw,fw,0,0,0,0,0,0,0,0.0,0.0,0
900,Ibrahim Bayesh,mf,mf,0,0,0,0,0,0,0,0.0,0.0,0
901,Ibrahim Maza,mf,mf,0,0,0,0,0,0,0,0.0,0.0,0
902,Ibrahim Mbaye,fw,fw,0,0,0,0,0,0,0,0.0,0.0,0
905,Ibrahim Sadeh,mf,mf,0,0,0,0,0,0,0,0.0,0.0,0
906,Ibrahim Sangare,mf,mf,0,0,0,0,0,0,0,0.0,0.0,0
908,Ibrahima Konate,df,df,0,0,0,0,0,0,0,0.0,0.0,0
912,Idrissa Gana Gueye,mf,mf,0,0,0,0,0,0,0,0.0,0.0,0
918,Igor Matanovic,fw,fw,0,0,0,0,0,0,0,0.0,0.0,0
919,Igor Sergeev,fw,fw,0,0,0,0,0,0,0,0.0,0.0,0
920,Igor Thiago,fw,fw,0,0,0,0,0,0,0,0.0,0.0,0
927,Iliman Ndiaye,fw,fw,0,0,0,0,0,0,0,0.0,0.0,0
928,Ime Okon,RSA,df,0,0,0,0,0,0,0,0.0,0.0,0
930,Inaki Williams,fw,fw,0,0,0,0,0,0,0,0.0,0.0,0
932,Iqraam Rayners,RSA,fw,0,0,0,0,0,0,0,0.0,0.0,0
933,Irfan Can Kahveci,fw,fw,0,0,0,0,0,0,0,0.0,0.0,0
937,Isaias Violante,MEX,EX,0,0,0,0,0,0,0,0.0,0.0,0
939,Isak Hien,df,df,0,0,0,0,0,0,0,0.0,0.0,0
940,Isidro Pitta,fw,fw,0,0,0,0,0,0,0,0.0,0.0,0
943,Ismael Diaz,mf,mf,0,0,0,0,0,0,0,0.0,0.0,0
944,Ismael Gharbi,mf,mf,0,0,0,0,0,0,0,0.0,0.0,0
945,Ismael Kone,mf,mf,0,0,0,0,0,0,0,0.0,0.0,0
946,Ismael Saibari,mf,mf,0,0,0,0,0,0,0,0.0,0.0,0
947,Ismail Jakobs,df,df,0,0,0,0,0,0,0,0.0,0.0,0
949,Ismail Yuksek,mf,mf,0,0,0,0,0,0,0,0.0,0.0,0
950,Ismaila Sarr,fw,fw,0,0,0,0,0,0,0,0.0,0.0,0
951,Israel Reyes,MEX,df,0,0,0,0,0,0,0,0.0,0.0,0
952,Issa Diop,df,df,0,0,0,0,0,0,0,0.0,0.0,0
953,Issa Laye,df,df,0,0,0,0,0,0,0,0.0,0.0,0
958,Ivan Basic,mf,mf,0,0,0,0,0,0,0,0.0,0.0,0
959,Ivan Perisic,fw,fw,0,0,0,0,0,0,0,0.0,0.0,0
961,Ivan Sunjic,mf,mf,0,0,0,0,0,0,0,0.0,0.0,0
962,Ivan Toney,fw,fw,0,0,0,0,0,0,0,0.0,0.0,0
964,Ivor Pandur,gk,gk,0,0,0,0,0,0,0,0.0,0.0,0
967,Jack Hendry,df,df,0,0,0,0,0,0,0,0.0,0.0,0
971,Jackson Irvine,mf,mf,0,0,0,0,0,0,0,0.0,0.0,0
973,Jackson Porozo,df,df,0,0,0,0,0,0,0,0.0,0.0,0
974,Jacob Italiano,df,df,0,0,0,0,0,0,0,0.0,0.0,0
975,Jacob Shaffelburg,mf,mf,0,0,0,0,0,0,0,0.0,0.0,0
976,Jacob Widell Zetterstrom,gk,gk,0,0,0,0,0,0,0,0.0,0.0,0
978,Jakhongir Urozov,df,df,0,0,0,0,0,0,0,0.0,0.0,0
980,Jalal Hassan,gk,gk,0,0,0,0,0,0,0,0.0,0.0,0
981,Jaloliddin Masharipov,mf,mf,0,0,0,0,0,0,0,0.0,0.0,0
982,Jamal Musiala,mf,mf,0,0,0,0,0,0,0,0.0,0.0,0
985,James Monyane,RSA,SA,0,0,0,0,0,0,0,0.0,0.0,0
987,James Rodriguez,mf,mf,0,0,0,0,0,0,0,0.0,0.0,0
988,James Trafford,gk,gk,0,0,0,0,0,0,0,0.0,0.0,0
991,Jamie Leweling,mf,mf,0,0,0,0,0,0,0,0.0,0.0,0
992,Jaminton Campaz,fw,fw,0,0,0,0,0,0,0,0.0,0.0,0
993,Jamiro Monteiro,mf,mf,0,0,0,0,0,0,0,0.0,0.0,0
994,Jamshid Iskanderov,mf,mf,0,0,0,0,0,0,0,0.0,0.0,0
998,Jan Kuchta,fw,fw,0,0,0,0,0,0,0,0.0,0.0,0
999,Jan Paul Van Hecke,df,df,0,0,0,0,0,0,0,0.0,0.0,0
1004,Jaouen Hadjam,df,df,0,0,0,0,0,0,0,0.0,0.0,0
1005,Jarell Quansah,df,df,0,0,0,0,0,0,0,0.0,0.0,0
1006,Jaroslav Zeleny,df,df,0,0,0,0,0,0,0,0.0,0.0,0
1008,Jason Geria,df,df,0,0,0,0,0,0,0,0.0,0.0,0
1009,Jassem Gaber,df,df,0,0,0,0,0,0,0,0.0,0.0,0
1013,Jayden Adams,RSA,mf,0,0,0,0,0,0,0,0.0,0.0,0
1018,Jean Kevin Duverne,df,df,0,0,0,0,0,0,0,0.0,0.0,0
1019,Jean Michael Seri,mf,mf,0,0,0,0,0,0,0,0.0,0.0,0
1021,Jean Philippe Mateta,fw,fw,0,0,0,0,0,0,0,0.0,0.0,0
1022,Jean Ricner Bellegarde,mf,mf,0,0,0,0,0,0,0,0.0,0.0,0
1023,Jearl Margaritha,fw,fw,0,0,0,0,0,0,0,0.0,0.0,0
1026,Jefferson Lerma,mf,mf,0,0,0,0,0,0,0,0.0,0.0,0
1027,Jehad Thikri,df,df,0,0,0,0,0,0,0,0.0,0.0,0
1030,Jens Petter Hauge,mf,mf,0,0,0,0,0,0,0,0.0,0.0,0
1036,Jeremy Antonisse,fw,fw,0,0,0,0,0,0,0,0.0,0.0,0
1037,Jeremy Arevalo,fw,fw,0,0,0,0,0,0,0,0.0,0.0,0
1038,Jeremy Doku,fw,fw,0,0,0,0,0,0,0,0.0,0.0,0
1039,Jeremy Marquez,MEX,EX,0,0,0,0,0,0,0,0.0,0.0,0
1042,Jerome Opoku,df,df,0,0,0,0,0,0,0,0.0,0.0,0
1043,Jesper Karlstrom,mf,mf,0,0,0,0,0,0,0,0.0,0.0,0
1044,Jesse Randall,fw,fw,0,0,0,0,0,0,0,0.0,0.0,0
1046,Jesus Alejandro Gomez,MEX,EX,0,0,0,0,0,0,0,0.0,0.0,0
1047,Jesus Angulo,MEX,EX,0,0,0,0,0,0,0,0.0,0.0,0
1049,Jesus Gallardo,MEX,df,0,0,0,0,0,0,0,0.0,0.0,0
1050,Jesus Ricardo Angulo,MEX,EX,0,0,0,0,0,0,0,0.0,0.0,0
1054,Jhon Arias,mf,mf,0,0,0,0,0,0,0,0.0,0.0,0
1055,Jhon Cordoba,fw,fw,0,0,0,0,0,0,0,0.0,0.0,0
1057,Jhon Lucumi,df,df,0,0,0,0,0,0,0,0.0,0.0,0
1059,Jindrich Stanek,gk,gk,0,0,0,0,0,0,0,0.0,0.0,0
1060,Jiovany Ramos,df,df,0,0,0,0,0,0,0,0.0,0.0,0
1061,Jo Hyeonwoo,gk,gk,0,0,0,0,0,0,0,0.0,0.0,0
1062,Joan Garcia,gk,gk,0,0,0,0,0,0,0,0.0,0.0,0
1063,Joao Cancelo,df,df,0,0,0,0,0,0,0,0.0,0.0,0
1065,Joao Felix,fw,fw,0,0,0,0,0,0,0,0.0,0.0,0
1066,Joao Neves,mf,mf,0,0,0,0,0,0,0,0.0,0.0,0
1067,Joao Paulo,mf,mf,0,0,0,0,0,0,0,0.0,0.0,0
1069,Joaquin Piquerez,mf,mf,0,0,0,0,0,0,0,0.0,0.0,0
1070,Joaquin Seys,df,df,0,0,0,0,0,0,0,0.0,0.0,0
1071,Joe Bell,mf,mf,0,0,0,0,0,0,0,0.0,0.0,0
1074,Joe Scally,df,df,0,0,0,0,0,0,0,0.0,0.0,0
1077,Joel Ordonez,df,df,0,0,0,0,0,0,0,0.0,0.0,0
1078,Joel Waterman,df,df,0,0,0,0,0,0,0,0.0,0.0,0
1082,Johan Manzambi,mf,mf,0,0,0,0,0,0,0,0.0,0.0,0
1084,Johan Mojica,df,df,0,0,0,0,0,0,0,0.0,0.0,0
1086,Johan Vasquez,MEX,df,0,0,0,0,0,0,0,0.0,0.0,0
1088,John Mcginn,mf,mf,0,0,0,0,0,0,0,0.0,0.0,0
1090,John Souttar,df,df,0,0,0,0,0,0,0,0.0,0.0,0
1091,John Stones,df,df,0,0,0,0,0,0,0,0.0,0.0,0
1093,John Yeboah,fw,fw,0,0,0,0,0,0,0,0.0,0.0,0
1095,Johny Placide,gk,gk,0,0,0,0,0,0,0,0.0,0.0,0
1099,Jonas Adjetey,df,df,0,0,0,0,0,0,0,0.0,0.0,0
1103,Jonathan David,fw,fw,0,0,0,0,0,0,0,0.0,0.0,0
1104,Jonathan Osorio,mf,mf,0,0,0,0,0,0,0,0.0,0.0,0
1105,Jonathan Tah,df,df,0,0,0,0,0,0,0,0.0,0.0,0
1106,Jordan Ayew,fw,fw,0,0,0,0,0,0,0,0.0,0.0,0
1108,Jordan Bos,df,df,0,0,0,0,0,0,0,0.0,0.0,0
1109,Jordan Carrillo,MEX,EX,0,0,0,0,0,0,0,0.0,0.0,0
1111,Jordan Henderson,mf,mf,0,0,0,0,0,0,0,0.0,0.0,0
1114,Jordan Pickford,gk,gk,0,0,0,0,0,0,0,0.0,0.0,0
1117,Jordy Alcivar,mf,mf,0,0,0,0,0,0,0,0.0,0.0,0
1118,Jordy Caicedo,fw,fw,0,0,0,0,0,0,0,0.0,0.0,0
1119,Jorge Carrascal,mf,mf,0,0,0,0,0,0,0,0.0,0.0,0
1121,Jorge Gutierrez,df,df,0,0,0,0,0,0,0,0.0,0.0,0
1122,Jorge Ruvalcaba,MEX,EX,0,0,0,0,0,0,0,0.0,0.0,0
1123,Jorge Sanchez,MEX,df,0,0,0,0,0,0,0,0.0,0.0,0
1124,Jorgen Strand Larsen,fw,fw,0,0,0,0,0,0,0,0.0,0.0,0
1126,Joris Kayembe,df,df,0,0,0,0,0,0,0,0.0,0.0,0
1127,Jorrel Hato,df,df,0,0,0,0,0,0,0,0.0,0.0,0
1128,Jose Antonio Rodriguez,MEX,EX,0,0,0,0,0,0,0,0.0,0.0,0
1129,Jose Canale,df,df,0,0,0,0,0,0,0,0.0,0.0,0
1130,Jose Cordoba,df,df,0,0,0,0,0,0,0,0.0,0.0,0
1131,Jose Fajardo,fw,fw,0,0,0,0,0,0,0,0.0,0.0,0
1134,Jose Luis Rodriguez,mf,mf,0,0,0,0,0,0,0,0.0,0.0,0
1136,Jose Manuel Lopez,fw,fw,0,0,0,0,0,0,0,0.0,0.0,0
1137,Jose Maria Gimenez,df,df,0,0,0,0,0,0,0,0.0,0.0,0
1139,Jose Sa,gk,gk,0,0,0,0,0,0,0,0.0,0.0,0
1141,Joseph Anang,gk,gk,0,0,0,0,0,0,0,0.0,0.0,0
1148,Joshua Brenet,df,df,0,0,0,0,0,0,0,0.0,0.0,0
1149,Joshua Kimmich,df,df,0,0,0,0,0,0,0,0.0,0.0,0
1152,Josip Stanisic,df,df,0,0,0,0,0,0,0,0.0,0.0,0
1153,Josip Sutalo,df,df,0,0,0,0,0,0,0,0.0,0.0,0
1154,Josko Gvardiol,df,df,0,0,0,0,0,0,0,0.0,0.0,0
1155,Josue Casimir,fw,fw,0,0,0,0,0,0,0,0.0,0.0,0
1156,Josue Duverger,gk,gk,0,0,0,0,0,0,0,0.0,0.0,0
1157,Jovane Cabral,mf,mf,0,0,0,0,0,0,0,0.0,0.0,0
1159,Jovo Lukic,fw,fw,0,0,0,0,0,0,0,0.0,0.0,0
1164,Juan Jose Caceres,df,df,0,0,0,0,0,0,0,0.0,0.0,0
1166,Juan Manuel Sanabria,mf,mf,0,0,0,0,0,0,0,0.0,0.0,0
1167,Juan Musso,gk,gk,0,0,0,0,0,0,0,0.0,0.0,0
1168,Juan Portilla,mf,mf,0,0,0,0,0,0,0,0.0,0.0,0
1169,Juan Quintero,mf,mf,0,0,0,0,0,0,0,0.0,0.0,0
1171,Jude Bellingham,mf,mf,0,0,0,0,0,0,0,0.0,0.0,0
1172,Juergen Locadia,fw,fw,0,0,0,0,0,0,0,0.0,0.0,0
1173,Jules Kounde,df,df,0,0,0,0,0,0,0,0.0,0.0,0
1174,Julian Alvarez,fw,fw,0,0,0,0,0,0,0,0.0,0.0,0
1175,Julian Araujo,MEX,EX,0,0,0,0,0,0,0,0.0,0.0,0
1176,Julian Quinones,MEX,fw,0,0,0,0,0,0,0,0.0,0.0,0
1177,Julian Ryerson,fw,fw,0,0,0,0,0,0,0,0.0,0.0,0
1178,Julio Enciso,fw,fw,0,0,0,0,0,0,0,0.0,0.0,0
1181,Juninho Bacuna,mf,mf,0,0,0,0,0,0,0,0.0,0.0,0
1183,Junior Alonso,df,df,0,0,0,0,0,0,0,0.0,0.0,0
1187,Junnosuke Suzuki,df,df,0,0,0,0,0,0,0,0.0,0.0,0
1188,Junya Ito,mf,mf,0,0,0,0,0,0,0,0.0,0.0,0
1190,Jurien Gaari,df,df,0,0,0,0,0,0,0,0.0,0.0,0
1194,Justin Kluivert,mf,mf,0,0,0,0,0,0,0,0.0,0.0,0
1198,Kaan Ayhan,mf,mf,0,0,0,0,0,0,0,0.0,0.0,0
1200,Kai Havertz,fw,fw,0,0,0,0,0,0,0,0.0,0.0,0
1201,Kai Trewin,df,df,0,0,0,0,0,0,0,0.0,0.0,0
1204,Kaishu Sano,mf,mf,0,0,0,0,0,0,0,0.0,0.0,0
1205,Kalidou Koulibaly,df,df,0,0,0,0,0,0,0,0.0,0.0,0
1207,Kamaldeen Sulemana,fw,fw,0,0,0,0,0,0,0,0.0,0.0,0
1209,Kamogelo Sebelebele,RSA,fw,0,0,0,0,0,0,0,0.0,0.0,0
1214,Karim Boudiaf,mf,mf,0,0,0,0,0,0,0,0.0,0.0,0
1215,Karim Hafez,df,df,0,0,0,0,0,0,0,0.0,0.0,0
1220,Keegan Allan,RSA,SA,0,0,0,0,0,0,0,0.0,0.0,0
1223,Keeto Thermoncy,df,df,0,0,0,0,0,0,0,0.0,0.0,0
1224,Keisuke Goto,fw,fw,0,0,0,0,0,0,0,0.0,0.0,0
1225,Keisuke Osako,gk,gk,0,0,0,0,0,0,0,0.0,0.0,0
1226,Keito Nakamura,mf,mf,0,0,0,0,0,0,0,0.0,0.0,0
1227,Kelvin Pires,df,df,0,0,0,0,0,0,0,0.0,0.0,0
1228,Ken Sema,mf,mf,0,0,0,0,0,0,0,0.0,0.0,0
1230,Kenan Yildiz,fw,fw,0,0,0,0,0,0,0,0.0,0.0,0
1231,Kendry Paez,mf,mf,0,0,0,0,0,0,0,0.0,0.0,0
1232,Kenji Gorre,fw,fw,0,0,0,0,0,0,0,0.0,0.0,0
1234,Kenny Mclean,mf,mf,0,0,0,0,0,0,0,0.0,0.0,0
1236,Kento Shiogai,fw,fw,0,0,0,0,0,0,0,0.0,0.0,0
1238,Kerem Akturkoglu,fw,fw,0,0,0,0,0,0,0,0.0,0.0,0
1239,Kerim Alajbegovic,fw,fw,0,0,0,0,0,0,0,0.0,0.0,0
1240,Kevin Castaneda,MEX,EX,0,0,0,0,0,0,0,0.0,0.0,0
1241,Kevin Castano,mf,mf,0,0,0,0,0,0,0,0.0,0.0,0
1242,Kevin Danso,df,df,0,0,0,0,0,0,0,0.0,0.0,0
1243,Kevin De Bruyne,mf,mf,0,0,0,0,0,0,0,0.0,0.0,0
1244,Kevin Felida,mf,mf,0,0,0,0,0,0,0,0.0,0.0,0
1248,Kevin Pina,mf,mf,0,0,0,0,0,0,0,0.0,0.0,0
1249,Kevin Rodriguez,fw,fw,0,0,0,0,0,0,0,0.0,0.0,0
1253,Kevin Yakob,mf,mf,0,0,0,0,0,0,0,0.0,0.0,0
1258,Khalid Alghannam,fw,fw,0,0,0,0,0,0,0,0.0,0.0,0
1259,Khalil Ayari,mf,mf,0,0,0,0,0,0,0,0.0,0.0,0
1261,Khojiakbar Alijonov,df,df,0,0,0,0,0,0,0,0.0,0.0,0
1262,Khuliso Mudau,RSA,df,0,0,0,0,0,0,0,0.0,0.0,0
1263,Khulumani Ndamane,RSA,df,0,0,0,0,0,0,0,0.0,0.0,0
1265,Kieran Tierney,df,df,0,0,0,0,0,0,0,0.0,0.0,0
1271,Kim Jingyu,mf,mf,0,0,0,0,0,0,0,0.0,0.0,0
1274,Kim Minjae,df,df,0,0,0,0,0,0,0,0.0,0.0,0
1275,Kim Moonhwan,df,df,0,0,0,0,0,0,0,0.0,0.0,0
1276,Kim Seunggyu,gk,gk,0,0,0,0,0,0,0,0.0,0.0,0
1277,Kim Taehyeon,df,df,0,0,0,0,0,0,0,0.0,0.0,0
1281,Kobbie Mainoo,mf,mf,0,0,0,0,0,0,0,0.0,0.0,0
1284,Kojo Peprah Oppong,df,df,0,0,0,0,0,0,0,0.0,0.0,0
1286,Koki Ogawa,fw,fw,0,0,0,0,0,0,0,0.0,0.0,0
1287,Koni De Winter,df,df,0,0,0,0,0,0,0,0.0,0.0,0
1288,Konrad Laimer,mf,mf,0,0,0,0,0,0,0,0.0,0.0,0
1291,Kosta Barbarouses,fw,fw,0,0,0,0,0,0,0,0.0,0.0,0
1293,Kou Itakura,df,df,0,0,0,0,0,0,0,0.0,0.0,0
1294,Krepin Diatta,df,df,0,0,0,0,0,0,0,0.0,0.0,0
1296,Kristian Thorstvedt,mf,mf,0,0,0,0,0,0,0,0.0,0.0,0
1297,Kristijan Jakic,df,df,0,0,0,0,0,0,0,0.0,0.0,0
1298,Kristoffer Ajer,df,df,0,0,0,0,0,0,0,0.0,0.0,0
1299,Kristoffer Nordfeldt,gk,gk,0,0,0,0,0,0,0,0.0,0.0,0
1308,Kwasi Sibo,mf,mf,0,0,0,0,0,0,0,0.0,0.0,0
1313,Kylian Mbappe,fw,fw,0,0,0,0,0,0,0,0.0,0.0,0
1314,Lachlan Bayliss,mf,mf,0,0,0,0,0,0,0,0.0,0.0,0
1315,Ladislav Krejci,df,df,0,0,0,0,0,0,0,0.0,0.0,0
1316,Lamine Camara,mf,mf,0,0,0,0,0,0,0,0.0,0.0,0
1317,Lamine Yamal,fw,fw,0,0,0,0,0,0,0,0.0,0.0,0
1318,Laros Duarte,mf,mf,0,0,0,0,0,0,0,0.0,0.0,0
1320,Lautaro Martinez,fw,fw,0,0,0,0,0,0,0,0.0,0.0,0
1321,Lawrence Ati Zigi,gk,gk,0,0,0,0,0,0,0,0.0,0.0,0
1322,Lawrence Shankland,fw,fw,0,0,0,0,0,0,0,0.0,0.0,0
1323,Leandro Bacuna,mf,mf,0,0,0,0,0,0,0,0.0,0.0,0
1325,Leandro Paredes,mf,mf,0,0,0,0,0,0,0,0.0,0.0,0
1326,Leandro Trossard,fw,fw,0,0,0,0,0,0,0,0.0,0.0,0
1327,Lebohang Maboe,RSA,SA,0,0,0,0,0,0,0,0.0,0.0,0
1329,Lee Donggyeong,mf,mf,0,0,0,0,0,0,0,0.0,0.0,0
1331,Lee Gihyuk,mf,mf,0,0,0,0,0,0,0,0.0,0.0,0
1332,Lee Hanbeom,df,df,0,0,0,0,0,0,0,0.0,0.0,0
1335,Lee Jaesung,mf,mf,0,0,0,0,0,0,0,0.0,0.0,0
1336,Lee Kangin,mf,mf,0,0,0,0,0,0,0,0.0,0.0,0
1339,Lee Taeseok,df,df,0,0,0,0,0,0,0,0.0,0.0,0
1343,Lenny Joseph,fw,fw,0,0,0,0,0,0,0,0.0,0.0,0
1345,Leo Ostigard,df,df,0,0,0,0,0,0,0,0.0,0.0,0
1346,Leo Pereira,df,df,0,0,0,0,0,0,0,0.0,0.0,0
1349,Leon Goretzka,mf,mf,0,0,0,0,0,0,0,0.0,0.0,0
1350,Leonardo Balerdi,df,df,0,0,0,0,0,0,0,0.0,0.0,0
1356,Leroy Sane,mf,mf,0,0,0,0,0,0,0,0.0,0.0,0
1357,Leverton Pierre,mf,mf,0,0,0,0,0,0,0,0.0,0.0,0
1359,Lewis Ferguson,mf,mf,0,0,0,0,0,0,0,0.0,0.0,0
1363,Liam Kelly,gk,gk,0,0,0,0,0,0,0,0.0,0.0,0
1365,Liam Millar,mf,mf,0,0,0,0,0,0,0,0.0,0.0,0
1367,Liberato Cacace,df,df,0,0,0,0,0,0,0,0.0,0.0,0
1369,Lionel Messi,fw,fw,0,0,0,0,0,0,0,0.0,0.0,0
1370,Lionel Mpasi,gk,gk,0,0,0,0,0,0,0,0.0,0.0,0
1371,Lisandro Martinez,df,df,0,0,0,0,0,0,0,0.0,0.0,0
1372,Livano Comenencia,mf,mf,0,0,0,0,0,0,0,0.0,0.0,0
1373,Logan Costa,df,df,0,0,0,0,0,0,0,0.0,0.0,0
1379,Louicius Deedson,fw,fw,0,0,0,0,0,0,0,0.0,0.0,0
1381,Luc De Fougerolles,df,df,0,0,0,0,0,0,0,0.0,0.0,0
1382,Luca Jaquez,df,df,0,0,0,0,0,0,0,0.0,0.0,0
1384,Luca Zidane,gk,gk,0,0,0,0,0,0,0,0.0,0.0,0
1385,Lucas Bergvall,mf,mf,0,0,0,0,0,0,0,0.0,0.0,0
1387,Lucas Digne,df,df,0,0,0,0,0,0,0,0.0,0.0,0
1388,Lucas Hernandez,df,df,0,0,0,0,0,0,0,0.0,0.0,0
1389,Lucas Herrington,df,df,0,0,0,0,0,0,0,0.0,0.0,0
1391,Lucas Mendes,df,df,0,0,0,0,0,0,0,0.0,0.0,0
1392,Lucas Paqueta,mf,mf,0,0,0,0,0,0,0,0.0,0.0,0
1400,Luis Chavez,MEX,mf,0,0,0,0,0,0,0,0.0,0.0,0
1401,Luis Diaz,fw,fw,0,0,0,0,0,0,0,0.0,0.0,0
1404,Luis Mejia,gk,gk,0,0,0,0,0,0,0,0.0,0.0,0
1405,Luis Rey,MEX,EX,0,0,0,0,0,0,0,0.0,0.0,0
1406,Luis Romo,MEX,mf,0,0,0,0,0,0,0,0.0,0.0,0
1407,Luis Suarez,fw,fw,0,0,0,0,0,0,0,0.0,0.0,0
1408,Luiz Henrique,fw,fw,0,0,0,0,0,0,0,0.0,0.0,0
1412,Luka Modric,mf,mf,0,0,0,0,0,0,0,0.0,0.0,0
1414,Luka Sucic,mf,mf,0,0,0,0,0,0,0,0.0,0.0,0
1415,Luka Vuskovic,df,df,0,0,0,0,0,0,0,0.0,0.0,0
1417,Lukas Cerv,mf,mf,0,0,0,0,0,0,0,0.0,0.0,0
1418,Lukas Hornicek,gk,gk,0,0,0,0,0,0,0,0.0,0.0,0
1420,Lukas Provod,mf,mf,0,0,0,0,0,0,0,0.0,0.0,0
1424,Luke Le Roux,RSA,SA,0,0,0,0,0,0,0,0.0,0.0,0
1426,Lutsharel Geertruida,df,df,0,0,0,0,0,0,0,0.0,0.0,0
1427,Lyle Foster,RSA,fw,0,0,0,0,0,0,0,0.0,0.0,0
1428,Lyndon Dykes,fw,fw,0,0,0,0,0,0,0,0.0,0.0,0
1430,Maghnes Akliouche,mf,mf,0,0,0,0,0,0,0,0.0,0.0,0
1432,Mahdy Soliman,gk,gk,0,0,0,0,0,0,0,0.0,0.0,0
1433,Mahmoud Abunada,gk,gk,0,0,0,0,0,0,0,0.0,0.0,0
1434,Mahmoud Almardi,fw,fw,0,0,0,0,0,0,0,0.0,0.0,0
1436,Mahmoud Saber,mf,mf,0,0,0,0,0,0,0,0.0,0.0,0
1443,Malick Thiaw,df,df,0,0,0,0,0,0,0,0.0,0.0,0
1445,Malik Tillman,mf,mf,0,0,0,0,0,0,0,0.0,0.0,0
1446,Malo Gusto,df,df,0,0,0,0,0,0,0,0.0,0.0,0
1450,Mamadou Sarr,df,df,0,0,0,0,0,0,0,0.0,0.0,0
1453,Manu Kone,mf,mf,0,0,0,0,0,0,0,0.0,0.0,0
1454,Manuel Akanji,df,df,0,0,0,0,0,0,0,0.0,0.0,0
1455,Manuel Neuer,gk,gk,0,0,0,0,0,0,0,0.0,0.0,0
1456,Manuel Ugarte,mf,mf,0,0,0,0,0,0,0,0.0,0.0,0
1458,Marawan Attia,mf,mf,0,0,0,0,0,0,0,0.0,0.0,0
1461,Marc Cucurella,df,df,0,0,0,0,0,0,0,0.0,0.0,0
1462,Marc Guehi,df,df,0,0,0,0,0,0,0,0.0,0.0,0
1463,Marc Pubill,df,df,0,0,0,0,0,0,0,0.0,0.0,0
1464,Marcel Ruiz,MEX,EX,0,0,0,0,0,0,0,0.0,0.0,0
1465,Marcel Sabitzer,mf,mf,0,0,0,0,0,0,0,0.0,0.0,0
1466,Marcelo Flores,mf,mf,0,0,0,0,0,0,0,0.0,0.0,0
1468,Marcio Rosa,gk,gk,0,0,0,0,0,0,0,0.0,0.0,0
1469,Marco Friedl,df,df,0,0,0,0,0,0,0,0.0,0.0,0
1471,Marco Pasalic,fw,fw,0,0,0,0,0,0,0,0.0,0.0,0
1474,Marcos Llorente,df,df,0,0,0,0,0,0,0,0.0,0.0,0
1476,Marcus Holmgren Pedersen,df,df,0,0,0,0,0,0,0,0.0,0.0,0
1477,Marcus Rashford,fw,fw,0,0,0,0,0,0,0,0.0,0.0,0
1478,Marcus Thuram,fw,fw,0,0,0,0,0,0,0,0.0,0.0,0
1480,Marin Pongracic,df,df,0,0,0,0,0,0,0,0.0,0.0,0
1481,Mario Pasalic,mf,mf,0,0,0,0,0,0,0,0.0,0.0,0
1483,Mark Flekken,gk,gk,0,0,0,0,0,0,0,0.0,0.0,0
1484,Mark Mckenzie,df,df,0,0,0,0,0,0,0,0.0,0.0,0
1485,Markhus Lacroix,df,df,0,0,0,0,0,0,0,0.0,0.0,0
1486,Marko Arnautovic,fw,fw,0,0,0,0,0,0,0,0.0,0.0,0
1487,Marko Farji,fw,fw,0,0,0,0,0,0,0,0.0,0.0,0
1488,Marko Stamenic,mf,mf,0,0,0,0,0,0,0,0.0,0.0,0
1491,Marquinhos,df,df,0,0,0,0,0,0,0,0.0,0.0,0
1492,Marten De Roon,mf,mf,0,0,0,0,0,0,0,0.0,0.0,0
1494,Martin Baturina,mf,mf,0,0,0,0,0,0,0,0.0,0.0,0
1496,Martin Erlic,df,df,0,0,0,0,0,0,0,0.0,0.0,0
1497,Martin Experience,df,df,0,0,0,0,0,0,0,0.0,0.0,0
1500,Martin Odegaard,mf,mf,0,0,0,0,0,0,0,0.0,0.0,0
1502,Martin Zlomislic,gk,gk,0,0,0,0,0,0,0,0.0,0.0,0
1503,Martin Zubimendi,mf,mf,0,0,0,0,0,0,0,0.0,0.0,0
1504,Marvin Keller,gk,gk,0,0,0,0,0,0,0,0.0,0.0,0
1505,Marvin Senaya,df,df,0,0,0,0,0,0,0,0.0,0.0,0
1508,Masindi Nemtajela,RSA,SA,0,0,0,0,0,0,0,0.0,0.0,0
1511,Matej Kovar,gk,gk,0,0,0,0,0,0,0,0.0,0.0,0
1514,Mateo Chavez,MEX,df,0,0,0,0,0,0,0,0.0,0.0,0
1516,Mateo Kovacic,mf,mf,0,0,0,0,0,0,0,0.0,0.0,0
1518,Matheus Cunha,fw,fw,0,0,0,0,0,0,0,0.0,0.0,0
1519,Matheus Nunes,mf,mf,0,0,0,0,0,0,0,0.0,0.0,0
1521,Mathew Leckie,fw,fw,0,0,0,0,0,0,0,0.0,0.0,0
1522,Mathew Ryan,gk,gk,0,0,0,0,0,0,0,0.0,0.0,0
1525,Mathias Olivera,df,df,0,0,0,0,0,0,0,0.0,0.0,0
1527,Mathieu Choiniere,mf,mf,0,0,0,0,0,0,0,0.0,0.0,0
1529,Matias Fernandez Pardo,fw,fw,0,0,0,0,0,0,0,0.0,0.0,0
1530,Matias Galarza,mf,mf,0,0,0,0,0,0,0,0.0,0.0,0
1532,Matias Vina,df,df,0,0,0,0,0,0,0,0.0,0.0,0
1533,Mats Wieffer,df,df,0,0,0,0,0,0,0,0.0,0.0,0
1534,Matt Freese,gk,gk,0,0,0,0,0,0,0,0.0,0.0,0
1535,Matt Turner,gk,gk,0,0,0,0,0,0,0,0.0,0.0,0
1539,Matthew Garbett,mf,mf,0,0,0,0,0,0,0,0.0,0.0,0
1543,Matthieu Epolo,gk,gk,0,0,0,0,0,0,0,0.0,0.0,0
1546,Mattias Svanberg,mf,mf,0,0,0,0,0,0,0,0.0,0.0,0
1548,Mauricio,mf,mf,0,0,0,0,0,0,0,0.0,0.0,0
1550,Max Arfsten,df,df,0,0,0,0,0,0,0,0.0,0.0,0
1552,Max Crocombe,gk,gk,0,0,0,0,0,0,0,0.0,0.0,0
1555,Maxence Lacroix,df,df,0,0,0,0,0,0,0,0.0,0.0,0
1556,Maxi Araujo,mf,mf,0,0,0,0,0,0,0,0.0,0.0,0
1557,Maxim De Cuyper,df,df,0,0,0,0,0,0,0,0.0,0.0,0
1558,Maxime Crepeau,gk,gk,0,0,0,0,0,0,0,0.0,0.0,0
1559,Maximilian Beier,fw,fw,0,0,0,0,0,0,0,0.0,0.0,0
1564,Mbekezeli Mbokazi,RSA,df,0,0,0,0,0,0,0,0.0,0.0,0
1566,Mehdi Ghayedi,fw,fw,0,0,0,0,0,0,0,0.0,0.0,0
1568,Mehdi Taremi,fw,fw,0,0,0,0,0,0,0,0.0,0.0,0
1569,Mehdi Torabi,mf,mf,0,0,0,0,0,0,0,0.0,0.0,0
1571,Melvin Mastil,gk,gk,0,0,0,0,0,0,0,0.0,0.0,0
1572,Memphis Depay,fw,fw,0,0,0,0,0,0,0,0.0,0.0,0
1573,Merchas Doski,df,df,0,0,0,0,0,0,0,0.0,0.0,0
1574,Merih Demiral,df,df,0,0,0,0,0,0,0,0.0,0.0,0
1576,Mert Gunok,gk,gk,0,0,0,0,0,0,0,0.0,0.0,0
1577,Mert Muldur,df,df,0,0,0,0,0,0,0,0.0,0.0,0
1578,Meschack Elia,fw,fw,0,0,0,0,0,0,0,0.0,0.0,0
1579,Meshaal Barsham,gk,gk,0,0,0,0,0,0,0,0.0,0.0,0
1580,Michael Boxall,df,df,0,0,0,0,0,0,0,0.0,0.0,0
1581,Michael Gregoritsch,fw,fw,0,0,0,0,0,0,0,0.0,0.0,0
1583,Michael Olise,fw,fw,0,0,0,0,0,0,0,0.0,0.0,0
1584,Michael Svoboda,df,df,0,0,0,0,0,0,0,0.0,0.0,0
1585,Michael Woud,gk,gk,0,0,0,0,0,0,0,0.0,0.0,0
1587,Michal Sadilek,mf,mf,0,0,0,0,0,0,0,0.0,0.0,0
1588,Michel Aebischer,mf,mf,0,0,0,0,0,0,0,0.0,0.0,0
1590,Micky Van De Ven,df,df,0,0,0,0,0,0,0,0.0,0.0,0
1591,Miguel Almiron,mf,mf,0,0,0,0,0,0,0,0.0,0.0,0
1594,Mihlali Mayambela,RSA,SA,0,0,0,0,0,0,0,0.0,0.0,0
1598,Mike Maignan,gk,gk,0,0,0,0,0,0,0,0.0,0.0,0
1599,Mike Penders,gk,gk,0,0,0,0,0,0,0,0.0,0.0,0
1600,Mikel Merino,mf,mf,0,0,0,0,0,0,0,0.0,0.0,0
1601,Mikel Oyarzabal,fw,fw,0,0,0,0,0,0,0,0.0,0.0,0
1602,Milad Mohammadi,df,df,0,0,0,0,0,0,0,0.0,0.0,0
1603,Miles Robinson,df,df,0,0,0,0,0,0,0,0.0,0.0,0
1604,Milos Degenek,df,df,0,0,0,0,0,0,0,0.0,0.0,0
1607,Miro Muheim,df,df,0,0,0,0,0,0,0,0.0,0.0,0
1610,Mladen Jurkas,gk,gk,0,0,0,0,0,0,0,0.0,0.0,0
1611,Mohamed Abdelmoneim,df,df,0,0,0,0,0,0,0,0.0,0.0,0
1613,Mohamed Alaa,gk,gk,0,0,0,0,0,0,0,0.0,0.0,0
1616,Mohamed Amine Ben Hmida,df,df,0,0,0,0,0,0,0,0.0,0.0,0
1617,Mohamed Amine Tougai,df,df,0,0,0,0,0,0,0,0.0,0.0,0
1618,Mohamed Amoura,fw,fw,0,0,0,0,0,0,0,0.0,0.0,0
1624,Mohamed Elshenawy,gk,gk,0,0,0,0,0,0,0,0.0,0.0,0
1626,Mohamed Hadj Mahmoud,mf,mf,0,0,0,0,0,0,0,0.0,0.0,0
1627,Mohamed Hany,df,df,0,0,0,0,0,0,0,0.0,0.0,0
1628,Mohamed Kanno,mf,mf,0,0,0,0,0,0,0,0.0,0.0,0
1631,Mohamed Kone,gk,gk,0,0,0,0,0,0,0,0.0,0.0,0
1632,Mohamed Manai,fw,fw,0,0,0,0,0,0,0,0.0,0.0,0
1635,Mohamed Salah,fw,fw,0,0,0,0,0,0,0,0.0,0.0,0
1637,Mohamed Toure,fw,fw,0,0,0,0,0,0,0,0.0,0.0,0
1638,Mohammad Abualnadi,df,df,0,0,0,0,0,0,0,0.0,0.0,0
1639,Mohammad Abughoush,mf,mf,0,0,0,0,0,0,0,0.0,0.0,0
1640,Mohammad Abuhasheesh,df,df,0,0,0,0,0,0,0,0.0,0.0,0
1641,Mohammad Abuzraiq,fw,fw,0,0,0,0,0,0,0,0.0,0.0,0
1642,Mohammad Aldaoud,mf,mf,0,0,0,0,0,0,0,0.0,0.0,0
1644,Mohammad Ghorbani,mf,mf,0,0,0,0,0,0,0,0.0,0.0,0
1646,Mohammad Mohebbi,mf,mf,0,0,0,0,0,0,0,0.0,0.0,0
1648,Mohammed Abu Alshamat,df,df,0,0,0,0,0,0,0,0.0,0.0,0
1649,Mohammed Alowais,gk,gk,0,0,0,0,0,0,0,0.0,0.0,0
1652,Mohammed Muntari,fw,fw,0,0,0,0,0,0,0,0.0,0.0,0
1656,Mohanad Ali,fw,fw,0,0,0,0,0,0,0,0.0,0.0,0
1658,Mohanad Lashin,mf,mf,0,0,0,0,0,0,0,0.0,0.0,0
1659,Mohannad Abutaha,mf,mf,0,0,0,0,0,0,0,0.0,0.0,0
1662,Mohau Nkota,RSA,SA,0,0,0,0,0,0,0,0.0,0.0,0
1663,Moise Bombito,df,df,0,0,0,0,0,0,0,0.0,0.0,0
1664,Moises Caicedo,mf,mf,0,0,0,0,0,0,0,0.0,0.0,0
1665,Moises Ramirez,gk,gk,0,0,0,0,0,0,0,0.0,0.0,0
1666,Mojmir Chytil,fw,fw,0,0,0,0,0,0,0,0.0,0.0,0
1671,Montassar Talbi,df,df,0,0,0,0,0,0,0,0.0,0.0,0
1674,Morgan Rogers,mf,mf,0,0,0,0,0,0,0,0.0,0.0,0
1676,Mortadha Ben Ouanes,df,df,0,0,0,0,0,0,0,0.0,0.0,0
1677,Morten Thorsby,mf,mf,0,0,0,0,0,0,0,0.0,0.0,0
1679,Mory Diaw,gk,gk,0,0,0,0,0,0,0,0.0,0.0,0
1682,Mostafa Shoubir,gk,gk,0,0,0,0,0,0,0,0.0,0.0,0
1683,Mostafa Zico,mf,mf,0,0,0,0,0,0,0,0.0,0.0,0
1684,Moteb Alharbi,df,df,0,0,0,0,0,0,0,0.0,0.0,0
1685,Mouhib Chamakh,gk,gk,0,0,0,0,0,0,0,0.0,0.0,0
1686,Mousa Altamari,fw,fw,0,0,0,0,0,0,0,0.0,0.0,0
1688,Moussa Niakhate,df,df,0,0,0,0,0,0,0,0.0,0.0,0
1690,Moutaz Neffati,df,df,0,0,0,0,0,0,0,0.0,0.0,0
1692,Mthetheleli Mthiyane,RSA,SA,0,0,0,0,0,0,0,0.0,0.0,0
1698,Munaf Younus,df,df,0,0,0,0,0,0,0,0.0,0.0,0
1699,Munir El Kajoui,gk,gk,0,0,0,0,0,0,0,0.0,0.0,0
1702,Musab Aljuwayr,mf,mf,0,0,0,0,0,0,0,0.0,0.0,0
1704,Mustafa Saadoon,df,df,0,0,0,0,0,0,0,0.0,0.0,0
1707,Nabil Bentaleb,mf,mf,0,0,0,0,0,0,0,0.0,0.0,0
1708,Nabil Donga,mf,mf,0,0,0,0,0,0,0,0.0,0.0,0
1712,Nadhir Benbouali,fw,fw,0,0,0,0,0,0,0,0.0,0.0,0
1713,Nadiem Amiri,mf,mf,0,0,0,0,0,0,0,0.0,0.0,0
1715,Nahuel Molina,df,df,0,0,0,0,0,0,0,0.0,0.0,0
1718,Nando Pijnaker,df,df,0,0,0,0,0,0,0,0.0,0.0,0
1720,Nasser Aldawsari,mf,mf,0,0,0,0,0,0,0,0.0,0.0,0
1723,Nathan Ake,df,df,0,0,0,0,0,0,0,0.0,0.0,0
1726,Nathan Ngoy,df,df,0,0,0,0,0,0,0,0.0,0.0,0
1727,Nathan Patterson,df,df,0,0,0,0,0,0,0,0.0,0.0,0
1728,Nathan Saliba,mf,mf,0,0,0,0,0,0,0,0.0,0.0,0
1729,Nathanael Mbuku,mf,mf,0,0,0,0,0,0,0,0.0,0.0,0
1732,Nathaniel Brown,df,df,0,0,0,0,0,0,0,0.0,0.0,0
1733,Nawaf Alaqidi,gk,gk,0,0,0,0,0,0,0,0.0,0.0,0
1734,Nawaf Bu Washl,df,df,0,0,0,0,0,0,0,0.0,0.0,0
1735,Nayef Aguerd,df,df,0,0,0,0,0,0,0,0.0,0.0,0
1736,Ndamulelo Maphandule,RSA,SA,0,0,0,0,0,0,0,0.0,0.0,0
1737,Neil El Aynaoui,mf,mf,0,0,0,0,0,0,0,0.0,0.0,0
1740,Nelson Semedo,df,df,0,0,0,0,0,0,0,0.0,0.0,0
1741,Nestory Irankunda,fw,fw,0,0,0,0,0,0,0,0.0,0.0,0
1742,Neymar Jr,fw,fw,0,0,0,0,0,0,0,0.0,0.0,0
1743,Ngalayel Mukau,mf,mf,0,0,0,0,0,0,0,0.0,0.0,0
1744,Ngolo Kante,mf,mf,0,0,0,0,0,0,0,0.0,0.0,0
1748,Nick Woltemade,fw,fw,0,0,0,0,0,0,0,0.0,0.0,0
1751,Nico Elvedi,df,df,0,0,0,0,0,0,0,0.0,0.0,0
1752,Nico Gonzalez,mf,mf,0,0,0,0,0,0,0,0.0,0.0,0
1753,Nico Oreilly,df,df,0,0,0,0,0,0,0,0.0,0.0,0
1754,Nico Paz,fw,fw,0,0,0,0,0,0,0,0.0,0.0,0
1755,Nico Schlotterbeck,df,df,0,0,0,0,0,0,0,0.0,0.0,0
1756,Nico Williams,fw,fw,0,0,0,0,0,0,0,0.0,0.0,0
1758,Nicolas De La Cruz,mf,mf,0,0,0,0,0,0,0,0.0,0.0,0
1761,Nicolas Jackson,fw,fw,0,0,0,0,0,0,0,0.0,0.0,0
1764,Nicolas Otamendi,df,df,0,0,0,0,0,0,0,0.0,0.0,0
1765,Nicolas Pepe,fw,fw,0,0,0,0,0,0,0,0.0,0.0,0
1766,Nicolas Raskin,mf,mf,0,0,0,0,0,0,0,0.0,0.0,0
1767,Nicolas Seiwald,mf,mf,0,0,0,0,0,0,0,0.0,0.0,0
1768,Nicolas Tagliafico,df,df,0,0,0,0,0,0,0,0.0,0.0,0
1770,Nihad Mujakic,df,df,0,0,0,0,0,0,0,0.0,0.0,0
1773,Niko Sigur,df,df,0,0,0,0,0,0,0,0.0,0.0,0
1774,Nikola Katic,df,df,0,0,0,0,0,0,0,0.0,0.0,0
1776,Nikola Moro,mf,mf,0,0,0,0,0,0,0,0.0,0.0,0
1778,Nikola Vasilj,gk,gk,0,0,0,0,0,0,0,0.0,0.0,0
1779,Nikola Vlasic,mf,mf,0,0,0,0,0,0,0,0.0,0.0,0
1783,Nilson Angulo,fw,fw,0,0,0,0,0,0,0,0.0,0.0,0
1785,Nishan Velupillay,fw,fw,0,0,0,0,0,0,0,0.0,0.0,0
1786,Nizar Alrashdan,mf,mf,0,0,0,0,0,0,0,0.0,0.0,0
1787,Nkosikhona Radebe,RSA,SA,0,0,0,0,0,0,0,0.0,0.0,0
1788,Nkosinathi Sibisi,RSA,df,0,0,0,0,0,0,0,0.0,0.0,0
1789,Noa Lang,fw,fw,0,0,0,0,0,0,0,0.0,0.0,0
1793,Noah Okafor,fw,fw,0,0,0,0,0,0,0,0.0,0.0,0
1794,Noah Sadiki,mf,mf,0,0,0,0,0,0,0,0.0,0.0,0
1798,Noni Madueke,fw,fw,0,0,0,0,0,0,0,0.0,0.0,0
1799,Noor Alrawabdeh,mf,mf,0,0,0,0,0,0,0,0.0,0.0,0
1800,Nour Baniateyah,gk,gk,0,0,0,0,0,0,0,0.0,0.0,0
1802,Noussair Mazraoui,df,df,0,0,0,0,0,0,0,0.0,0.0,0
1803,Nuno Da Costa,mf,mf,0,0,0,0,0,0,0,0.0,0.0,0
1804,Nuno Mendes,df,df,0,0,0,0,0,0,0,0.0,0.0,0
1806,Obed Vargas,MEX,mf,0,0,0,0,0,0,0,0.0,0.0,0
1807,Odeh Fakhoury,fw,fw,0,0,0,0,0,0,0,0.0,0.0,0
1808,Odiljon Xamrobekov,mf,mf,0,0,0,0,0,0,0,0.0,0.0,0
1809,Odilon Kossounou,df,df,0,0,0,0,0,0,0,0.0,0.0,0
1811,Oguz Aydin,fw,fw,0,0,0,0,0,0,0,0.0,0.0,0
1812,Oh Hyeongyu,fw,fw,0,0,0,0,0,0,0,0.0,0.0,0
1816,Oliver Baumann,gk,gk,0,0,0,0,0,0,0,0.0,0.0,0
1819,Ollie Watkins,fw,fw,0,0,0,0,0,0,0,0.0,0.0,0
1820,Olwethu Makhanya,RSA,df,0,0,0,0,0,0,0,0.0,0.0,0
1821,Omar Alderete,df,df,0,0,0,0,0,0,0,0.0,0.0,0
1825,Omar Marmoush,fw,fw,0,0,0,0,0,0,0,0.0,0.0,0
1826,Omar Rekik,df,df,0,0,0,0,0,0,0,0.0,0.0,0
1830,Orbelin Pineda,MEX,mf,0,0,0,0,0,0,0,0.0,0.0,0
1831,Orjan Nyland,gk,gk,0,0,0,0,0,0,0,0.0,0.0,0
1832,Orkun Kokcu,mf,mf,0,0,0,0,0,0,0,0.0,0.0,0
1833,Orlando Gill,gk,gk,0,0,0,0,0,0,0,0.0,0.0,0
1834,Orlando Mosquera,gk,gk,0,0,0,0,0,0,0,0.0,0.0,0
1837,Oscar Bobb,mf,mf,0,0,0,0,0,0,0,0.0,0.0,0
1843,Oston Urunov,mf,mf,0,0,0,0,0,0,0,0.0,0.0,0
1844,Oswin Appollis,RSA,fw,0,0,0,0,0,0,0,0.0,0.0,0
1845,Otabek Shukurov,mf,mf,0,0,0,0,0,0,0,0.0,0.0,0
1848,Oumar Diakite,fw,fw,0,0,0,0,0,0,0,0.0,0.0,0
1849,Ousmane Dembele,fw,fw,0,0,0,0,0,0,0,0.0,0.0,0
1850,Ousmane Diomande,df,df,0,0,0,0,0,0,0,0.0,0.0,0
1851,Oussama Benbot,gk,gk,0,0,0,0,0,0,0,0.0,0.0,0
1854,Owen Goodman,gk,gk,0,0,0,0,0,0,0,0.0,0.0,0
1857,Ozan Kabak,df,df,0,0,0,0,0,0,0,0.0,0.0,0
1860,Paik Seungho,mf,mf,0,0,0,0,0,0,0,0.0,0.0,0
1861,Pape Gueye,mf,mf,0,0,0,0,0,0,0,0.0,0.0,0
1862,Pape Matar Sarr,mf,mf,0,0,0,0,0,0,0,0.0,0.0,0
1864,Parfait Guiagon,mf,mf,0,0,0,0,0,0,0,0.0,0.0,0
1865,Park Jinseob,df,df,0,0,0,0,0,0,0,0.0,0.0,0
1867,Pascal Gross,mf,mf,0,0,0,0,0,0,0,0.0,0.0,0
1869,Pathe Ciss,mf,mf,0,0,0,0,0,0,0,0.0,0.0,0
1871,Patrick Beach,gk,gk,0,0,0,0,0,0,0,0.0,0.0,0
1872,Patrick Berg,mf,mf,0,0,0,0,0,0,0,0.0,0.0,0
1873,Patrick Maswanganyi,RSA,SA,0,0,0,0,0,0,0,0.0,0.0,0
1874,Patrick Pentz,gk,gk,0,0,0,0,0,0,0,0.0,0.0,0
1876,Patrick Wimmer,fw,fw,0,0,0,0,0,0,0,0.0,0.0,0
1880,Patrik Schick,fw,fw,0,0,0,0,0,0,0,0.0,0.0,0
1881,Pau Cubarsi,df,df,0,0,0,0,0,0,0,0.0,0.0,0
1883,Paul Izzo,gk,gk,0,0,0,0,0,0,0,0.0,0.0,0
1884,Paul Okon Engstler,mf,mf,0,0,0,0,0,0,0,0.0,0.0,0
1886,Paul Wanner,mf,mf,0,0,0,0,0,0,0,0.0,0.0,0
1891,Pavel Sulc,fw,fw,0,0,0,0,0,0,0,0.0,0.0,0
1893,Payam Niazmand,gk,gk,0,0,0,0,0,0,0,0.0,0.0,0
1894,Pedri,mf,mf,0,0,0,0,0,0,0,0.0,0.0,0
1897,Pedro Miguel,df,df,0,0,0,0,0,0,0,0.0,0.0,0
1898,Pedro Neto,fw,fw,0,0,0,0,0,0,0,0.0,0.0,0
1899,Pedro Porro,df,df,0,0,0,0,0,0,0,0.0,0.0,0
1900,Pedro Vite,mf,mf,0,0,0,0,0,0,0,0.0,0.0,0
1901,Pervis Estupinan,df,df,0,0,0,0,0,0,0,0.0,0.0,0
1902,Petar Musa,fw,fw,0,0,0,0,0,0,0,0.0,0.0,0
1903,Petar Sucic,mf,mf,0,0,0,0,0,0,0,0.0,0.0,0
1907,Philipp Lienhart,df,df,0,0,0,0,0,0,0,0.0,0.0,0
1909,Phillip Mwene,df,df,0,0,0,0,0,0,0,0.0,0.0,0
1910,Pico Lopes,df,df,0,0,0,0,0,0,0,0.0,0.0,0
1911,Piero Hincapie,df,df,0,0,0,0,0,0,0,0.0,0.0,0
1915,Prince Adu,fw,fw,0,0,0,0,0,0,0,0.0,0.0,0
1917,Promise David,fw,fw,0,0,0,0,0,0,0,0.0,0.0,0
1919,Quinten Timber,mf,mf,0,0,0,0,0,0,0,0.0,0.0,0
1920,Raed Chikhaoui,df,df,0,0,0,0,0,0,0,0.0,0.0,0
1921,Rafael Leao,fw,fw,0,0,0,0,0,0,0,0.0,0.0,0
1924,Rafik Belghali,df,df,0,0,0,0,0,0,0,0.0,0.0,0
1926,Rajaei Ayed,mf,mf,0,0,0,0,0,0,0,0.0,0.0,0
1928,Ramin Rezaeian,df,df,0,0,0,0,0,0,0,0.0,0.0,0
1929,Ramiz Zerrouki,mf,mf,0,0,0,0,0,0,0,0.0,0.0,0
1930,Ramon Juarez,MEX,EX,0,0,0,0,0,0,0,0.0,0.0,0
1931,Ramon Sosa,mf,mf,0,0,0,0,0,0,0,0.0,0.0,0
1932,Ramy Bensebaini,df,df,0,0,0,0,0,0,0,0.0,0.0,0
1933,Ramy Rabia,df,df,0,0,0,0,0,0,0,0.0,0.0,0
1936,Rani Khedira,mf,mf,0,0,0,0,0,0,0,0.0,0.0,0
1939,Raphinha,fw,fw,0,0,0,0,0,0,0,0.0,0.0,0
1942,Raul Jimenez,MEX,fw,0,0,0,0,0,0,0,0.0,0.0,0
1943,Raul Rangel,MEX,gk,0,0,0,0,0,0,0,0.0,0.0,0
1944,Rayan,fw,fw,0,0,0,0,0,0,0,0.0,0.0,0
1945,Rayan Ait Nouri,df,df,0,0,0,0,0,0,0,0.0,0.0,0
1946,Rayan Cherki,mf,mf,0,0,0,0,0,0,0,0.0,0.0,0
1947,Rayan Elloumi,fw,fw,0,0,0,0,0,0,0,0.0,0.0,0
1953,Rebin Sulaka,df,df,0,0,0,0,0,0,0,0.0,0.0,0
1955,Redouane Halhal,df,df,0,0,0,0,0,0,0,0.0,0.0,0
1956,Reece James,df,df,0,0,0,0,0,0,0,0.0,0.0,0
1957,Relebohile Mofokeng,RSA,fw,0,0,0,0,0,0,0,0.0,0.0,0
1958,Remo Freuler,mf,mf,0,0,0,0,0,0,0,0.0,0.0,0
1959,Renaldo Leaner,RSA,SA,0,0,0,0,0,0,0,0.0,0.0,0
1960,Renato Veiga,df,df,0,0,0,0,0,0,0,0.0,0.0,0
1964,Ricardo Ade,df,df,0,0,0,0,0,0,0,0.0,0.0,0
1965,Ricardo Goss,RSA,gk,0,0,0,0,0,0,0,0.0,0.0,0
1967,Ricardo Pepi,fw,fw,0,0,0,0,0,0,0,0.0,0.0,0
1969,Ricardo Rodriguez,df,df,0,0,0,0,0,0,0,0.0,0.0,0
1971,Richard Ledezma,MEX,EX,0,0,0,0,0,0,0,0.0,0.0,0
1972,Richard Rios,mf,mf,0,0,0,0,0,0,0,0.0,0.0,0
1974,Richie Laryea,df,df,0,0,0,0,0,0,0,0.0,0.0,0
1977,Riechedly Bazoer,df,df,0,0,0,0,0,0,0,0.0,0.0,0
1981,Ritsu Doan,mf,mf,0,0,0,0,0,0,0,0.0,0.0,0
1982,Riyad Mahrez,fw,fw,0,0,0,0,0,0,0,0.0,0.0,0
1989,Roberto Alvarado,MEX,fw,0,0,0,0,0,0,0,0.0,0.0,0
1991,Robin Hranac,df,df,0,0,0,0,0,0,0,0.0,0.0,0
1994,Robin Risser,gk,gk,0,0,0,0,0,0,0,0.0,0.0,0
1995,Robin Roefs,gk,gk,0,0,0,0,0,0,0,0.0,0.0,0
1997,Roderick Miller,df,df,0,0,0,0,0,0,0,0.0,0.0,0
1999,Rodri,mf,mf,0,0,0,0,0,0,0,0.0,0.0,0
2000,Rodrigo Aguirre,fw,fw,0,0,0,0,0,0,0,0.0,0.0,0
2001,Rodrigo Bentancur,mf,mf,0,0,0,0,0,0,0,0.0,0.0,0
2002,Rodrigo De Paul,mf,mf,0,0,0,0,0,0,0,0.0,0.0,0
2004,Rodrigo Zalazar,mf,mf,0,0,0,0,0,0,0,0.0,0.0,0
2006,Roger Ibanez,df,df,0,0,0,0,0,0,0,0.0,0.0,0
2009,Romano Schmid,mf,mf,0,0,0,0,0,0,0,0.0,0.0,0
2010,Romelu Lukaku,fw,fw,0,0,0,0,0,0,0,0.0,0.0,0
2013,Ronald Araujo,df,df,0,0,0,0,0,0,0,0.0,0.0,0
2018,Ronwen Williams,RSA,gk,0,0,0,0,0,0,0,0.0,0.0,0
2020,Roozbeh Cheshmi,mf,mf,0,0,0,0,0,0,0,0.0,0.0,0
2021,Roshon Van Eijma,df,df,0,0,0,0,0,0,0,0.0,0.0,0
2023,Ross Stewart,fw,fw,0,0,0,0,0,0,0,0.0,0.0,0
2025,Ruben Dias,df,df,0,0,0,0,0,0,0,0.0,0.0,0
2028,Ruben Neves,mf,mf,0,0,0,0,0,0,0,0.0,0.0,0
2029,Ruben Providence,fw,fw,0,0,0,0,0,0,0,0.0,0.0,0
2030,Ruben Vargas,fw,fw,0,0,0,0,0,0,0,0.0,0.0,0
2031,Rui Silva,gk,gk,0,0,0,0,0,0,0,0.0,0.0,0
2032,Rustam Ashurmatov,df,df,0,0,0,0,0,0,0,0.0,0.0,0
2034,Ryan Christie,mf,mf,0,0,0,0,0,0,0,0.0,0.0,0
2036,Ryan Gravenberch,mf,mf,0,0,0,0,0,0,0,0.0,0.0,0
2037,Ryan Mendes,fw,fw,0,0,0,0,0,0,0,0.0,0.0,0
2040,Ryan Thomas,mf,mf,0,0,0,0,0,0,0,0.0,0.0,0
2043,Sabri Ben Hessen,gk,gk,0,0,0,0,0,0,0,0.0,0.0,0
2045,Sadio Mane,fw,fw,0,0,0,0,0,0,0,0.0,0.0,0
2046,Saed Alrosan,df,df,0,0,0,0,0,0,0,0.0,0.0,0
2047,Saeid Ezatolahi,mf,mf,0,0,0,0,0,0,0,0.0,0.0,0
2052,Salah Zakaria,gk,gk,0,0,0,0,0,0,0,0.0,0.0,0
2053,Saleem Obaid,df,df,0,0,0,0,0,0,0,0.0,0.0,0
2055,Saleh Alshehri,fw,fw,0,0,0,0,0,0,0,0.0,0.0,0
2056,Saleh Hardani,df,df,0,0,0,0,0,0,0,0.0,0.0,0
2057,Salem Aldawsari,fw,fw,0,0,0,0,0,0,0,0.0,0.0,0
2058,Salih Ozcan,mf,mf,0,0,0,0,0,0,0,0.0,0.0,0
2064,Saman Ghoddos,mf,mf,0,0,0,0,0,0,0,0.0,0.0,0
2065,Samed Bazdar,fw,fw,0,0,0,0,0,0,0,0.0,0.0,0
2066,Samet Akaydin,df,df,0,0,0,0,0,0,0,0.0,0.0,0
2067,Samir Chergui,df,df,0,0,0,0,0,0,0,0.0,0.0,0
2068,Samir El Mourabet,mf,mf,0,0,0,0,0,0,0,0.0,0.0,0
2070,Samu Costa,df,df,0,0,0,0,0,0,0,0.0,0.0,0
2075,Samuel Moutoussamy,mf,mf,0,0,0,0,0,0,0,0.0,0.0,0
2078,Samukele Kabini,RSA,df,0,0,0,0,0,0,0,0.0,0.0,0
2079,Sander Berge,mf,mf,0,0,0,0,0,0,0,0.0,0.0,0
2080,Sander Tangvik,gk,gk,0,0,0,0,0,0,0,0.0,0.0,0
2081,Santiago Arias,df,df,0,0,0,0,0,0,0,0.0,0.0,0
2083,Santiago Bueno,df,df,0,0,0,0,0,0,0,0.0,0.0,0
2085,Santiago Gimenez,MEX,fw,0,0,0,0,0,0,0,0.0,0.0,0
2087,Santiago Mele,gk,gk,0,0,0,0,0,0,0,0.0,0.0,0
2090,Sarpreet Singh,mf,mf,0,0,0,0,0,0,0,0.0,0.0,0
2091,Sasa Kalajdzic,fw,fw,0,0,0,0,0,0,0,0.0,0.0,0
2094,Saud Abdulhamid,df,df,0,0,0,0,0,0,0,0.0,0.0,0
2099,Scott Mckenna,df,df,0,0,0,0,0,0,0,0.0,0.0,0
2100,Scott Mctominay,mf,mf,0,0,0,0,0,0,0,0.0,0.0,0
2101,Sead Kolasinac,df,df,0,0,0,0,0,0,0,0.0,0.0,0
2104,Sebastian Berhalter,mf,mf,0,0,0,0,0,0,0,0.0,0.0,0
2105,Sebastian Caceres,df,df,0,0,0,0,0,0,0,0.0,0.0,0
2110,Sebastian Tounekti,mf,mf,0,0,0,0,0,0,0,0.0,0.0,0
2114,Seko Fofana,mf,mf,0,0,0,0,0,0,0,0.0,0.0,0
2116,Senne Lammens,gk,gk,0,0,0,0,0,0,0,0.0,0.0,0
2118,Seol Youngwoo,df,df,0,0,0,0,0,0,0,0.0,0.0,0
2119,Sergino Dest,df,df,0,0,0,0,0,0,0,0.0,0.0,0
2121,Sergio Rochet,gk,gk,0,0,0,0,0,0,0,0.0,0.0,0
2123,Shahriyar Moghanloo,fw,fw,0,0,0,0,0,0,0,0.0,0.0,0
2126,Sherel Floranus,df,df,0,0,0,0,0,0,0,0.0,0.0,0
2128,Sherzod Esanov,mf,mf,0,0,0,0,0,0,0,0.0,0.0,0
2129,Sherzod Nasrullaev,df,df,0,0,0,0,0,0,0,0.0,0.0,0
2131,Shogo Taniguchi,df,df,0,0,0,0,0,0,0,0.0,0.0,0
2132,Shoja Khalilzadeh,df,df,0,0,0,0,0,0,0,0.0,0.0,0
2134,Shurandy Sambo,df,df,0,0,0,0,0,0,0,0.0,0.0,0
2136,Sidny Lopes Cabral,df,df,0,0,0,0,0,0,0,0.0,0.0,0
2137,Silvan Widmer,df,df,0,0,0,0,0,0,0,0.0,0.0,0
2138,Simon Adingra,fw,fw,0,0,0,0,0,0,0,0.0,0.0,0
2139,Simon Banza,fw,fw,0,0,0,0,0,0,0,0.0,0.0,0
2145,Siphesihle Mkhize,RSA,SA,0,0,0,0,0,0,0,0.0,0.0,0
2146,Sipho Chaine,RSA,gk,0,0,0,0,0,0,0,0.0,0.0,0
2150,Sofyan Amrabat,mf,mf,0,0,0,0,0,0,0,0.0,0.0,0
2153,Son Heungmin,fw,fw,0,0,0,0,0,0,0,0.0,0.0,0
2155,Sondre Langas,df,df,0,0,0,0,0,0,0,0.0,0.0,0
2157,Song Bumkeun,gk,gk,0,0,0,0,0,0,0,0.0,0.0,0
2158,Sontje Hansen,fw,fw,0,0,0,0,0,0,0,0.0,0.0,0
2165,Soufiane Rahimi,fw,fw,0,0,0,0,0,0,0,0.0,0.0,0
2166,Sphephelo Sithole,RSA,mf,0,0,0,0,0,0,0,0.0,0.0,0
2167,Sphesihle Maduna,RSA,SA,0,0,0,0,0,0,0,0.0,0.0,0
2169,Stefan Posch,df,df,0,0,0,0,0,0,0,0.0,0.0,0
2170,Stepan Chaloupek,df,df,0,0,0,0,0,0,0,0.0,0.0,0
2173,Stephen Eustaquio,mf,mf,0,0,0,0,0,0,0,0.0,0.0,0
2175,Steve Kapuadi,df,df,0,0,0,0,0,0,0,0.0,0.0,0
2176,Steven Moreira,df,df,0,0,0,0,0,0,0,0.0,0.0,0
2180,Stjepan Radeljic,df,df,0,0,0,0,0,0,0,0.0,0.0,0
2181,Stopira,df,df,0,0,0,0,0,0,0,0.0,0.0,0
2185,Sultan Albrake,df,df,0,0,0,0,0,0,0,0.0,0.0,0
2186,Sultan Mandash,fw,fw,0,0,0,0,0,0,0,0.0,0.0,0
2188,Taha Ali,fw,fw,0,0,0,0,0,0,0,0.0,0.0,0
2190,Tahith Chong,mf,mf,0,0,0,0,0,0,0,0.0,0.0,0
2191,Tahsin Mohammed,fw,fw,0,0,0,0,0,0,0,0.0,0.0,0
2193,Tajon Buchanan,fw,fw,0,0,0,0,0,0,0,0.0,0.0,0
2194,Takefusa Kubo,mf,mf,0,0,0,0,0,0,0,0.0,0.0,0
2195,Takehiro Tomiyasu,df,df,0,0,0,0,0,0,0,0.0,0.0,0
2197,Tani Oluwaseyi,fw,fw,0,0,0,0,0,0,0,0.0,0.0,0
2199,Tarek Alaa,df,df,0,0,0,0,0,0,0,0.0,0.0,0
2202,Tarik Muharemovic,df,df,0,0,0,0,0,0,0,0.0,0.0,0
2205,Teboho Mokoena,RSA,mf,0,0,0,0,0,0,0,0.0,0.0,0
2206,Telmo Arcanjo,mf,mf,0,0,0,0,0,0,0,0.0,0.0,0
2209,Tete Yengi,fw,fw,0,0,0,0,0,0,0,0.0,0.0,0
2210,Teun Koopmeiners,mf,mf,0,0,0,0,0,0,0,0.0,0.0,0
2211,Thabang Matuludi,RSA,df,0,0,0,0,0,0,0,0.0,0.0,0
2212,Thabo Moloisane,RSA,SA,0,0,0,0,0,0,0,0.0,0.0,0
2213,Thalente Mbatha,RSA,mf,0,0,0,0,0,0,0,0.0,0.0,0
2214,Thapelo Maseko,RSA,fw,0,0,0,0,0,0,0,0.0,0.0,0
2215,Thapelo Morena,RSA,SA,0,0,0,0,0,0,0,0.0,0.0,0
2216,Thelo Aasgaard,mf,mf,0,0,0,0,0,0,0,0.0,0.0,0
2217,Themba Zwane,RSA,mf,0,0,0,0,0,0,0,0.0,0.0,0
2219,Theo Bongonda,mf,mf,0,0,0,0,0,0,0,0.0,0.0,0
2220,Theo Hernandez,df,df,0,0,0,0,0,0,0,0.0,0.0,0
2221,Thiago Almada,fw,fw,0,0,0,0,0,0,0,0.0,0.0,0
2223,Thibaut Courtois,gk,gk,0,0,0,0,0,0,0,0.0,0.0,0
2225,Thomas Meunier,df,df,0,0,0,0,0,0,0,0.0,0.0,0
2226,Thomas Partey,mf,mf,0,0,0,0,0,0,0,0.0,0.0,0
2230,Tijjani Reijnders,mf,mf,0,0,0,0,0,0,0,0.0,0.0,0
2232,Tim Payne,df,df,0,0,0,0,0,0,0,0.0,0.0,0
2233,Tim Ream,df,df,0,0,0,0,0,0,0,0.0,0.0,0
2234,Timothy Castagne,df,df,0,0,0,0,0,0,0,0.0,0.0,0
2235,Timothy Fayulu,gk,gk,0,0,0,0,0,0,0,0.0,0.0,0
2237,Timothy Weah,fw,fw,0,0,0,0,0,0,0,0.0,0.0,0
2238,Tino Livramento,df,df,0,0,0,0,0,0,0,0.0,0.0,0
2245,Tomas Araujo,df,df,0,0,0,0,0,0,0,0.0,0.0,0
2246,Tomas Chory,fw,fw,0,0,0,0,0,0,0,0.0,0.0,0
2247,Tomas Holes,df,df,0,0,0,0,0,0,0,0.0,0.0,0
2249,Tomas Rodriguez,fw,fw,0,0,0,0,0,0,0,0.0,0.0,0
2250,Tomas Soucek,mf,mf,0,0,0,0,0,0,0,0.0,0.0,0
2254,Tomoki Hayakawa,gk,gk,0,0,0,0,0,0,0,0.0,0.0,0
2256,Toni Fruk,mf,mf,0,0,0,0,0,0,0,0.0,0.0,0
2259,Torbjorn Heggem,df,df,0,0,0,0,0,0,0,0.0,0.0,0
2262,Trevor Doornbusch,gk,gk,0,0,0,0,0,0,0,0.0,0.0,0
2263,Trezeguet,fw,fw,0,0,0,0,0,0,0,0.0,0.0,0
2265,Tshepang Moremi,RSA,fw,0,0,0,0,0,0,0,0.0,0.0,0
2266,Tsuyoshi Watanabe,df,df,0,0,0,0,0,0,0,0.0,0.0,0
2267,Tyler Adams,mf,mf,0,0,0,0,0,0,0,0.0,0.0,0
2268,Tyler Bindon,df,df,0,0,0,0,0,0,0,0.0,0.0,0
2269,Tyler Fletcher,mf,mf,0,0,0,0,0,0,0,0.0,0.0,0
2270,Tylon Smith,RSA,SA,0,0,0,0,0,0,0,0.0,0.0,0
2271,Tyrese Noslin,fw,fw,0,0,0,0,0,0,0,0.0,0.0,0
2272,Tyrick Bodak,gk,gk,0,0,0,0,0,0,0,0.0,0.0,0
2274,Ugurcan Cakir,gk,gk,0,0,0,0,0,0,0,0.0,0.0,0
2276,Umar Eshmurodov,df,df,0,0,0,0,0,0,0,0.0,0.0,0
2278,Unai Simon,gk,gk,0,0,0,0,0,0,0,0.0,0.0,0
2280,Utkir Yusupov,gk,gk,0,0,0,0,0,0,0,0.0,0.0,0
2284,Valentin Barco,mf,mf,0,0,0,0,0,0,0,0.0,0.0,0
2288,Victor Guzman,MEX,EX,0,0,0,0,0,0,0,0.0,0.0,0
2290,Victor Lindelof,df,df,0,0,0,0,0,0,0,0.0,0.0,0
2291,Victor Munoz,fw,fw,0,0,0,0,0,0,0,0.0,0.0,0
2292,Viktor Gyokeres,fw,fw,0,0,0,0,0,0,0,0.0,0.0,0
2293,Viktor Johansson,gk,gk,0,0,0,0,0,0,0,0.0,0.0,0
2296,Vinicius Junior,fw,fw,0,0,0,0,0,0,0,0.0,0.0,0
2297,Virgil Van Dijk,df,df,0,0,0,0,0,0,0,0.0,0.0,0
2298,Vitinha,mf,mf,0,0,0,0,0,0,0,0.0,0.0,0
2301,Vladimir Coufal,df,df,0,0,0,0,0,0,0,0.0,0.0,0
2302,Vladimir Darida,mf,mf,0,0,0,0,0,0,0,0.0,0.0,0
2305,Vozinha,gk,gk,0,0,0,0,0,0,0,0.0,0.0,0
2306,Vuyo Letlapa,RSA,SA,0,0,0,0,0,0,0,0.0,0.0,0
2307,Wagner Pina,df,df,0,0,0,0,0,0,0,0.0,0.0,0
2309,Waldemar Anton,df,df,0,0,0,0,0,0,0,0.0,0.0,0
2313,Warren Zaire Emery,mf,mf,0,0,0,0,0,0,0,0.0,0.0,0
2314,Wataru Endo,mf,mf,0,0,0,0,0,0,0,0.0,0.0,0
2318,Weston Mckennie,mf,mf,0,0,0,0,0,0,0,0.0,0.0,0
2319,Weverton,gk,gk,0,0,0,0,0,0,0,0.0,0.0,0
2320,Wilfried Singo,df,df,0,0,0,0,0,0,0,0.0,0.0,0
2321,Wilguens Paugain,df,df,0,0,0,0,0,0,0,0.0,0.0,0
2322,Willer Ditta,df,df,0,0,0,0,0,0,0,0.0,0.0,0
2323,William Saliba,df,df,0,0,0,0,0,0,0,0.0,0.0,0
2324,Willian Pacho,df,df,0,0,0,0,0,0,0,0.0,0.0,0
2326,Willy Semedo,mf,mf,0,0,0,0,0,0,0,0.0,0.0,0
2328,Wilson Isidor,fw,fw,0,0,0,0,0,0,0,0.0,0.0,0
2330,Woodensky Pierre,mf,mf,0,0,0,0,0,0,0,0.0,0.0,0
2332,Wout Weghorst,fw,fw,0,0,0,0,0,0,0,0.0,0.0,0
2334,Xaver Schlager,mf,mf,0,0,0,0,0,0,0,0.0,0.0,0
2336,Yahia Fofana,gk,gk,0,0,0,0,0,0,0,0.0,0.0,0
2337,Yaimar Medina,df,df,0,0,0,0,0,0,0,0.0,0.0,0
2338,Yan Diomande,fw,fw,0,0,0,0,0,0,0,0.0,0.0,0
2339,Yan Valery,df,df,0,0,0,0,0,0,0,0.0,0.0,0
2340,Yanela Mbuthuma,RSA,SA,0,0,0,0,0,0,0,0.0,0.0,0
2341,Yang Hyunjun,mf,mf,0,0,0,0,0,0,0,0.0,0.0,0
2346,Yannick Semedo,mf,mf,0,0,0,0,0,0,0,0.0,0.0,0
2348,Yasin Ayari,mf,mf,0,0,0,0,0,0,0,0.0,0.0,0
2349,Yasser Ibrahim,df,df,0,0,0,0,0,0,0,0.0,0.0,0
2350,Yassin Fortune,fw,fw,0,0,0,0,0,0,0,0.0,0.0,0
2352,Yassine Bounou,gk,gk,0,0,0,0,0,0,0,0.0,0.0,0
2353,Yassine Titraoui,mf,mf,0,0,0,0,0,0,0,0.0,0.0,0
2355,Yazan Alarab,df,df,0,0,0,0,0,0,0,0.0,0.0,0
2357,Yazeed Abulaila,gk,gk,0,0,0,0,0,0,0,0.0,0.0,0
2358,Yehvann Diouf,gk,gk,0,0,0,0,0,0,0,0.0,0.0,0
2359,Yeremy Pino,fw,fw,0,0,0,0,0,0,0,0.0,0.0,0
2360,Yerry Mina,df,df,0,0,0,0,0,0,0,0.0,0.0,0
2362,Yoane Wissa,fw,fw,0,0,0,0,0,0,0,0.0,0.0,0
2363,Youri Tielemans,mf,mf,0,0,0,0,0,0,0,0.0,0.0,0
2367,Youssef Amyn,mf,mf,0,0,0,0,0,0,0,0.0,0.0,0
2369,Youssef Belammari,df,df,0,0,0,0,0,0,0,0.0,0.0,0
2374,Yuito Suzuki,mf,mf,0,0,0,0,0,0,0,0.0,0.0,0
2377,Yukinari Sugawara,df,df,0,0,0,0,0,0,0,0.0,0.0,0
2378,Yunus Akgun,fw,fw,0,0,0,0,0,0,0,0.0,0.0,0
2381,Yusuf Abdurisag,fw,fw,0,0,0,0,0,0,0,0.0,0.0,0
2385,Yvon Mvogo,gk,gk,0,0,0,0,0,0,0,0.0,0.0,0
2390,Zaid Ismael,mf,mf,0,0,0,0,0,0,0,0.0,0.0,0
2392,Zaid Tahseen,df,df,0,0,0,0,0,0,0,0.0,0.0,0
2393,Zakaria El Ouahdi,df,df,0,0,0,0,0,0,0,0.0,0.0,0
2396,Zeki Amdouni,fw,fw,0,0,0,0,0,0,0,0.0,0.0,0
2397,Zeki Celik,df,df,0,0,0,0,0,0,0,0.0,0.0,0
2398,Zeno Debast,df,df,0,0,0,0,0,0,0,0.0,0.0,0
2399,Zidane Iqbal,mf,mf,0,0,0,0,0,0,0,0.0,0.0,0
2400,Zineddine Belaid,df,df,0,0,0,0,0,0,0,0.0,0.0,0
2401,Zion Suzuki,gk,gk,0,0,0,0,0,0,0,0.0,0.0,0
2402,Ziyad Aljohani,mf,mf,0,0,0,0,0,0,0,0.0,0.0,0
2403,Zizo,fw,fw,0,0,0,0,0,0,0,0.0,0.0,0
