Rank,Name,Nationality,Position,Own Goals,Forced Turnovers,Defensive Pressure Applied,Defensive Pressure Directly Applied
1,Mohamed Hany,EGY,DF,2,10,90,11
2,Yassine Bounou,MAR,GK,1,0,0,0
2,Ellyes Skhiri,TUN,MF,1,10,40,10
2,Damian Bobadilla,PAR,MF,1,5,95,22
2,Mahmoud Abunada,QAT,GK,1,0,0,0
2,Hassan Altambakti,KSA,DF,1,5,26,7
2,Mohamed Manai,QAT,FW,1,2,52,3
2,Yazan Alarab,JOR,DF,1,10,28,16
2,Aymen Hussein,IRQ,FW,1,5,60,3
2,Diney Borges,CPV,DF,1,5,29,16
2,Miro Muheim,SUI,DF,1,3,16,1
2,Abduvohid Nematov,UZB,GK,1,0,0,0
2,Cameron Burgess,AUS,DF,1,2,14,9
14,Lucas Bergvall,SWE,MF,0,10,60,13
14,Anthony Elanga,SWE,FW,0,10,31,1
14,Viktor Johansson,SWE,GK,0,0,0,0
14,Ross Stewart,SCO,FW,0,0,5,0
14,Nishan Velupillay,AUS,FW,0,1,57,4
14,Paul Okon Engstler,AUS,MF,0,9,78,5
14,Lewis Ferguson,SCO,MF,0,15,87,28
14,Khojiakbar Alijonov,UZB,DF,0,4,76,11
14,Nestory Irankunda,AUS,FW,0,13,116,3
14,Mohamed Toure,AUS,FW,0,3,86,5
14,Sherzod Nasrullaev,UZB,DF,0,5,42,9
14,Jesper Karlstrom,SWE,MF,0,7,38,7
14,Gabriel Gudmundsson,SWE,DF,0,13,58,14
14,Lucas Herrington,AUS,DF,0,4,11,4
14,Cristian Volpato,AUS,FW,0,11,64,4
14,Carl Starfelt,SWE,DF,0,0,0,0
14,Gustaf Lagerbielke,SWE,DF,0,8,50,14
14,Alessandro Circati,AUS,DF,0,12,48,28
14,Nikola Vasilj,BIH,GK,0,0,0,0
14,Tete Yengi,AUS,FW,0,1,17,2
14,Oston Urunov,UZB,MF,0,4,41,1
14,Connor Metcalfe,AUS,MF,0,28,180,11
14,Michael Boxall,NZL,DF,0,4,21,12
14,Abdulla Abdullaev,UZB,DF,0,7,22,7
14,Isak Hien,SWE,DF,0,13,13,8
14,Mattias Svanberg,SWE,MF,0,0,5,1
14,Scott Mckenna,SCO,DF,0,3,3,3
14,Jacob Italiano,AUS,DF,0,6,83,14
14,Kosta Barbarouses,NZL,FW,0,0,0,0
14,Harry Souttar,AUS,DF,0,4,18,6
14,Hjalmar Ekdal,SWE,DF,0,0,0,0
14,Chris Wood,NZL,FW,0,8,88,5
14,Lawrence Shankland,SCO,FW,0,4,61,9
14,Behruzjon Karimov,UZB,DF,0,5,55,7
14,Alexander Isak,SWE,FW,0,5,110,15
14,Umar Eshmurodov,UZB,DF,0,0,0,0
14,Dan Ndoye,SUI,FW,0,32,141,20
14,Aiden Oneill,AUS,MF,0,25,105,15
14,Cameron Devlin,AUS,MF,0,0,0,0
14,Viktor Gyokeres,SWE,FW,0,14,75,4
14,Tim Payne,NZL,DF,0,5,57,9
14,Jordan Bos,AUS,DF,0,23,84,21
14,Ken Sema,SWE,MF,0,2,5,2
14,Jacob Widell Zetterstrom,SWE,GK,0,0,0,0
14,Azizjon Ganiev,UZB,MF,0,6,79,11
14,Ryan Thomas,NZL,MF,0,2,50,7
14,Abbosbek Fayzullaev,UZB,MF,0,17,137,27
14,John Souttar,SCO,DF,0,0,0,0
14,Awer Mabil,AUS,FW,0,1,20,0
14,Victor Lindelof,SWE,DF,0,5,24,10
14,Lukas Hornicek,CZE,GK,0,0,0,0
14,Max Crocombe,NZL,GK,0,0,0,0
14,Ajdin Hrustic,AUS,FW,0,5,40,2
14,Yasin Ayari,SWE,MF,0,21,100,22
14,Alex Rufer,NZL,MF,0,0,0,0
14,Akmal Mozgovoy,UZB,MF,0,5,83,8
14,Kenny Mclean,SCO,MF,0,4,31,6
14,Abdukodir Khusanov,UZB,DF,0,11,23,8
14,Kristoffer Nordfeldt,SWE,GK,0,0,0,0
14,Joe Bell,NZL,MF,0,27,98,22
14,Jackson Irvine,AUS,MF,0,7,80,11
14,Callum Mccowatt,NZL,MF,0,9,55,11
14,Aziz Behich,AUS,DF,0,9,55,7
14,Victor Munoz,ESP,FW,0,0,0,0
14,Liam Kelly,SCO,GK,0,0,0,0
14,Logan Rogerson,NZL,FW,0,0,0,0
14,Mathew Ryan,AUS,GK,0,0,0,0
14,Jakhongir Urozov,UZB,DF,0,2,9,5
14,Gustaf Nilsson,SWE,FW,0,0,3,0
14,Jason Geria,AUS,DF,0,1,21,3
14,Sarpreet Singh,NZL,MF,0,10,104,7
14,Marc Pubill,ESP,DF,0,0,0,0
14,Michael Woud,NZL,GK,0,0,0,0
14,Milos Degenek,AUS,DF,0,0,0,0
14,Daniel Svensson,SWE,DF,0,8,24,3
14,Dominic Hyam,SCO,DF,0,0,0,0
14,Azizbek Amonov,UZB,FW,0,1,4,0
14,Paul Izzo,AUS,GK,0,0,0,0
14,Elijah Just,NZL,MF,0,19,152,18
14,Sherzod Esanov,UZB,MF,0,0,2,0
14,Joan Garcia,ESP,GK,0,0,0,0
14,Eric Smith,SWE,DF,0,0,0,0
14,Mathew Leckie,AUS,FW,0,2,30,4
14,Liberato Cacace,NZL,DF,0,9,59,8
14,Aaron Hickey,SCO,DF,0,1,16,5
14,Deniz Gul,TUR,FW,0,0,5,0
14,Lamine Yamal,ESP,FW,0,22,147,27
14,Alexander Bernhardsson,SWE,DF,0,14,81,9
14,Jesse Randall,NZL,FW,0,3,15,2
14,Oguz Aydin,TUR,FW,0,3,24,9
14,Eldor Shomurodov,UZB,FW,0,28,96,11
14,Can Uzun,TUR,FW,0,4,9,3
14,Callan Elliot,NZL,DF,0,0,4,1
14,Pau Cubarsi,ESP,DF,0,14,33,13
14,Benjamin Nygren,SWE,MF,0,4,71,13
14,Ferran Torres,ESP,FW,0,8,94,11
14,Nando Pijnaker,NZL,DF,0,0,0,0
14,Avazbek Ulmasaliyev,UZB,DF,0,0,0,0
14,Baris Alper Yilmaz,TUR,FW,0,24,37,5
14,Ben Gannon Doak,SCO,FW,0,13,71,6
14,Scott Mctominay,SCO,MF,0,11,103,6
14,Ferdi Kadioglu,TUR,DF,0,0,16,7
14,Ben Waine,NZL,FW,0,0,0,0
14,Botirali Ergashev,UZB,GK,0,0,0,0
14,Gavi,ESP,MF,0,4,33,8
14,Besfort Zeneli,SWE,MF,0,3,35,7
14,Alex Paulsen,NZL,GK,0,0,0,0
14,Kenan Yildiz,TUR,FW,0,7,32,5
14,Taha Ali,SWE,FW,0,4,15,0
14,Borja Iglesias,ESP,FW,0,0,4,0
14,Ismail Yuksek,TUR,MF,0,16,34,13
14,Ben Old,NZL,MF,0,2,28,4
14,Edin Dzeko,BIH,FW,0,4,69,1
14,Arda Guler,TUR,FW,0,12,62,7
14,Marko Stamenic,NZL,MF,0,10,67,18
14,George Hirst,SCO,FW,0,0,0,0
14,Farrukh Sayfiev,UZB,DF,0,1,5,0
14,Alex Baena,ESP,MF,0,24,152,25
14,Herman Johansson,SWE,DF,0,0,0,0
14,Abdulkerim Bardakci,TUR,DF,0,3,27,12
14,Francis De Vries,NZL,DF,0,1,5,1
14,Ivan Sunjic,BIH,MF,0,20,78,21
14,Nathan Patterson,SCO,DF,0,7,37,9
14,Samet Akaydin,TUR,DF,0,0,0,0
14,Finn Surman,NZL,DF,0,5,28,11
14,Elliot Stroud,SWE,DF,0,9,61,7
14,Rustam Ashurmatov,UZB,DF,0,17,32,9
14,Nico Williams,ESP,FW,0,11,42,1
14,Eren Elmali,TUR,DF,0,4,26,3
14,Tyler Bindon,NZL,DF,0,4,13,4
14,Irfan Can Kahveci,TUR,FW,0,0,4,1
14,Granit Xhaka,SUI,MF,0,28,116,18
14,Lachlan Bayliss,NZL,MF,0,0,0,0
14,Sead Kolasinac,BIH,DF,0,10,49,17
14,David Raya,ESP,GK,0,0,0,0
14,Kerem Akturkoglu,TUR,FW,0,10,38,2
14,Ricardo Rodriguez,SUI,DF,0,24,60,16
14,Che Adams,SCO,FW,0,6,73,4
14,Ugurcan Cakir,TUR,GK,0,0,0,0
14,Vladimir Darida,CZE,MF,0,10,34,1
14,Findlay Curtis,SCO,FW,0,1,12,0
14,Dostonbek Khamdamov,UZB,MF,0,9,74,6
14,Martin Zubimendi,ESP,MF,0,0,1,0
14,Patrik Schick,CZE,FW,0,7,74,4
14,Dzenis Burnic,BIH,MF,0,0,6,0
14,Altay Bayindir,TUR,GK,0,0,0,0
14,Silvan Widmer,SUI,DF,0,11,59,13
14,Merih Demiral,TUR,DF,0,3,9,3
14,Tomas Soucek,CZE,MF,0,4,42,5
14,Unai Simon,ESP,GK,0,0,0,0
14,Orkun Kokcu,TUR,MF,0,7,37,9
14,Michal Sadilek,CZE,MF,0,10,75,4
14,Otabek Shukurov,UZB,MF,0,5,96,12
14,Breel Embolo,SUI,FW,0,40,177,25
14,Dennis Hadzikadunic,BIH,DF,0,1,4,2
14,Zeki Celik,TUR,DF,0,5,35,9
14,Adam Hlozek,CZE,FW,0,6,92,7
14,Jack Hendry,SCO,DF,0,2,15,4
14,Mikel Oyarzabal,ESP,FW,0,58,272,16
14,Mert Muldur,TUR,DF,0,1,10,5
14,David Zima,CZE,DF,0,0,4,1
14,Tyler Fletcher,SCO,MF,0,0,0,0
14,Odiljon Xamrobekov,UZB,MF,0,7,39,6
14,Nico Elvedi,SUI,DF,0,8,48,12
14,Dani Olmo,ESP,FW,0,37,305,24
14,Ozan Kabak,TUR,DF,0,3,10,7
14,Jindrich Stanek,CZE,GK,0,0,0,0
14,Amir Hadziahmetovic,BIH,MF,0,0,4,0
14,Yunus Akgun,TUR,FW,0,3,12,4
14,Jaroslav Zeleny,CZE,DF,0,6,36,3
14,Denis Zakaria,SUI,MF,0,19,63,23
14,Caglar Soyuncu,TUR,DF,0,0,1,1
14,Marc Cucurella,ESP,DF,0,21,113,26
14,Remo Freuler,SUI,MF,0,27,193,31
14,Tomas Holes,CZE,DF,0,8,37,7
14,Igor Sergeev,UZB,FW,0,0,21,2
14,Salih Ozcan,TUR,MF,0,5,33,12
14,Ermedin Demirovic,BIH,FW,0,19,131,15
14,Ladislav Krejci,CZE,DF,0,2,30,10
14,Lyndon Dykes,SCO,FW,0,3,22,3
14,Hakan Calhanoglu,TUR,MF,0,11,28,5
14,Mikel Merino,ESP,MF,0,24,107,10
14,Jan Kuchta,CZE,FW,0,0,0,0
14,Aymeric Laporte,ESP,DF,0,21,34,4
14,Yvon Mvogo,SUI,GK,0,0,0,0
14,Mert Gunok,TUR,GK,0,0,0,0
14,Jamshid Iskanderov,UZB,MF,0,0,4,0
14,Fabian Ruiz,ESP,MF,0,9,82,10
14,Esmir Bajraktarevic,BIH,FW,0,16,85,8
14,Kaan Ayhan,TUR,MF,0,0,1,1
14,Vladimir Coufal,CZE,DF,0,5,49,10
14,Manuel Akanji,SUI,DF,0,15,44,21
14,Luca Jaquez,SUI,DF,0,3,15,4
14,David Doudera,CZE,DF,0,1,23,0
14,Djibril Sow,SUI,MF,0,8,54,5
14,Pedro Porro,ESP,DF,0,36,81,20
14,Johan Manzambi,SUI,MF,0,14,102,13
14,Tomas Chory,CZE,FW,0,0,14,1
14,Marcos Llorente,ESP,DF,0,12,43,12
14,Alexandr Sojka,CZE,MF,0,18,84,9
14,Nihad Mujakic,BIH,DF,0,0,0,0
14,Ryan Christie,SCO,MF,0,3,52,8
14,David Jurasek,CZE,DF,0,0,0,0
14,Yeremy Pino,ESP,FW,0,3,28,7
14,Michel Aebischer,SUI,MF,0,8,52,6
14,Aurele Amenda,SUI,DF,0,0,0,0
14,Mojmir Chytil,CZE,FW,0,1,4,1
14,Marvin Keller,SUI,GK,0,0,0,0
14,Denis Visinsky,CZE,FW,0,4,20,0
14,Lukas Provod,CZE,MF,0,9,49,5
14,Pedri,ESP,MF,0,51,257,38
14,Fabian Rieder,SUI,MF,0,19,210,30
14,Ivan Basic,BIH,MF,0,5,39,8
14,Eray Coemert,SUI,DF,0,1,9,1
14,Matej Kovar,CZE,GK,0,0,0,0
14,Ruben Vargas,SUI,FW,0,14,94,19
14,Rodri,ESP,MF,0,43,112,39
14,Cedric Itten,SUI,FW,0,4,27,6
14,Robin Hranac,CZE,DF,0,15,37,15
14,Alex Grimaldo,ESP,DF,0,0,0,0
14,Amar Dedic,BIH,DF,0,14,95,11
14,Angus Gunn,SCO,GK,0,0,0,0
14,Noah Okafor,SUI,FW,0,1,11,3
14,Lukas Cerv,CZE,MF,0,6,27,11
14,Stepan Chaloupek,CZE,DF,0,1,22,15
14,Gregor Kobel,SUI,GK,0,0,0,0
14,Eric Garcia,ESP,DF,0,1,1,1
14,Christian Fassnacht,SUI,FW,0,0,8,2
14,Pavel Sulc,CZE,FW,0,6,104,12
14,Ardon Jashari,SUI,MF,0,3,33,4
14,Zeki Amdouni,SUI,FW,0,3,49,8
14,Hugo Sochurek,CZE,MF,0,0,0,0
14,Utkir Yusupov,UZB,GK,0,0,0,0
14,Kai Trewin,AUS,DF,0,7,22,4
14,Patrick Beach,AUS,GK,0,0,0,0
14,Gabriel Martinelli,BRA,FW,0,6,60,9
14,Anibal Godoy,PAN,MF,0,0,2,1
14,Jeremy Arevalo,ECU,FW,0,0,0,0
14,Willer Ditta,COL,DF,0,0,0,0
14,Sebastian Caceres,URU,DF,0,8,31,13
14,Anthony Valencia,ECU,MF,0,0,0,0
14,Amir Murillo,PAN,DF,0,11,68,15
14,Chris Brady,USA,GK,0,0,0,0
14,Jhon Lucumi,COL,DF,0,11,29,12
14,Giovani Lo Celso,ARG,MF,0,8,23,6
14,Edson Alvarez,MEX,DF,0,3,37,13
14,Jose Canale,PAR,DF,0,2,17,4
14,Alex Freeman,USA,DF,0,17,64,20
14,Leo Pereira,BRA,DF,0,0,0,0
14,Daniel Munoz,COL,DF,0,11,64,20
14,Folarin Balogun,USA,FW,0,29,106,7
14,Sergio Rochet,URU,GK,0,0,0,0
14,Gatito Fernandez,PAR,GK,0,0,0,0
14,Gonzalo Valle,ECU,GK,0,0,0,0
14,Gabriel Magalhaes,BRA,DF,0,8,23,8
14,Juan Portilla,COL,MF,0,0,0,0
14,Lautaro Martinez,ARG,FW,0,26,181,19
14,Fernando Muslera,URU,GK,0,0,0,0
14,Matt Turner,USA,GK,0,0,0,0
14,Luis Mejia,PAN,GK,0,0,0,0
14,Bruno Guimaraes,BRA,MF,0,37,159,15
14,Rodrigo Zalazar,URU,MF,0,0,0,0
14,Adalberto Carrasquilla,PAN,MF,0,0,0,0
14,Gustavo Gomez,PAR,DF,0,9,31,10
14,Luis Suarez,COL,FW,0,13,106,15
14,Erik Lira,MEX,MF,0,17,81,26
14,Fidel Escobar,PAN,DF,0,2,16,5
14,Malik Tillman,USA,MF,0,15,115,25
14,Douglas Santos,BRA,DF,0,21,111,42
14,Cesar Montes,MEX,DF,0,9,14,4
14,Kendry Paez,ECU,MF,0,2,7,3
14,Alexandro Maidana,PAR,DF,0,2,30,6
14,Willian Pacho,ECU,DF,0,10,51,12
14,Antonee Robinson,USA,DF,0,14,66,18
14,Geronimo Rulli,ARG,GK,0,0,0,0
14,Jesus Gallardo,MEX,DF,0,7,69,19
14,Matheus Cunha,BRA,FW,0,9,133,16
14,Lisandro Martinez,ARG,DF,0,11,31,13
14,Junior Alonso,PAR,DF,0,31,140,16
14,Ronald Araujo,URU,DF,0,0,0,0
14,Cristian Martinez,PAN,MF,0,11,105,17
14,Alex Sandro,BRA,DF,0,0,4,2
14,Luis Diaz,COL,FW,0,29,103,11
14,Nahuel Molina,ARG,DF,0,27,128,26
14,Rodrigo Bentancur,URU,MF,0,9,82,15
14,Juan Manuel Sanabria,URU,MF,0,9,51,12
14,Miles Robinson,USA,DF,0,6,11,5
14,Fabinho,BRA,MF,0,1,24,5
14,Armando Gonzalez,MEX,FW,0,0,7,0
14,Bremer,BRA,DF,0,0,0,0
14,Joaquin Piquerez,URU,MF,0,0,0,0
14,Hernan Galindez,ECU,GK,0,0,0,0
14,Max Arfsten,USA,DF,0,0,0,0
14,Miguel Almiron,PAR,MF,0,17,123,21
14,Edgar Yoel Barcenas,PAN,MF,0,9,74,6
14,Mauricio,PAR,MF,0,10,75,4
14,Andres Gomez,COL,FW,0,0,1,1
14,Guillermo Martinez,MEX,FW,0,3,41,4
14,Joe Scally,USA,DF,0,4,19,4
14,Guillermo Varela,URU,DF,0,8,20,5
14,Azarias Londono,PAN,FW,0,1,24,3
14,Johan Vasquez,MEX,DF,0,7,14,6
14,Raphinha,BRA,FW,0,10,59,7
14,Roger Ibanez,BRA,DF,0,0,10,1
14,Gonzalo Montiel,ARG,DF,0,3,21,7
14,Jorge Carrascal,COL,MF,0,0,0,0
14,Mateo Chavez,MEX,DF,0,5,18,3
14,Antonio Sanabria,PAR,FW,0,4,38,2
14,Jose Fajardo,PAN,FW,0,18,99,19
14,Ricardo Pepi,USA,FW,0,18,84,15
14,Exequiel Palacios,ARG,MF,0,1,5,1
14,Danilo,BRA,DF,0,3,50,8
14,Moises Caicedo,ECU,MF,0,16,83,28
14,Ismael Diaz,PAN,MF,0,3,20,1
14,Luiz Henrique,BRA,FW,0,2,10,3
14,Orlando Gill,PAR,GK,0,1,0,0
14,Mark Mckenzie,USA,DF,0,2,9,1
14,Alvaro Fidalgo,MEX,MF,0,6,35,4
14,Enner Valencia,ECU,FW,0,8,91,11
14,Marcos Senesi,ARG,DF,0,0,4,3
14,Facundo Pellistri,URU,FW,0,0,0,0
14,Yaimar Medina,ECU,DF,0,1,10,3
14,Andres Cubas,PAR,MF,0,43,231,57
14,Kevin Rodriguez,ECU,FW,0,2,26,6
14,Agustin Canobbio,URU,MF,0,16,107,16
14,Orbelin Pineda,MEX,MF,0,3,33,1
14,Jose Luis Rodriguez,PAN,MF,0,20,88,12
14,Giovanni Reyna,USA,MF,0,8,46,6
14,Gustavo Puerta,COL,DF,0,22,147,30
14,Julian Quinones,MEX,FW,0,13,162,12
14,Cucho Hernandez,COL,FW,0,0,24,3
14,Gilberto Mora,MEX,MF,0,15,96,9
14,Endrick,BRA,FW,0,3,53,5
14,Alejandro Romero Gamarra,PAR,FW,0,3,13,5
14,Pedro Vite,ECU,MF,0,34,119,29
14,Sebastian Berhalter,USA,MF,0,9,63,17
14,Maxi Araujo,URU,MF,0,10,79,11
14,Jose Cordoba,PAN,DF,0,7,21,12
14,Chris Richards,USA,DF,0,4,22,11
14,Marquinhos,BRA,DF,0,11,45,12
14,Raul Jimenez,MEX,FW,0,27,87,10
14,Isidro Pitta,PAR,FW,0,2,26,3
14,Julian Alvarez,ARG,FW,0,38,285,37
14,Richard Rios,COL,MF,0,4,55,24
14,Brenden Aaronson,USA,FW,0,6,37,9
14,Rodrigo Aguirre,URU,FW,0,0,0,0
14,Pervis Estupinan,ECU,DF,0,2,25,3
14,Roberto Alvarado,MEX,FW,0,6,75,13
14,Facundo Medina,ARG,DF,0,14,63,15
14,Fabian Balbuena,PAR,DF,0,0,0,0
14,Jaminton Campaz,COL,FW,0,5,41,5
14,Rayan,BRA,FW,0,15,112,10
14,Alberto Quintero,PAN,MF,0,0,1,0
14,Federico Valverde,URU,MF,0,19,76,8
14,Piero Hincapie,ECU,DF,0,11,80,29
14,Neymar Jr,BRA,FW,0,0,39,7
14,Carlos Harvey,PAN,DF,0,28,53,19
14,Timothy Weah,USA,FW,0,5,34,4
14,Matt Freese,USA,GK,0,0,0,0
14,Raul Rangel,MEX,GK,0,0,0,0
14,Ederson Silva,BRA,MF,0,1,20,2
14,Santiago Gimenez,MEX,FW,0,3,27,3
14,Braian Ojeda,PAR,MF,0,1,4,1
14,Gustavo Velazquez,PAR,DF,0,3,24,3
14,Danilo Santos,BRA,MF,0,1,22,4
14,Thiago Almada,ARG,FW,0,26,70,11
14,Manuel Ugarte,URU,MF,0,3,40,17
14,Guillermo Ochoa,MEX,GK,0,0,0,0
14,Sergino Dest,USA,DF,0,14,97,9
14,Yerry Mina,COL,DF,0,0,1,1
14,Casemiro,BRA,MF,0,20,103,26
14,Brian Gutierrez,MEX,MF,0,16,69,9
14,Denil Castillo,ECU,MF,0,0,0,0
14,Leandro Paredes,ARG,MF,0,18,63,19
14,Gonzalo Plata,ECU,FW,0,14,135,11
14,Ederson,BRA,GK,0,0,0,0
14,Matias Galarza,PAR,MF,0,42,197,61
14,Tomas Rodriguez,PAN,FW,0,3,26,3
14,Igor Thiago,BRA,FW,0,5,25,5
14,Alex Zendejas,USA,FW,0,1,16,2
14,Brian Rodriguez,URU,FW,0,2,15,1
14,Alan Franco,ECU,MF,0,9,40,14
14,Rodrigo De Paul,ARG,MF,0,11,164,17
14,Gustavo Caballero,PAR,MF,0,2,36,8
14,Haji Wright,USA,FW,0,0,0,0
14,Roderick Miller,PAN,DF,0,0,0,0
14,Luis Romo,MEX,MF,0,14,71,12
14,Emiliano Martinez,URU,MF,0,0,0,0
14,Jefferson Lerma,COL,MF,0,13,77,8
14,Mathias Olivera,URU,DF,0,20,42,18
14,Lucas Paqueta,BRA,MF,0,9,104,17
14,Darwin Nunez,URU,FW,0,6,95,2
14,Omar Alderete,PAR,DF,0,6,9,3
14,Jorge Gutierrez,PAN,DF,0,6,28,10
14,David Ospina,COL,GK,0,0,0,0
14,Auston Trusty,USA,DF,0,5,31,6
14,Nilson Angulo,ECU,FW,0,7,83,18
14,Jordy Alcivar,ECU,MF,0,1,12,7
14,Lionel Messi,ARG,FW,0,26,194,23
14,Dominique Simon,HAI,MF,0,2,26,6
14,Alisson,BRA,GK,0,0,0,0
14,Juan Musso,ARG,GK,0,0,0,0
14,Andres Andrade,PAN,DF,0,10,38,19
14,Christian Pulisic,USA,FW,0,8,73,9
14,Obed Vargas,MEX,MF,0,3,20,2
14,Eric Davis,PAN,DF,0,1,1,1
14,Santiago Bueno,URU,DF,0,0,0,0
14,Julio Enciso,PAR,FW,0,20,209,17
14,Alex Arce,PAR,FW,0,1,32,4
14,Kevin Castano,COL,MF,0,1,9,0
14,Johan Mojica,COL,DF,0,11,45,3
14,Alexis Mac Allister,ARG,MF,0,36,239,37
14,James Rodriguez,COL,MF,0,7,146,8
14,Angelo Preciado,ECU,DF,0,4,29,3
14,Josue Casimir,HAI,FW,0,9,81,13
14,Weston Mckennie,USA,MF,0,22,102,21
14,Jackson Porozo,ECU,DF,0,2,2,0
14,Jose Maria Gimenez,URU,DF,0,0,0,0
14,Santiago Arias,COL,DF,0,5,12,1
14,Jose Manuel Lopez,ARG,FW,0,2,9,3
14,Orlando Mosquera,PAN,GK,0,0,0,0
14,Tyler Adams,USA,MF,0,30,65,21
14,Alan Minda,ECU,MF,0,1,28,1
14,Federico Vinas,URU,FW,0,12,63,6
14,Nicolas Otamendi,ARG,DF,0,3,18,8
14,Nico Gonzalez,ARG,MF,0,12,77,7
14,Gaston Olveira,PAR,GK,0,0,0,0
14,Juan Jose Caceres,PAR,DF,0,17,154,41
14,Jorge Sanchez,MEX,DF,0,16,87,21
14,Matias Vina,URU,DF,0,4,8,0
14,Deiver Machado,COL,DF,0,4,21,2
14,Luis Chavez,MEX,MF,0,1,4,3
14,Cristian Roldan,USA,MF,0,0,0,0
14,Vinicius Junior,BRA,FW,0,24,172,10
14,Alexis Vega,MEX,FW,0,1,3,0
14,Weverton,BRA,GK,0,0,0,0
14,Giuliano Simeone,ARG,FW,0,11,74,14
14,Juan Quintero,COL,MF,0,3,45,0
14,Emiliano Martinez,ARG,GK,0,0,0,0
14,Cesar Blackman,PAN,DF,0,7,41,12
14,Tim Ream,USA,DF,0,3,16,6
14,Moises Ramirez,ECU,GK,0,0,0,0
14,Yassin Fortune,HAI,FW,0,0,0,0
14,Giorgian De Arrascaeta,URU,MF,0,0,0,0
14,Felix Torres,ECU,DF,0,0,1,1
14,Ramon Sosa,PAR,MF,0,0,12,1
14,Cristian Romero,ARG,DF,0,11,52,22
14,Davinson Sanchez,COL,DF,0,20,32,18
14,Cesar Yanis,PAN,MF,0,0,0,0
14,Edgardo Farina,PAN,DF,0,0,0,0
14,Israel Reyes,MEX,DF,0,3,11,2
14,Nicolas De La Cruz,URU,MF,0,7,36,6
14,Cecilio Waterman,PAN,FW,0,7,19,2
14,Camilo Vargas,COL,GK,0,0,0,0
14,Nico Paz,ARG,FW,0,7,44,6
14,Santiago Mele,URU,GK,0,0,0,0
14,Gabriel Avalos,PAR,FW,0,5,46,5
14,John Yeboah,ECU,FW,0,44,73,20
14,Cesar Huerta,MEX,FW,0,0,4,1
14,Marko Arnautovic,AUT,FW,0,5,35,1
14,Valentin Barco,ARG,MF,0,0,7,2
14,Jhon Cordoba,COL,FW,0,2,23,2
14,Jiovany Ramos,PAN,DF,0,3,29,18
14,Nicolas Tagliafico,ARG,DF,0,14,98,25
14,Keeto Thermoncy,HAI,DF,0,0,0,0
14,Cesar Samudio,PAN,GK,0,0,0,0
14,Alvaro Montero,COL,GK,0,0,0,0
14,Jhon Arias,COL,MF,0,33,107,27
14,Jordy Caicedo,ECU,FW,0,1,12,1
14,Enzo Fernandez,ARG,MF,0,46,204,28
14,Joel Ordonez,ECU,DF,0,7,18,5
14,Diego Gomez,PAR,MF,0,23,147,37
14,Carlos Acevedo,MEX,GK,0,0,0,0
14,Evann Guessand,CIV,FW,0,2,9,2
14,Parfait Guiagon,CIV,MF,0,0,0,0
14,Iqraam Rayners,RSA,FW,0,7,83,2
14,Olwethu Makhanya,RSA,DF,0,0,0,0
14,Jonathan Osorio,CAN,MF,0,1,3,1
14,Chemsdine Talbi,MAR,MF,0,6,59,7
14,Ibrahim Sangare,CIV,MF,0,23,114,29
14,Relebohile Mofokeng,RSA,FW,0,18,107,13
14,Elisha Owusu,GHA,MF,0,5,55,10
14,Antoine Semenyo,GHA,MF,0,26,123,20
14,Trezeguet,EGY,FW,0,6,46,4
14,Omar Rekik,TUN,DF,0,5,17,5
14,Abdul Fatawu,GHA,FW,0,11,50,5
14,Joao Paulo,CPV,MF,0,5,25,4
14,Yahia Fofana,CIV,GK,0,0,0,0
14,Youssef Belammari,MAR,DF,0,0,0,0
14,Ayoube Amaimouni,MAR,FW,0,4,10,3
14,Amad Diallo,CIV,FW,0,8,54,12
14,Owen Goodman,CAN,GK,0,0,0,0
14,Hannibal Mejbri,TUN,MF,0,19,125,17
14,Garven Metusala,HAI,DF,0,0,0,0
14,Jacob Shaffelburg,CAN,MF,0,5,22,6
14,Derrick Etienne,HAI,FW,0,0,2,0
14,Gessime Yassine,MAR,MF,0,1,22,6
14,Evan Ndicka,CIV,DF,0,0,0,0
14,Alidu Seidu,GHA,DF,0,0,16,6
14,Hazem Mastouri,TUN,FW,0,1,38,4
14,Samir El Mourabet,MAR,MF,0,6,33,5
14,Sipho Chaine,RSA,GK,0,0,0,0
14,Kamaldeen Sulemana,GHA,FW,0,3,62,8
14,Ernest Nuamah,GHA,FW,0,2,58,6
14,Thalente Mbatha,RSA,MF,0,12,99,14
14,Derek Cornelius,CAN,DF,0,4,29,6
14,Mostafa Shoubir,EGY,GK,0,0,0,0
14,Ghislain Konan,CIV,DF,0,14,67,12
14,Mamadou Sarr,SEN,DF,0,0,0,0
14,Sofyan Amrabat,MAR,MF,0,10,49,16
14,Assane Diao,SEN,FW,0,1,3,0
14,Jovane Cabral,CPV,MF,0,14,86,7
14,Haissem Hassan,EGY,FW,0,0,44,0
14,Noussair Mazraoui,MAR,DF,0,29,59,20
14,Duckens Nazon,HAI,FW,0,1,6,0
14,Dylan Bronn,TUN,DF,0,1,4,1
14,El Hadji Malick Diouf,SEN,DF,0,14,37,5
14,Ramy Rabia,EGY,DF,0,12,31,11
14,Bara Sapoko Ndiaye,SEN,MF,0,2,11,3
14,Jean Ricner Bellegarde,HAI,MF,0,13,89,17
14,Moutaz Neffati,TUN,DF,0,0,0,0
14,Ahmed Reda Tagnaouti,MAR,GK,0,0,0,0
14,Issa Diop,MAR,DF,0,4,22,3
14,Mohamed Amine Ben Hmida,TUN,DF,0,7,30,11
14,Sphephelo Sithole,RSA,MF,0,7,72,13
14,Hamdy Fathy,EGY,MF,0,6,82,18
14,Yehvann Diouf,SEN,GK,0,0,0,0
14,Anass Salah Eddine,MAR,DF,0,3,35,10
14,Ibrahim Adel,EGY,FW,0,2,4,2
14,Martin Experience,HAI,DF,0,26,91,26
14,Stephen Eustaquio,CAN,MF,0,16,91,15
14,Lamine Camara,SEN,MF,0,11,124,20
14,Karim Hafez,EGY,DF,0,4,36,13
14,Mohamed Salah,EGY,FW,0,18,150,9
14,Gilson Benchimol,CPV,FW,0,5,52,4
14,Dayne St Clair,CAN,GK,0,0,0,0
14,Johny Placide,HAI,GK,0,0,0,0
14,Antoine Mendy,SEN,DF,0,0,0,0
14,Augustine Boakye,GHA,MF,0,0,0,0
14,Tajon Buchanan,CAN,FW,0,29,136,32
14,Pathe Ciss,SEN,MF,0,3,11,5
14,Elias Saad,TUN,FW,0,6,53,3
14,Omar Marmoush,EGY,FW,0,27,109,11
14,Sabri Ben Hessen,TUN,GK,0,0,0,0
14,Christ Inao Oulai,CIV,MF,0,21,82,20
14,Aubrey Modiba,RSA,DF,0,12,67,14
14,Ahmed Fatouh,EGY,DF,0,24,49,9
14,Mory Diaw,SEN,GK,0,0,0,0
14,Laros Duarte,CPV,MF,0,13,97,4
14,Frantzdy Pierrot,HAI,FW,0,3,41,3
14,Brahim Diaz,MAR,FW,0,15,156,24
14,Mohamed Elshenawy,EGY,GK,0,0,0,0
14,Marvin Senaya,GHA,DF,0,34,89,24
14,Ricardo Goss,RSA,GK,0,0,0,0
14,Khalil Ayari,TUN,MF,0,0,0,0
14,Rani Khedira,TUN,MF,0,6,49,10
14,Yan Valery,TUN,DF,0,13,68,10
14,Ricardo Ade,HAI,DF,0,3,24,5
14,Yan Diomande,CIV,FW,0,20,121,20
14,Emam Ashour,EGY,MF,0,19,72,12
14,Achraf Hakimi,MAR,DF,0,19,93,30
14,Soufiane Rahimi,MAR,FW,0,5,73,11
14,Kelvin Pires,CPV,DF,0,0,0,0
14,Iliman Ndiaye,SEN,FW,0,6,41,8
14,Kevin Pina,CPV,MF,0,22,93,23
14,Bazoumana Toure,CIV,FW,0,2,38,2
14,Jonathan David,CAN,FW,0,45,227,21
14,Zizo,EGY,FW,0,4,14,2
14,Mahdy Soliman,EGY,GK,0,0,0,0
14,Lenny Joseph,HAI,FW,0,4,43,5
14,Guela Doue,CIV,DF,0,12,78,19
14,Azzedine Ounahi,MAR,MF,0,26,199,17
14,Derrick Luckassen,GHA,DF,0,2,8,4
14,Edouard Mendy,SEN,GK,0,0,0,0
14,Mohamed Hadj Mahmoud,TUN,MF,0,1,25,6
14,Themba Zwane,RSA,MF,0,2,12,0
14,Nabil Donga,EGY,MF,0,0,0,0
14,Alfie Jones,CAN,DF,0,0,0,0
14,Anis Slimane,TUN,MF,0,5,92,5
14,Pape Gueye,SEN,MF,0,7,51,10
14,Wilson Isidor,HAI,FW,0,7,88,1
14,Jean Kevin Duverne,HAI,DF,0,3,56,9
14,Adam Arous,TUN,DF,0,0,0,0
14,Nathan Saliba,CAN,MF,0,11,43,12
14,Ronwen Williams,RSA,GK,0,0,0,0
14,Cherif Ndiaye,SEN,FW,0,0,0,0
14,Dailon Livramento,CPV,FW,0,8,93,4
14,Prince Adu,GHA,FW,0,0,25,4
14,Mohanad Lashin,EGY,MF,0,23,156,42
14,Thabang Matuludi,RSA,DF,0,0,0,0
14,Emmanuel Agbadou,CIV,DF,0,4,28,8
14,Marawan Attia,EGY,MF,0,18,182,29
14,Wagner Pina,CPV,DF,0,4,19,2
14,Teboho Mokoena,RSA,MF,0,13,95,22
14,Ismael Saibari,MAR,MF,0,32,181,17
14,Ayoub El Kaabi,MAR,FW,0,2,25,7
14,Moussa Niakhate,SEN,DF,0,12,21,4
14,Kojo Peprah Oppong,GHA,DF,0,1,5,0
14,Ime Okon,RSA,DF,0,3,22,5
14,Promise David,CAN,FW,0,6,23,1
14,Christopher Operi,CIV,DF,0,4,20,3
14,Hannes Delcroix,HAI,DF,0,9,21,9
14,Ismael Kone,CAN,MF,0,8,25,5
14,Ismail Jakobs,SEN,DF,0,13,51,10
14,Ismael Gharbi,TUN,MF,0,3,62,9
14,Mostafa Zico,EGY,MF,0,15,192,31
14,Ruben Providence,HAI,FW,0,7,100,9
14,Chadi Riad,MAR,DF,0,7,30,12
14,Mohamed Kone,CIV,GK,0,0,0,0
14,Mouhib Chamakh,TUN,GK,0,0,0,0
14,Kwasi Sibo,GHA,MF,0,5,114,15
14,Lyle Foster,RSA,FW,0,1,25,1
14,Hossam Abdelmaguid,EGY,DF,0,4,11,3
14,Kamogelo Sebelebele,RSA,FW,0,1,4,0
14,Mahmoud Saber,EGY,MF,0,3,10,1
14,Caleb Yirenkyi,GHA,MF,0,12,128,14
14,Ali Abdi,TUN,DF,0,22,102,24
14,Munir El Kajoui,MAR,GK,0,0,0,0
14,Pape Matar Sarr,SEN,MF,0,3,25,3
14,Oswin Appollis,RSA,FW,0,12,115,9
14,Jayden Nelson,CAN,FW,0,1,2,0
14,Tani Oluwaseyi,CAN,FW,0,11,104,20
14,Yannick Semedo,CPV,MF,0,3,12,1
14,Telmo Arcanjo,CPV,MF,0,6,27,1
14,Nicolas Jackson,SEN,FW,0,10,106,13
14,Alexandre Pierre,HAI,GK,0,0,0,0
14,Bilal El Khannouss,MAR,MF,0,15,127,19
14,Hamza Abdelkarim,EGY,FW,0,8,36,6
14,Carlens Arcus,HAI,DF,0,12,34,11
14,Odilon Kossounou,CIV,DF,0,2,15,6
14,Liam Millar,CAN,MF,0,3,44,12
14,Yasser Ibrahim,EGY,DF,0,21,46,24
14,Samukele Kabini,RSA,DF,0,0,0,0
14,Raed Chikhaoui,TUN,DF,0,0,0,0
14,Jean Michael Seri,CIV,MF,0,0,5,1
14,Elias Achouri,TUN,FW,0,1,19,6
14,Tarek Alaa,EGY,DF,0,0,0,0
14,Wilguens Paugain,HAI,DF,0,0,0,0
14,Neil El Aynaoui,MAR,MF,0,51,132,48
14,Bradley Cross,RSA,DF,0,0,0,0
14,Bamba Dieng,SEN,FW,0,2,15,0
14,Joseph Anang,GHA,GK,0,0,0,0
14,Niko Sigur,CAN,DF,0,4,39,9
14,Ousmane Diomande,CIV,DF,0,1,3,1
14,Mohamed Alaa,EGY,GK,0,0,0,0
14,Jonas Adjetey,GHA,DF,0,3,19,6
14,Ibrahim Mbaye,SEN,FW,0,2,41,6
14,Krepin Diatta,SEN,DF,0,7,44,13
14,Evidence Makgopa,RSA,FW,0,15,76,9
14,Woodensky Pierre,HAI,MF,0,0,0,0
14,Zakaria El Ouahdi,MAR,DF,0,0,3,1
14,Simon Adingra,CIV,FW,0,0,11,1
14,Jordan Ayew,GHA,FW,0,23,212,19
14,Danley Jean Jacques,HAI,MF,0,11,78,25
14,Ismaila Sarr,SEN,FW,0,18,157,11
14,Khuliso Mudau,RSA,DF,0,32,82,16
14,Christopher Bonsu Baah,GHA,FW,0,0,0,0
14,Mbekezeli Mbokazi,RSA,DF,0,9,49,16
14,Franck Kessie,CIV,MF,0,13,135,13
14,Rayan Elloumi,TUN,FW,0,0,0,0
14,Alphonso Davies,CAN,DF,0,1,4,0
14,Sebastian Tounekti,TUN,MF,0,1,33,1
14,Baba Rahman,GHA,DF,0,0,0,0
14,Aymen Dahmen,TUN,GK,0,0,0,0
14,Luc De Fougerolles,CAN,DF,0,17,41,22
14,Oumar Diakite,CIV,FW,0,3,11,1
14,Mathieu Choiniere,CAN,MF,0,2,19,2
14,Mortadha Ben Ouanes,TUN,DF,0,3,10,3
14,Thomas Partey,GHA,MF,0,5,52,14
14,Abdoulaye Seck,SEN,DF,0,1,3,1
14,Elye Wahi,CIV,FW,0,5,60,3
14,Nkosinathi Sibisi,RSA,DF,0,2,15,6
14,Nicolas Pepe,CIV,FW,0,19,97,15
14,Ayyoub Bouaddi,MAR,MF,0,23,113,36
14,Lawrence Ati Zigi,GHA,GK,0,0,0,0
14,Sadio Mane,SEN,FW,0,14,129,16
14,Markhus Lacroix,HAI,DF,0,0,0,0
14,Carl Sainte,HAI,MF,0,0,0,0
14,Benjamin Asare,GHA,GK,0,0,0,0
14,Tshepang Moremi,RSA,FW,0,1,18,1
14,Ali Ahmed,CAN,FW,0,18,113,12
14,Thapelo Maseko,RSA,FW,0,9,97,23
14,Louicius Deedson,HAI,FW,0,3,30,4
14,Redouane Halhal,MAR,DF,0,4,12,9
14,Ange Yoan Bonny,CIV,FW,0,7,123,7
14,Maxime Crepeau,CAN,GK,0,0,0,0
14,Brandon Thomas Asante,GHA,FW,0,3,28,0
14,Alistair Johnston,CAN,DF,0,12,52,16
14,Wilfried Singo,CIV,DF,0,13,24,12
14,Inaki Williams,GHA,FW,0,3,43,3
14,Khulumani Ndamane,RSA,DF,0,0,0,0
14,Kalidou Koulibaly,SEN,DF,0,3,21,5
14,Alban Lafont,CIV,GK,0,0,0,0
14,Richie Laryea,CAN,DF,0,22,79,28
14,Montassar Talbi,TUN,DF,0,5,17,6
14,Jayden Adams,RSA,MF,0,2,43,2
14,Gideon Mensah,GHA,DF,0,10,63,18
14,Joel Waterman,CAN,DF,0,0,0,0
14,Mohamed Abdelmoneim,EGY,DF,0,0,0,0
14,Jerome Opoku,GHA,DF,0,8,10,7
14,Idrissa Gana Gueye,SEN,MF,0,24,91,23
14,Josue Duverger,HAI,GK,0,0,0,0
14,Abdul Mumin,GHA,DF,0,0,0,0
14,Firas Chaouat,TUN,FW,0,0,18,0
14,Cyle Larin,CAN,FW,0,8,76,6
14,Moise Bombito,CAN,DF,0,4,11,2
14,Seko Fofana,CIV,MF,0,3,28,1
14,Habib Diarra,SEN,MF,0,12,73,14
14,Elliot Anderson,ENG,MF,0,34,191,60
14,Reece James,ENG,DF,0,5,66,18
14,Declan Rice,ENG,MF,0,11,120,18
14,Ante Budimir,CRO,FW,0,13,76,13
14,Rui Silva,POR,GK,0,0,0,0
14,Marc Guehi,ENG,DF,0,8,32,7
14,Alessandro Schoepf,AUT,MF,0,0,0,0
14,Joao Neves,POR,MF,0,19,192,28
14,Trevoh Chalobah,ENG,DF,0,0,1,0
14,Mark Flekken,NED,GK,0,0,0,0
14,Florian Grillitsch,AUT,MF,0,0,49,11
14,Goncalo Ramos,POR,FW,0,5,32,3
14,Teun Koopmeiners,NED,MF,0,8,44,9
14,Thomas Meunier,BEL,DF,0,17,48,9
14,Nikola Vlasic,CRO,MF,0,14,82,9
14,Guus Til,NED,MF,0,1,20,1
14,Anthony Gordon,ENG,FW,0,27,151,15
14,Kieran Tierney,SCO,DF,0,12,31,6
14,Ezri Konsa,ENG,DF,0,15,77,22
14,Romelu Lukaku,BEL,FW,0,5,56,1
14,Vitinha,POR,MF,0,19,124,13
14,Bukayo Saka,ENG,FW,0,7,85,21
14,Micky Van De Ven,NED,DF,0,8,87,13
14,Wout Weghorst,NED,FW,0,2,53,2
14,Petar Musa,CRO,FW,0,9,76,11
14,Ivan Toney,ENG,FW,0,2,21,4
14,Denzel Dumfries,NED,DF,0,24,74,8
14,Youri Tielemans,BEL,MF,0,19,120,24
14,Matheus Nunes,POR,MF,0,0,0,0
14,Donyell Malen,NED,FW,0,8,47,7
14,Justin Kluivert,NED,MF,0,2,12,0
14,Jude Bellingham,ENG,MF,0,22,234,31
14,Francisco Conceicao,POR,FW,0,9,35,4
14,Konrad Laimer,AUT,MF,0,19,149,32
14,Goncalo Inacio,POR,DF,0,0,0,0
14,Dominik Kotarski,CRO,GK,0,0,0,0
14,Ollie Watkins,ENG,FW,0,1,16,3
14,Josip Stanisic,CRO,DF,0,19,75,17
14,Ryan Gravenberch,NED,MF,0,11,54,15
14,Mats Wieffer,NED,DF,0,0,0,0
14,Nikola Moro,CRO,MF,0,0,0,0
14,Kevin De Bruyne,BEL,MF,0,14,145,13
14,Martin Baturina,CRO,MF,0,17,119,8
14,Nico Oreilly,ENG,DF,0,19,119,25
14,Thibaut Courtois,BEL,GK,0,0,0,0
14,Nuno Mendes,POR,DF,0,10,78,16
14,Bart Verbruggen,NED,GK,0,0,0,0
14,Timothy Castagne,BEL,DF,0,24,127,24
14,Jarell Quansah,ENG,DF,0,30,38,18
14,Jorrel Hato,NED,DF,0,1,23,4
14,Xaver Schlager,AUT,MF,0,3,76,24
14,David Alaba,AUT,DF,0,5,28,9
14,Dean Henderson,ENG,GK,0,0,0,0
14,Brian Brobbey,NED,FW,0,18,53,2
14,Francisco Trincao,POR,FW,0,2,12,1
14,Martin Erlic,CRO,DF,0,0,0,0
14,Frenkie De Jong,NED,MF,0,7,85,22
14,Alexis Saelemaekers,BEL,MF,0,4,25,1
14,Tijjani Reijnders,NED,MF,0,7,34,5
14,Eberechi Eze,ENG,MF,0,6,59,0
14,Rafael Leao,POR,FW,0,5,35,4
14,Marten De Roon,NED,MF,0,0,1,0
14,Mario Pasalic,CRO,MF,0,7,23,8
14,Andy Robertson,SCO,DF,0,13,47,5
14,Kobbie Mainoo,ENG,MF,0,0,0,0
14,Lutsharel Geertruida,NED,DF,0,0,0,0
14,Pedro Neto,POR,FW,0,9,86,8
14,Axel Witsel,BEL,MF,0,1,21,3
14,Virgil Van Dijk,NED,DF,0,10,11,4
14,James Trafford,ENG,GK,0,0,0,0
14,Jeremy Doku,BEL,FW,0,15,134,18
14,Quinten Timber,NED,MF,0,5,27,7
14,Michael Gregoritsch,AUT,FW,0,9,110,3
14,Renato Veiga,POR,DF,0,9,45,11
14,Joao Felix,POR,FW,0,23,99,14
14,Memphis Depay,NED,FW,0,0,31,2
14,Noni Madueke,ENG,FW,0,9,80,16
14,Duje Caleta Car,CRO,DF,0,0,0,0
14,Nathan Ake,NED,DF,0,8,19,4
14,Jan Paul Van Hecke,NED,DF,0,11,56,17
14,Morgan Rogers,ENG,MF,0,20,162,24
14,Diogo Dalot,POR,DF,0,2,13,3
14,Marco Pasalic,CRO,FW,0,5,40,7
14,Dan Burn,ENG,DF,0,1,1,0
14,Philipp Lienhart,AUT,DF,0,1,11,4
14,Malick Thiaw,GER,DF,0,3,7,3
14,Hans Vanaken,BEL,MF,0,12,145,8
14,Kevin Danso,AUT,DF,0,2,23,8
14,Diogo Costa,POR,GK,0,0,0,0
14,Crysencio Summerville,NED,FW,0,17,75,13
14,Dominik Livakovic,CRO,GK,0,0,0,0
14,Paul Wanner,AUT,MF,0,18,146,20
14,Djed Spence,ENG,DF,0,25,135,28
14,Marcus Rashford,ENG,FW,0,2,60,3
14,Nathaniel Brown,GER,DF,0,3,64,21
14,Ruben Neves,POR,MF,0,3,37,0
14,Nick Woltemade,GER,FW,0,0,6,1
14,Robin Roefs,NED,GK,0,0,0,0
14,Lucas Digne,FRA,DF,0,27,59,10
14,Arthur Theate,BEL,DF,0,3,10,6
14,Kylian Mbappe,FRA,FW,0,18,166,15
14,John Stones,ENG,DF,0,5,17,3
14,Nelson Semedo,POR,DF,0,6,31,3
14,Felix Nmecha,GER,MF,0,9,74,21
14,Ivan Perisic,CRO,FW,0,12,88,13
14,John Mcginn,SCO,MF,0,5,89,3
14,Orjan Nyland,NOR,GK,0,0,0,0
14,Dayot Upamecano,FRA,DF,0,17,73,32
14,Sasa Kalajdzic,AUT,FW,0,8,40,2
14,David Affengruber,AUT,DF,0,0,0,0
14,Jamie Leweling,GER,MF,0,2,15,4
14,Bruno Fernandes,POR,MF,0,27,247,20
14,Alexander Sorloth,NOR,FW,0,9,70,8
14,Ousmane Dembele,FRA,FW,0,28,257,16
14,Samu Costa,POR,DF,0,2,10,1
14,Deniz Undav,GER,FW,0,6,53,7
14,Leandro Trossard,BEL,FW,0,26,168,12
14,Mateo Kovacic,CRO,MF,0,7,95,16
14,Ngolo Kante,FRA,MF,0,0,0,0
14,Toni Fruk,CRO,MF,0,0,0,0
14,Bernardo Silva,POR,MF,0,5,37,6
14,Maximilian Beier,GER,FW,0,1,9,1
14,Martin Odegaard,NOR,MF,0,18,195,18
14,Adrien Rabiot,FRA,MF,0,14,143,38
14,Noa Lang,NED,FW,0,2,6,1
14,Luka Sucic,CRO,MF,0,1,7,0
14,Patrick Pentz,AUT,GK,0,0,0,0
14,Ruben Dias,POR,DF,0,12,27,6
14,Aleksandar Pavlovic,GER,MF,0,27,76,20
14,Brandon Mechele,BEL,DF,0,16,48,15
14,Jean Philippe Mateta,FRA,FW,0,1,23,2
14,Sander Berge,NOR,MF,0,9,101,17
14,Andrej Kramaric,CRO,FW,0,0,24,1
14,Marin Pongracic,CRO,DF,0,6,13,7
14,Florian Wiegele,AUT,GK,0,0,0,0
14,Goncalo Guedes,POR,FW,0,0,0,0
14,Pascal Gross,GER,MF,0,1,15,1
14,Marcus Thuram,FRA,FW,0,0,0,0
14,Assan Ouedraogo,GER,MF,0,0,0,0
14,Erling Haaland,NOR,FW,0,11,108,5
14,Maxence Lacroix,FRA,DF,0,1,31,13
14,Harry Kane,ENG,FW,0,25,262,22
14,Charles De Ketelaere,BEL,FW,0,19,146,18
14,Petar Sucic,CRO,MF,0,11,152,25
14,Jose Sa,POR,GK,0,0,0,0
14,Luka Modric,CRO,MF,0,16,48,12
14,Aurelien Tchouameni,FRA,MF,0,23,68,20
14,Jens Petter Hauge,NOR,MF,0,0,11,2
14,Stefan Posch,AUT,DF,0,10,103,29
14,Joao Cancelo,POR,DF,0,13,66,13
14,Michael Svoboda,AUT,DF,0,0,0,0
14,Florian Wirtz,GER,MF,0,17,123,18
14,Theo Hernandez,FRA,DF,0,26,57,11
14,Nico Schlotterbeck,GER,DF,0,18,7,6
14,Jorgen Strand Larsen,NOR,FW,0,8,56,4
14,Tomas Araujo,POR,DF,0,1,4,1
14,Amadou Onana,BEL,MF,0,25,26,9
14,Lucas Hernandez,FRA,DF,0,0,0,0
14,Cristiano Ronaldo,POR,FW,0,7,72,6
14,Waldemar Anton,GER,DF,0,1,13,3
14,Nathan Ngoy,BEL,DF,0,10,30,15
14,Cody Gakpo,NED,FW,0,15,127,7
14,Marcel Sabitzer,AUT,MF,0,26,137,10
14,Ibrahima Konate,FRA,DF,0,2,12,5
14,Leo Ostigard,NOR,DF,0,1,8,3
14,Dejan Ljubicic,AUT,MF,0,0,0,0
14,Henrik Falchener,NOR,DF,0,0,2,1
14,William Saliba,FRA,DF,0,14,28,14
14,Carney Chukwuemeka,AUT,MF,0,7,51,4
14,David Raum,GER,DF,0,18,29,8
14,Jordan Henderson,ENG,MF,0,0,4,0
14,Joaquin Seys,BEL,DF,0,3,30,2
14,Jamal Musiala,GER,MF,0,13,107,19
14,Kristian Thorstvedt,NOR,MF,0,0,38,5
14,Jules Kounde,FRA,DF,0,33,132,25
14,Sander Tangvik,NOR,GK,0,0,0,0
14,Grant Hanley,SCO,DF,0,2,11,2
14,Koni De Winter,BEL,DF,0,0,0,0
14,Angelo Stiller,GER,MF,0,1,7,1
14,Morten Thorsby,NOR,MF,0,0,33,3
14,Rayan Cherki,FRA,MF,0,11,119,10
14,Igor Matanovic,CRO,FW,0,6,49,10
14,Kristijan Jakic,CRO,DF,0,0,0,0
14,Alexander Nuebel,GER,GK,0,0,0,0
14,Thelo Aasgaard,NOR,MF,0,3,19,3
14,Zeno Debast,BEL,DF,0,0,0,0
14,Mike Maignan,FRA,GK,0,0,0,0
14,Nicolas Seiwald,AUT,MF,0,16,64,19
14,Oscar Bobb,NOR,MF,0,12,113,17
14,Mike Penders,BEL,GK,0,0,0,0
14,Andreas Schjelderup,NOR,MF,0,18,68,14
14,Phillip Mwene,AUT,DF,0,3,32,8
14,Kai Havertz,GER,FW,0,19,99,14
14,Malo Gusto,FRA,DF,0,4,31,13
14,Desire Doue,FRA,FW,0,14,202,23
14,Leroy Sane,GER,MF,0,10,84,15
14,Patrick Berg,NOR,MF,0,21,168,27
14,Craig Gordon,SCO,GK,0,0,0,0
14,Marcus Holmgren Pedersen,NOR,DF,0,7,50,12
14,Diego Moreira,BEL,MF,0,5,36,2
14,Robin Risser,FRA,GK,0,0,0,0
14,Jonathan Tah,GER,DF,0,5,27,9
14,Maxim De Cuyper,BEL,DF,0,18,77,19
14,Alexander Prass,AUT,MF,0,0,5,0
14,Josip Sutalo,CRO,DF,0,4,17,9
14,Torbjorn Heggem,NOR,DF,0,2,30,10
14,Antonio Nusa,NOR,FW,0,7,112,16
14,Brice Samba,FRA,GK,0,0,0,0
14,Nadiem Amiri,GER,MF,0,1,11,0
14,Alexander Schlager,AUT,GK,0,0,0,0
14,Marco Friedl,AUT,DF,0,0,4,1
14,Warren Zaire Emery,FRA,MF,0,2,49,14
14,Josko Gvardiol,CRO,DF,0,2,24,6
14,Joshua Kimmich,GER,DF,0,26,55,9
14,Julian Ryerson,NOR,FW,0,31,53,13
14,Sondre Langas,NOR,DF,0,1,1,1
14,Dodi Lukebakio,BEL,FW,0,6,67,3
14,Jordan Pickford,ENG,GK,0,0,0,0
14,Nicolas Raskin,BEL,MF,0,19,98,21
14,Luka Vuskovic,CRO,DF,0,0,3,2
14,Bradley Barcola,FRA,FW,0,21,134,25
14,Antonio Ruediger,GER,DF,0,5,14,4
14,Fredrik Aursnes,NOR,MF,0,8,63,20
14,Michael Olise,FRA,FW,0,50,289,32
14,Egil Selvik,NOR,GK,0,0,0,0
14,Romano Schmid,AUT,MF,0,14,142,18
14,Senne Lammens,BEL,GK,0,0,0,0
14,Leon Goretzka,GER,MF,0,3,20,2
14,Fredrik Andre Bjorkan,NOR,DF,0,2,21,2
14,Oliver Baumann,GER,GK,0,0,0,0
14,David Moller Wolfe,NOR,DF,0,13,70,22
14,Maghnes Akliouche,FRA,MF,0,0,8,2
14,Ivor Pandur,CRO,GK,0,0,0,0
14,Patrick Wimmer,AUT,FW,0,4,15,6
14,Matias Fernandez Pardo,BEL,FW,0,2,25,4
14,Manu Kone,FRA,MF,0,24,91,23
14,Anthony Ralston,SCO,DF,0,2,9,2
14,Manuel Neuer,GER,GK,0,0,0,0
14,Kristoffer Ajer,NOR,DF,0,12,29,8
14,Merchas Doski,IRQ,DF,0,4,65,25
14,Yazeed Abulaila,JOR,GK,0,0,0,0
14,Eom Jisung,KOR,MF,0,0,2,0
14,Mohannad Abutaha,JOR,MF,0,21,98,21
14,Ali Alipour,IRN,FW,0,2,13,4
14,Timothy Fayulu,COD,GK,0,0,0,0
14,Lee Donggyeong,KOR,MF,0,0,0,0
14,Hassan Kadish,KSA,DF,0,0,0,0
14,Saeid Ezatolahi,IRN,MF,0,22,96,22
14,Ali Jasim,IRQ,FW,0,27,58,8
14,Pico Lopes,CPV,DF,0,6,36,9
14,Nawaf Alaqidi,KSA,GK,0,0,0,0
14,Son Heungmin,KOR,FW,0,9,54,0
14,Akam Hashim,IRQ,DF,0,3,16,7
14,Rafik Belghali,ALG,DF,0,10,64,10
14,Boualem Khoukhi,QAT,DF,0,5,21,12
14,Keisuke Osako,JPN,GK,0,0,0,0
14,Zidane Iqbal,IRQ,MF,0,6,59,10
14,Payam Niazmand,IRN,GK,0,0,0,0
14,Rajaei Ayed,JOR,MF,0,0,0,0
14,Hassan Alhaydos,QAT,FW,0,8,46,1
14,Shogo Taniguchi,JPN,DF,0,3,11,4
14,Mohammed Muntari,QAT,FW,0,0,0,0
14,Mohamed Kanno,KSA,MF,0,10,84,14
14,Sultan Albrake,QAT,DF,0,2,50,4
14,Yoane Wissa,COD,FW,0,11,118,5
14,Mohammad Abuhasheesh,JOR,DF,0,0,7,2
14,Kim Moonhwan,KOR,DF,0,11,19,2
14,Marcio Rosa,CPV,GK,0,0,0,0
14,Mehdi Ghayedi,IRN,FW,0,3,13,2
14,Sidny Lopes Cabral,CPV,DF,0,22,77,9
14,Chancel Mbemba,COD,DF,0,9,23,12
14,Ryan Mendes,CPV,FW,0,24,102,14
14,Mohammad Abualnadi,JOR,DF,0,2,6,3
14,Ala Alhajji,KSA,MF,0,1,7,1
14,Paik Seungho,KOR,MF,0,2,31,5
14,Zaid Tahseen,IRQ,DF,0,1,6,2
14,Tahsin Mohammed,QAT,FW,0,0,0,0
14,Keito Nakamura,JPN,MF,0,9,80,11
14,Nawaf Bu Washl,KSA,DF,0,3,27,4
14,Amirmohammad Razaghinia,IRN,MF,0,0,0,0
14,Yusuf Abdurisag,QAT,FW,0,8,60,8
14,Fiston Mayele,COD,FW,0,3,23,0
14,Ramiz Zerrouki,ALG,MF,0,4,23,5
14,Jo Hyeonwoo,KOR,GK,0,0,0,0
14,Anis Hadj Moussa,ALG,FW,0,3,34,1
14,Matthieu Epolo,COD,GK,0,0,0,0
14,Mohammad Aldaoud,JOR,MF,0,0,1,0
14,Aissa Mandi,ALG,DF,0,14,19,6
14,Gael Kakuta,COD,FW,0,0,0,0
14,Abdulaziz Hatem,QAT,MF,0,1,20,0
14,Nadhir Benbouali,ALG,FW,0,6,19,4
14,Almoez Ali,QAT,FW,0,1,11,2
14,Munaf Younus,IRQ,DF,0,2,11,5
14,Theo Bongonda,COD,MF,0,1,19,2
14,Ramin Rezaeian,IRN,DF,0,9,82,10
14,Oh Hyeongyu,KOR,FW,0,4,51,5
14,Noah Sadiki,COD,MF,0,12,135,17
14,Ayumu Seko,JPN,DF,0,1,3,2
14,Shahriyar Moghanloo,IRN,FW,0,6,52,4
14,Noor Alrawabdeh,JOR,MF,0,20,182,22
14,Aaron Tshibola,COD,MF,0,0,0,0
14,Kento Shiogai,JPN,FW,0,0,6,2
14,Cj Dos Santos,CPV,GK,0,0,0,0
14,Ibrahim Bayesh,IRQ,MF,0,14,120,14
14,Kim Minjae,KOR,DF,0,3,13,4
14,Yukinari Sugawara,JPN,DF,0,5,36,4
14,Amer Jamous,JOR,MF,0,2,26,2
14,Brian Cipenga,COD,FW,0,10,72,14
14,Yassine Titraoui,ALG,MF,0,0,0,0
14,Charles Pickel,COD,MF,0,3,25,3
14,Moteb Alharbi,KSA,DF,0,11,64,2
14,Kim Jingyu,KOR,MF,0,3,16,3
14,Ali Olwan,JOR,FW,0,11,154,7
14,Nasser Aldawsari,KSA,MF,0,8,106,19
14,Ahmed Alaaeldin,QAT,FW,0,2,22,4
14,Ali Azaizeh,JOR,FW,0,3,47,3
14,Marko Farji,IRQ,FW,0,2,34,2
14,Nabil Bentaleb,ALG,MF,0,16,42,12
14,Arya Yousefi,IRN,DF,0,1,12,2
14,Vozinha,CPV,GK,0,0,0,0
14,Ahmed Basil,IRQ,GK,0,0,0,0
14,Dylan Batubinsika,COD,DF,0,0,0,0
14,Jamiro Monteiro,CPV,MF,0,12,110,23
14,Ahmed Alkassar,KSA,GK,0,0,0,0
14,Steven Moreira,CPV,DF,0,9,77,7
14,Homam Ahmed,QAT,DF,0,3,45,6
14,Tomoki Hayakawa,JPN,GK,0,0,0,0
14,Zion Suzuki,JPN,GK,0,0,0,0
14,Hwang Inbeom,KOR,MF,0,20,62,10
14,Fares Ghedjemis,ALG,FW,0,0,2,0
14,Zaid Ismael,IRQ,MF,0,3,52,17
14,Aiman Yahya,KSA,FW,0,0,0,0
14,Hossein Kanani,IRN,DF,0,2,17,5
14,Steve Kapuadi,COD,DF,0,6,18,6
14,Assim Madibo,QAT,MF,0,2,51,7
14,Riyad Mahrez,ALG,FW,0,22,102,13
14,Abdulelah Alamri,KSA,DF,0,7,23,5
14,Ahmed Qasem,IRQ,FW,0,3,81,6
14,Helio Varela,CPV,MF,0,5,39,2
14,Hwang Heechan,KOR,MF,0,3,25,3
14,Ayoub Aloui,QAT,DF,0,2,38,5
14,Amir Alammari,IRQ,MF,0,19,64,19
14,Mohammad Ghorbani,IRN,MF,0,5,23,3
14,Salem Aldawsari,KSA,FW,0,15,120,15
14,Jaouen Hadjam,ALG,DF,0,8,19,5
14,Milad Mohammadi,IRN,DF,0,23,62,22
14,Mohamed Amine Tougai,ALG,DF,0,0,0,0
14,Tsuyoshi Watanabe,JPN,DF,0,4,8,3
14,Karim Boudiaf,QAT,MF,0,2,29,3
14,Joris Kayembe,COD,DF,0,4,20,5
14,Cho Guesung,KOR,FW,0,4,13,1
14,Dennis Dargahi,IRN,FW,0,0,0,0
14,Mohanad Ali,IRQ,FW,0,1,14,1
14,Nuno Da Costa,CPV,MF,0,6,61,3
14,Saleem Obaid,JOR,DF,0,2,6,3
14,Junnosuke Suzuki,JPN,DF,0,0,22,4
14,Mehdi Taremi,IRN,FW,0,17,100,7
14,Ibrahim Maza,ALG,MF,0,25,153,14
14,Cedric Bakambu,COD,FW,0,7,80,4
14,Ngalayel Mukau,COD,MF,0,10,125,9
14,Lee Jaesung,KOR,MF,0,10,46,6
14,Ali Nemati,IRN,DF,0,5,24,10
14,Salah Zakaria,QAT,GK,0,0,0,0
14,Houssem Aouar,ALG,MF,0,8,61,7
14,Yang Hyunjun,KOR,MF,0,2,10,1
14,Rayan Ait Nouri,ALG,DF,0,12,70,25
14,Simon Banza,COD,FW,0,3,25,3
14,Daizen Maeda,JPN,MF,0,18,125,22
14,Yuito Suzuki,JPN,MF,0,0,7,2
14,Luca Zidane,ALG,GK,0,0,0,0
14,Rebin Sulaka,IRQ,DF,0,2,1,1
14,Lucas Mendes,QAT,DF,0,1,5,1
14,Mohammad Abughoush,JOR,MF,0,0,0,0
14,Ali Majrashi,KSA,DF,0,0,0,0
14,Stopira,CPV,DF,0,0,0,0
14,Akram Afif,QAT,FW,0,16,54,5
14,Ayase Ueda,JPN,FW,0,11,173,9
14,Issa Laye,QAT,DF,0,7,30,6
14,Shuto Machino,JPN,FW,0,1,4,1
14,Gedeon Kalulu,COD,DF,0,0,3,3
14,Keisuke Goto,JPN,FW,0,1,6,3
14,Garry Rodrigues,CPV,MF,0,3,23,1
14,Abdallah Alfakhori,JOR,GK,0,0,0,0
14,Ahmed Maknazi,IRQ,DF,0,2,23,5
14,Ramy Bensebaini,ALG,DF,0,7,36,11
14,Amine Gouiri,ALG,FW,0,7,126,12
14,Saed Alrosan,JOR,DF,0,1,3,1
14,Mohammed Alowais,KSA,GK,0,0,0,0
14,Musab Aljuwayr,KSA,MF,0,5,107,8
14,Park Jinseob,KOR,DF,0,1,1,0
14,Abdallah Nasib,JOR,DF,0,12,38,6
14,Samir Chergui,ALG,DF,0,0,4,0
14,Alireza Jahanbakhsh,IRN,MF,0,2,20,0
14,Kou Itakura,JPN,DF,0,4,4,2
14,Aaron Wan Bissaka,COD,DF,0,12,104,14
14,Junya Ito,JPN,MF,0,6,77,5
14,Saleh Alshehri,KSA,FW,0,0,0,0
14,Deroy Duarte,CPV,MF,0,13,137,26
14,Mustafa Saadoon,IRQ,DF,0,0,6,2
14,Oussama Benbot,ALG,GK,0,0,0,0
14,Roozbeh Cheshmi,IRN,MF,0,0,0,0
14,Odeh Fakhoury,JOR,FW,0,7,99,5
14,Meshaal Barsham,QAT,GK,0,0,0,0
14,Mohammad Abuzraiq,JOR,FW,0,0,10,3
14,Feras Albrikan,KSA,FW,0,11,150,11
14,Lee Hanbeom,KOR,DF,0,5,41,22
14,Nizar Alrashdan,JOR,MF,0,15,149,17
14,Lee Taeseok,KOR,DF,0,4,25,5
14,Edmilson Junior,QAT,FW,0,5,66,11
14,Saman Ghoddos,IRN,MF,0,9,102,18
14,Lee Gihyuk,KOR,MF,0,6,19,4
14,Jassem Gaber,QAT,DF,0,13,85,14
14,Kevin Yakob,IRQ,MF,0,1,18,2
14,Achref Abada,ALG,DF,0,0,0,0
14,Ao Tanaka,JPN,MF,0,12,89,34
14,Ziyad Aljohani,KSA,MF,0,0,0,0
14,Youssef Amyn,IRQ,MF,0,2,25,4
14,Khalid Alghannam,KSA,FW,0,0,6,0
14,Fares Chaibi,ALG,MF,0,30,140,16
14,Meschack Elia,COD,FW,0,1,25,3
14,Logan Costa,CPV,DF,0,0,0,0
14,Nathanael Mbuku,COD,MF,0,6,67,8
14,Kim Seunggyu,KOR,GK,0,0,0,0
14,Hiroki Ito,JPN,DF,0,23,34,14
14,Jehad Thikri,KSA,DF,0,0,0,0
14,Mehdi Torabi,IRN,MF,0,1,13,1
14,Ibrahim Sadeh,JOR,MF,0,0,0,0
14,Shoja Khalilzadeh,IRN,DF,0,8,26,12
14,Aimar Sher,IRQ,MF,0,0,4,2
14,Samuel Moutoussamy,COD,MF,0,39,114,31
14,Lee Kangin,KOR,MF,0,11,81,4
14,Hussein Ali,IRQ,DF,0,9,20,3
14,Ali Lajami,KSA,DF,0,3,7,3
14,Jalal Hassan,IRQ,GK,0,0,0,0
14,Pedro Miguel,QAT,DF,0,6,36,8
14,Castrop Jens,KOR,DF,0,2,13,5
14,Takehiro Tomiyasu,JPN,DF,0,4,24,11
14,Frans Putros,IRQ,DF,0,1,26,5
14,Ritsu Doan,JPN,MF,0,9,114,19
14,Danial Iri,IRN,DF,0,0,0,0
14,Ahmed Fathy,QAT,MF,0,10,73,10
14,Mohammad Mohebbi,IRN,MF,0,8,133,15
14,Amirhossein Hosseinzadeh,IRN,FW,0,3,13,3
14,Daichi Kamada,JPN,MF,0,13,116,22
14,Saud Abdulhamid,KSA,DF,0,11,76,18
14,Mohamed Amoura,ALG,FW,0,2,32,1
14,Edo Kayembe,COD,MF,0,20,116,20
14,Willy Semedo,CPV,MF,0,6,57,6
14,Ahmed Alganehi,QAT,MF,0,3,18,4
14,Axel Tuanzebe,COD,DF,0,6,20,10
14,Mahmoud Almardi,JOR,FW,0,6,90,16
14,Nour Baniateyah,JOR,GK,0,0,0,0
14,Sultan Mandash,KSA,FW,0,15,22,5
14,Kim Taehyeon,KOR,DF,0,0,0,0
14,Adil Boulbina,ALG,FW,0,1,13,0
14,Hossein Hosseini,IRN,GK,0,0,0,0
14,Koki Ogawa,JPN,FW,0,3,18,0
14,Kaishu Sano,JPN,MF,0,10,108,14
14,Bae Junho,KOR,MF,0,0,0,0
14,Ali Alhamadi,IRQ,FW,0,13,71,11
14,Ehsan Haddad,JOR,DF,0,13,80,18
14,Cho Wije,KOR,DF,0,0,0,0
14,Alireza Beiranvand,IRN,GK,0,0,0,0
14,Mohammed Abu Alshamat,KSA,DF,0,10,67,16
14,Abdullah Alkhaibari,KSA,MF,0,8,81,7
14,Alhashmi Alhussein,QAT,DF,0,2,20,8
14,Saleh Hardani,IRN,DF,0,5,46,6
14,Arthur Masuaku,COD,DF,0,9,102,10
14,Mousa Altamari,JOR,FW,0,10,82,7
14,Hicham Boudaoui,ALG,MF,0,6,54,8
14,Takefusa Kubo,JPN,MF,0,0,49,3
14,Ali Yousif,IRQ,FW,0,2,17,1
14,Fahad Talib,IRQ,GK,0,0,0,0
14,Abdullah Alhamddan,KSA,FW,0,5,62,5
14,Husam Abudahab,JOR,DF,0,4,42,14
14,Song Bumkeun,KOR,GK,0,0,0,0
14,Seol Youngwoo,KOR,DF,0,6,41,6
14,Melvin Mastil,ALG,GK,0,0,0,0
14,Zineddine Belaid,ALG,DF,0,0,2,2
14,Ehsan Hajisafi,IRN,DF,0,1,27,2
14,Lionel Mpasi,COD,GK,0,0,0,0
14,Anas Badawi,JOR,DF,0,0,0,0
14,Ermin Mahmic,BIH,MF,0,1,41,3
14,Juninho Bacuna,CUW,MF,0,16,148,21
14,Gervane Kastaneer,CUW,FW,0,0,17,3
14,Kevin Felida,CUW,MF,0,0,0,0
14,Jurien Gaari,CUW,DF,0,8,30,14
14,Tarik Muharemovic,BIH,DF,0,10,25,11
14,Brandley Kuwas,CUW,FW,0,0,2,0
14,Kenji Gorre,CUW,FW,0,0,8,1
14,Armin Gigovic,BIH,MF,0,4,33,4
14,Tahith Chong,CUW,MF,0,5,113,9
14,Sherel Floranus,CUW,DF,0,16,95,25
14,Jearl Margaritha,CUW,FW,0,3,23,1
14,Jeremy Antonisse,CUW,FW,0,1,39,3
14,Sontje Hansen,CUW,FW,0,2,31,1
14,Livano Comenencia,CUW,MF,0,13,102,19
14,Benjamin Tahirovic,BIH,MF,0,11,84,10
14,Roshon Van Eijma,CUW,DF,0,1,5,3
14,Jovo Lukic,BIH,FW,0,5,34,2
14,Shurandy Sambo,CUW,DF,0,0,0,0
14,Samed Bazdar,BIH,FW,0,2,6,2
14,Eloy Room,CUW,GK,0,0,0,0
14,Tyrese Noslin,CUW,FW,0,0,7,2
14,Tyrick Bodak,CUW,GK,0,0,0,0
14,Leandro Bacuna,CUW,MF,0,18,110,17
14,Juergen Locadia,CUW,FW,0,7,76,4
14,Kerim Alajbegovic,BIH,FW,0,9,98,8
14,Mladen Jurkas,BIH,GK,0,0,0,0
14,Joshua Brenet,CUW,DF,0,17,65,6
14,Amar Memic,BIH,MF,0,13,54,10
14,Armando Obispo,CUW,DF,0,4,24,9
14,Godfried Roemeratoe,CUW,MF,0,0,4,0
14,Deveron Fonville,CUW,DF,0,9,73,19
14,Riechedly Bazoer,CUW,DF,0,1,11,3
14,Haris Tabakovic,BIH,FW,0,0,0,0
14,Arjany Martha,CUW,MF,0,0,0,0
14,Stjepan Radeljic,BIH,DF,0,1,9,4
14,Martin Zlomislic,BIH,GK,0,0,0,0
14,Nikola Katic,BIH,DF,0,14,43,18
14,Trevor Doornbusch,CUW,GK,0,0,0,0
