Rank,Name,Nationality,Position,Offers To Receive,Offers In Behind,Offers In Between,Offers In Front,Offers Inside Team Shape,Offers Outside Team Shape,Receptions In Between,Receptions Between Midfield And Defensive Line,Receptions Under Pressure,Player Involvement
1,Jude Bellingham,ENG,MF,485,130,258,97,367,118,12,93,183,580
2,Kylian Mbappe,FRA,FW,431,191,163,77,282,149,29,165,184,626
3,Rodri,ESP,MF,414,5,122,287,291,123,2,41,258,1676
4,Marc Cucurella,ESP,DF,412,165,137,110,90,322,16,118,172,987
5,Enzo Fernandez,ARG,MF,374,51,128,195,226,148,4,81,159,1122
5,Elliot Anderson,ENG,MF,374,21,84,269,271,103,2,15,188,975
7,Michael Olise,FRA,FW,365,75,199,91,234,131,9,140,228,952
8,Pedri,ESP,MF,363,45,146,172,277,86,5,65,180,1024
9,Bruno Guimaraes,BRA,MF,339,56,156,127,258,81,5,51,92,459
10,Daniel Munoz,COL,DF,338,135,109,94,53,285,8,38,52,461
11,Rodrigo De Paul,ARG,MF,337,34,162,141,146,191,4,43,111,712
12,Neil El Aynaoui,MAR,MF,334,37,99,198,250,84,1,25,154,918
13,Alex Baena,ESP,MF,332,151,138,43,180,152,13,141,102,554
14,Granit Xhaka,SUI,MF,330,5,129,196,231,99,0,35,110,997
15,Martin Odegaard,NOR,MF,329,29,173,127,212,117,5,99,132,789
16,Remo Freuler,SUI,MF,328,43,138,147,228,100,3,34,105,694
17,Lamine Yamal,ESP,FW,317,119,164,34,119,198,33,224,188,740
17,Fabian Ruiz,ESP,MF,317,43,146,128,218,99,2,41,99,639
19,Azzedine Ounahi,MAR,MF,316,51,144,121,177,139,2,81,126,683
20,Dani Olmo,ESP,FW,314,89,175,50,248,66,4,79,112,537
21,Julian Alvarez,ARG,FW,299,111,118,70,189,110,3,116,120,494
22,Ismael Saibari,MAR,MF,298,151,117,30,182,116,9,67,94,246
23,Luis Diaz,COL,FW,295,148,121,26,130,165,11,116,104,415
24,Mikel Oyarzabal,ESP,FW,291,148,129,14,236,55,13,125,132,392
25,Declan Rice,ENG,MF,274,31,88,155,175,99,3,28,112,742
26,Alexis Mac Allister,ARG,MF,269,50,97,122,206,63,4,58,195,933
27,Arda Guler,TUR,FW,268,40,122,106,157,111,6,46,89,455
28,Vinicius Junior,BRA,FW,263,104,130,29,113,150,17,93,111,397
29,Pedro Vite,ECU,MF,261,11,108,142,153,108,1,27,83,640
30,Gustavo Puerta,COL,DF,260,48,108,104,145,115,3,44,116,643
30,Weston Mckennie,USA,MF,260,94,125,41,139,121,14,84,138,497
32,Achraf Hakimi,MAR,DF,253,79,114,60,102,151,12,92,167,971
33,Bruno Fernandes,POR,MF,251,53,135,63,150,101,5,86,115,640
34,Youri Tielemans,BEL,MF,248,61,87,100,174,74,3,41,125,591
34,Julian Quinones,MEX,FW,248,99,115,34,120,128,6,84,141,355
36,Lionel Messi,ARG,FW,245,59,121,65,157,88,5,151,191,899
36,Jules Kounde,FRA,DF,245,108,54,83,101,144,9,62,71,750
36,Marawan Attia,EGY,MF,245,8,79,158,140,105,0,22,119,749
39,Ferran Torres,ESP,FW,243,118,96,29,204,39,12,96,70,251
40,Emam Ashour,EGY,MF,241,49,128,64,114,127,5,50,85,471
41,Nahuel Molina,ARG,DF,236,86,89,61,50,186,6,46,104,572
41,Leandro Paredes,ARG,MF,236,2,40,194,157,79,0,9,58,1154
43,Adrien Rabiot,FRA,MF,235,65,58,112,160,75,8,36,121,769
44,Kevin De Bruyne,BEL,MF,223,76,96,51,126,97,6,61,86,446
45,Florian Wirtz,GER,MF,218,71,100,47,96,122,4,117,99,599
46,Pedro Porro,ESP,DF,215,58,96,61,52,163,9,69,139,896
47,Joao Neves,POR,MF,214,52,74,88,158,56,2,40,107,558
48,Leandro Trossard,BEL,FW,213,84,95,34,105,108,10,92,95,500
49,Desire Doue,FRA,FW,212,63,101,48,80,132,12,91,95,474
49,Daichi Kamada,JPN,MF,212,19,92,101,134,78,0,34,52,436
49,Ibrahim Maza,ALG,MF,212,39,122,51,153,59,4,59,136,342
49,Stephen Eustaquio,CAN,MF,212,22,76,114,133,79,1,31,127,618
53,Lewis Ferguson,SCO,MF,210,1,73,136,146,64,0,1,44,427
54,Oswin Appollis,RSA,FW,209,85,102,22,102,107,2,46,83,231
54,Jonathan David,CAN,FW,209,64,117,28,133,76,11,93,97,307
56,Nico Oreilly,ENG,DF,206,46,73,87,88,118,6,33,75,473
57,Anthony Gordon,ENG,FW,205,80,86,39,92,113,13,85,106,299
58,Kai Havertz,GER,FW,204,95,88,21,127,77,8,80,78,290
59,Fares Chaibi,ALG,MF,202,38,84,80,121,81,4,46,102,535
60,Tyler Adams,USA,MF,200,1,33,166,147,53,0,10,67,482
61,Danilo,BRA,DF,198,45,41,112,35,163,4,21,44,604
61,Roberto Alvarado,MEX,FW,198,57,100,41,74,124,3,82,102,477
63,Mohamed Salah,EGY,FW,197,68,112,17,112,85,5,93,92,339
63,Brahim Diaz,MAR,FW,197,68,100,29,103,94,6,86,131,414
65,Ousmane Dembele,FRA,FW,195,68,88,39,79,116,11,176,149,734
65,Vitinha,POR,MF,195,7,64,124,139,56,0,15,86,838
67,Lucas Paqueta,BRA,MF,192,22,89,81,110,82,1,20,78,412
68,Luis Suarez,COL,FW,191,81,108,2,167,24,5,59,52,148
69,Amine Gouiri,ALG,FW,188,69,107,12,139,49,3,40,40,137
70,Morgan Rogers,ENG,MF,187,72,81,34,138,49,6,59,80,284
70,Cristiano Ronaldo,POR,FW,187,92,81,14,147,40,8,65,69,239
72,Matheus Cunha,BRA,FW,184,53,92,39,146,38,2,46,71,223
73,Pedro Neto,POR,FW,183,83,81,19,49,134,8,79,83,374
74,Jamal Musiala,GER,MF,180,32,113,35,121,59,6,65,131,288
74,Anis Slimane,TUN,MF,180,57,85,38,149,31,0,30,42,162
76,Patrick Berg,NOR,MF,178,35,79,64,123,55,1,39,83,386
76,Aurelien Tchouameni,FRA,MF,178,2,35,141,137,41,1,8,64,537
76,Lautaro Martinez,ARG,FW,178,95,70,13,131,47,4,58,60,185
79,Christian Pulisic,USA,FW,177,57,90,30,80,97,4,47,66,211
79,Hwang Inbeom,KOR,MF,177,12,64,101,135,42,3,11,68,459
79,Fredrik Aursnes,NOR,MF,177,44,68,65,78,99,3,24,55,375
82,Alistair Johnston,CAN,DF,176,53,50,73,39,137,8,47,88,509
83,Folarin Balogun,USA,FW,175,104,69,2,134,41,21,55,64,153
83,Noni Madueke,ENG,FW,175,80,75,20,38,137,17,68,40,277
85,Ayyoub Bouaddi,MAR,MF,174,19,51,104,117,57,0,19,111,578
85,Gonzalo Plata,ECU,FW,174,31,119,24,112,62,3,86,108,362
87,Fabian Rieder,SUI,MF,172,48,110,14,106,66,7,56,82,232
88,Jefferson Lerma,COL,MF,171,3,44,124,145,26,1,14,90,592
88,Johan Mojica,COL,DF,171,32,75,64,17,154,4,26,84,435
90,Thiago Almada,ARG,FW,170,41,85,44,122,48,1,52,89,368
91,Djed Spence,ENG,DF,169,44,61,64,36,133,10,25,70,439
92,Sander Berge,NOR,MF,167,2,48,117,122,45,1,27,116,891
92,Konrad Laimer,AUT,MF,167,57,78,32,76,91,10,42,113,336
92,Jhon Arias,COL,MF,167,35,80,52,92,75,2,54,115,530
95,Nicolas Raskin,BEL,MF,166,11,50,105,115,51,2,14,69,498
95,Mostafa Zico,EGY,MF,166,83,68,15,99,67,6,61,56,215
95,Mohamed Hany,EGY,DF,166,46,80,40,33,133,9,40,85,601
95,Omar Marmoush,EGY,FW,166,73,79,14,93,73,5,58,84,218
99,Tijjani Reijnders,NED,MF,165,51,68,46,118,47,3,26,35,166
99,Ayase Ueda,JPN,FW,165,82,80,3,141,24,2,45,59,117
101,David Moller Wolfe,NOR,DF,164,45,73,46,62,102,4,26,76,382
101,Petar Sucic,CRO,MF,164,44,73,47,98,66,6,43,62,294
101,Sadio Mane,SEN,FW,164,85,65,14,84,80,18,86,103,350
104,Antonee Robinson,USA,DF,163,52,58,53,17,146,10,49,74,481
104,Josip Stanisic,CRO,DF,163,41,56,66,30,133,3,22,51,322
106,Timothy Castagne,BEL,DF,162,67,37,58,43,119,8,30,84,575
106,Elijah Just,NZL,MF,162,36,101,25,100,62,2,35,72,236
108,Reece James,ENG,DF,161,25,52,84,61,100,4,25,43,400
108,Charles De Ketelaere,BEL,FW,161,101,56,4,105,56,10,80,82,230
108,Lee Kangin,KOR,MF,161,12,71,78,62,99,0,42,108,376
108,Riyad Mahrez,ALG,FW,161,83,59,19,62,99,4,51,73,325
112,Aleksandar Pavlovic,GER,MF,158,4,54,100,119,39,0,20,67,548
113,Bilal El Khannouss,MAR,MF,157,49,88,20,61,96,8,80,119,543
113,James Rodriguez,COL,MF,157,24,84,49,75,82,3,52,76,509
115,Hans Vanaken,BEL,MF,156,20,90,46,111,45,2,46,77,362
116,Cedric Bakambu,COD,FW,155,91,64,0,128,27,2,29,29,63
116,Keito Nakamura,JPN,MF,155,52,85,18,32,123,4,56,72,272
118,Luis Romo,MEX,MF,153,41,70,42,119,34,2,21,62,242
118,Breel Embolo,SUI,FW,153,101,51,1,131,22,10,83,88,199
120,Nathaniel Brown,GER,DF,152,60,55,37,62,90,8,41,65,304
121,Facundo Medina,ARG,DF,151,46,39,66,37,114,5,20,46,328
121,Ryan Mendes,CPV,FW,151,52,84,15,50,101,0,35,51,211
121,Ramin Rezaeian,IRN,DF,151,29,67,55,19,132,3,19,43,223
124,Marcus Rashford,ENG,FW,150,85,48,17,50,100,15,71,70,284
124,Mikel Merino,ESP,MF,150,54,78,18,102,48,5,38,58,227
124,Hannibal Mejbri,TUN,MF,150,25,93,32,73,77,3,30,75,289
127,Raul Jimenez,MEX,FW,149,73,72,4,107,42,6,75,74,190
127,Antonio Nusa,NOR,FW,149,27,110,12,39,110,1,62,67,234
129,Leroy Sane,GER,MF,148,55,73,20,36,112,2,94,122,439
129,Noah Sadiki,COD,MF,148,9,96,43,109,39,0,20,47,242
129,Gilberto Mora,MEX,MF,148,34,83,31,96,52,2,37,52,209
129,Moises Caicedo,ECU,MF,148,7,58,83,110,38,0,24,64,640
129,Yasin Ayari,SWE,MF,148,21,59,68,111,37,2,28,85,278
134,Jeremy Doku,BEL,FW,147,51,73,23,58,89,5,88,87,263
135,Samuel Moutoussamy,COD,MF,146,8,79,59,109,37,1,14,62,320
136,Teboho Mokoena,RSA,MF,144,13,50,81,89,55,1,12,87,428
136,Ezri Konsa,ENG,DF,144,4,12,128,76,68,3,7,67,979
138,Frenkie De Jong,NED,MF,143,2,32,109,106,37,0,8,69,519
138,Junya Ito,JPN,MF,143,36,86,21,80,63,4,45,54,215
140,Idrissa Gana Gueye,SEN,MF,142,6,54,82,103,39,2,11,86,578
140,Nicolas Tagliafico,ARG,DF,142,60,41,41,31,111,6,51,42,437
142,Agustin Canobbio,URU,MF,141,76,50,15,42,99,9,50,60,185
142,Luka Modric,CRO,MF,141,14,47,80,114,27,1,13,50,509
142,Lamine Camara,SEN,MF,141,32,63,46,101,40,2,25,98,307
142,Aaron Wan Bissaka,COD,DF,141,58,48,35,39,102,5,19,54,287
146,Rodrigo Bentancur,URU,MF,140,23,57,60,111,29,1,24,82,396
146,Sergino Dest,USA,DF,140,70,48,22,63,77,4,54,53,248
146,Pau Cubarsi,ESP,DF,140,0,0,140,74,66,0,4,74,1454
146,Connor Metcalfe,AUS,MF,140,34,89,17,80,60,2,37,64,199
150,Sarpreet Singh,NZL,MF,139,39,77,23,65,74,1,54,63,196
150,Erik Lira,MEX,MF,139,4,59,76,105,34,1,11,46,425
152,Aiden Oneill,AUS,MF,138,6,61,71,103,35,1,23,103,388
152,Nicolas Seiwald,AUT,MF,138,14,45,79,96,42,1,10,57,339
154,Joao Felix,POR,FW,137,56,58,23,95,42,7,49,72,162
155,Jesus Gallardo,MEX,DF,136,36,56,44,20,116,6,46,58,366
155,Malik Tillman,USA,MF,136,28,73,35,93,43,7,68,118,418
155,Jorge Sanchez,MEX,DF,136,54,43,39,31,105,3,25,38,270
155,Nicolas Pepe,CIV,FW,136,51,64,21,88,48,8,59,57,267
159,Alexander Sorloth,NOR,FW,135,56,78,1,49,86,3,83,88,276
159,Ivan Perisic,CRO,FW,135,67,47,21,34,101,10,44,57,335
159,Maxi Araujo,URU,MF,135,74,51,10,72,63,7,45,55,174
162,Yan Diomande,CIV,FW,134,24,92,18,45,89,6,88,106,372
162,Paik Seungho,KOR,MF,134,4,43,87,92,42,1,10,67,317
162,Harry Kane,ENG,FW,134,44,64,26,111,23,6,70,81,276
162,Alexander Isak,SWE,FW,134,64,66,4,105,29,7,57,69,194
166,Dan Ndoye,SUI,FW,133,85,48,0,63,70,19,85,97,281
167,Tani Oluwaseyi,CAN,FW,132,94,36,2,107,25,6,49,55,131
168,Romano Schmid,AUT,MF,131,45,71,15,81,50,6,46,76,220
169,Ryan Gravenberch,NED,MF,130,29,62,39,89,41,3,32,87,308
169,Oscar Bobb,NOR,MF,130,31,89,10,54,76,5,73,64,264
169,Franck Kessie,CIV,MF,130,27,59,44,101,29,4,31,83,413
172,Ricardo Pepi,USA,FW,129,69,53,7,104,25,2,40,42,103
172,Romelu Lukaku,BEL,FW,129,85,41,3,107,22,1,53,43,110
172,Rayan Ait Nouri,ALG,DF,129,42,52,35,39,90,4,51,83,451
175,Yoane Wissa,COD,FW,127,52,64,11,103,24,3,50,81,195
175,Ismaila Sarr,SEN,FW,127,68,51,8,96,31,7,73,102,213
175,Nicolas Jackson,SEN,FW,127,73,40,14,96,31,4,38,42,114
178,Unai Simon,ESP,GK,126,0,0,126,85,41,0,0,12,608
179,Maxim De Cuyper,BEL,DF,125,47,46,32,47,78,8,38,68,541
179,Brian Gutierrez,MEX,MF,125,33,63,29,82,43,4,29,38,153
181,Ali Ahmed,CAN,FW,124,50,60,14,37,87,5,45,45,188
181,Kaishu Sano,JPN,MF,124,6,39,79,93,31,2,6,42,287
183,Bradley Barcola,FRA,FW,123,73,35,15,55,68,16,93,84,313
184,Marcel Sabitzer,AUT,MF,121,47,66,8,48,73,7,80,76,324
185,Edgar Yoel Barcenas,PAN,MF,120,9,66,45,86,34,1,13,49,239
186,Martin Baturina,CRO,MF,119,40,62,17,59,60,3,53,74,240
186,Mohanad Lashin,EGY,MF,119,2,25,92,61,58,1,11,64,406
186,Ao Tanaka,JPN,MF,119,2,33,84,103,16,0,7,38,331
189,Joao Cancelo,POR,DF,117,41,40,36,42,75,8,44,66,406
189,Scott Mctominay,SCO,MF,117,37,45,35,71,46,0,32,64,226
191,Tahith Chong,CUW,MF,116,31,78,7,73,43,4,38,78,169
191,Martin Experience,HAI,DF,116,41,45,30,32,84,1,25,47,243
193,Sphephelo Sithole,RSA,MF,115,3,48,64,85,30,0,11,47,288
193,Johan Manzambi,SUI,MF,115,37,66,12,82,33,5,36,57,153
193,Otabek Shukurov,UZB,MF,115,2,59,54,80,35,0,8,56,252
193,Akmal Mozgovoy,UZB,MF,115,10,80,25,84,31,1,16,40,182
193,Guillermo Varela,URU,DF,115,33,49,33,24,91,4,26,34,271
193,Kerim Alajbegovic,BIH,FW,115,33,63,19,27,88,2,50,77,241
193,Nuno Mendes,POR,DF,115,39,53,23,36,79,9,56,85,630
193,Lucas Digne,FRA,DF,115,53,34,28,32,83,6,38,51,601
201,Dayot Upamecano,FRA,DF,114,3,7,104,57,57,0,6,92,977
201,Zidane Iqbal,IRQ,MF,114,0,61,53,92,22,0,8,28,268
201,Sebastian Berhalter,USA,MF,114,6,41,67,83,31,0,8,51,307
201,John Yeboah,ECU,FW,114,39,55,20,43,71,3,52,86,262
201,Casemiro,BRA,MF,114,6,37,71,85,29,2,15,79,487
206,Felix Nmecha,GER,MF,113,38,47,28,73,40,3,26,66,313
207,Xaver Schlager,AUT,MF,112,2,48,62,92,20,0,8,61,301
207,Bukayo Saka,ENG,FW,112,56,41,15,50,62,21,70,62,303
207,Djibril Sow,SUI,MF,112,26,63,23,59,53,4,19,50,215
210,Piero Hincapie,ECU,DF,111,39,35,37,30,81,7,33,57,419
211,Gabriel Martinelli,BRA,FW,110,30,42,38,71,39,2,11,32,151
211,Callum Mccowatt,NZL,MF,110,32,55,23,59,51,3,22,53,205
211,Anthony Elanga,SWE,FW,110,47,56,7,40,70,7,39,59,192
211,Richie Laryea,CAN,DF,110,42,39,29,48,62,6,28,76,428
215,Jean Ricner Bellegarde,HAI,MF,109,8,53,48,82,27,0,17,58,299
216,Ricardo Rodriguez,SUI,DF,108,42,39,27,18,90,4,44,82,603
216,Chris Wood,NZL,FW,108,48,59,1,77,31,0,54,55,119
216,Manuel Akanji,SUI,DF,108,2,6,100,56,52,1,4,75,999
216,Alex Freeman,USA,DF,108,10,34,64,20,88,4,22,76,591
220,Andreas Schjelderup,NOR,MF,107,25,69,13,23,84,4,70,58,250
220,Pape Gueye,SEN,MF,107,13,51,43,79,28,2,16,99,369
222,Ermedin Demirovic,BIH,FW,106,67,31,8,82,24,3,36,53,112
222,Nico Williams,ESP,FW,106,63,34,9,44,62,5,49,34,139
222,Esmir Bajraktarevic,BIH,FW,106,45,48,13,40,66,5,35,61,180
222,Viktor Gyokeres,SWE,FW,106,68,36,2,65,41,12,81,82,197
222,Federico Vinas,URU,FW,106,58,42,6,80,26,4,21,29,82
222,Houssem Aouar,ALG,MF,106,43,46,17,62,44,4,29,55,185
228,Jamiro Monteiro,CPV,MF,105,12,73,20,69,36,0,17,65,259
228,Orkun Kokcu,TUR,MF,105,20,48,37,73,32,2,23,41,204
230,Abbosbek Fayzullaev,UZB,MF,104,45,52,7,64,40,0,30,33,102
230,Salem Aldawsari,KSA,FW,104,61,33,10,50,54,3,50,64,193
232,Diney Borges,CPV,DF,103,2,2,99,57,46,0,3,42,388
232,Baris Alper Yilmaz,TUR,FW,103,65,34,4,47,56,8,43,49,119
232,Marc Guehi,ENG,DF,103,2,2,99,50,53,0,3,45,1077
232,Cody Gakpo,NED,FW,103,56,39,8,54,49,5,86,72,257
232,Edson Alvarez,MEX,DF,103,3,29,71,69,34,0,3,36,324
237,Juan Manuel Sanabria,URU,MF,102,64,29,9,28,74,7,30,53,230
237,Nico Gonzalez,ARG,MF,102,80,18,4,57,45,23,64,63,275
237,Daizen Maeda,JPN,MF,102,73,25,4,71,31,8,31,33,92
237,Ali Abdi,TUN,DF,102,46,48,8,21,81,5,17,35,153
241,Amir Murillo,PAN,DF,101,35,46,20,15,86,5,26,67,260
242,Ruben Providence,HAI,FW,100,31,61,8,44,56,4,27,47,144
242,Soufiane Rahimi,MAR,FW,100,69,26,5,78,22,11,32,33,112
242,Pavel Sulc,CZE,FW,100,39,59,2,55,45,4,36,47,129
242,Jackson Irvine,AUS,MF,100,19,43,38,69,31,2,25,67,279
242,Ali Alhamadi,IRQ,FW,100,53,45,2,79,21,5,23,33,90
242,Joshua Kimmich,GER,DF,100,6,21,73,45,55,1,10,73,778
242,Paul Wanner,AUT,MF,100,31,40,29,76,24,3,23,63,191
249,Michel Aebischer,SUI,MF,99,24,52,23,59,40,2,27,30,173
249,Benjamin Tahirovic,BIH,MF,99,5,42,52,69,30,2,8,47,238
251,Torbjorn Heggem,NOR,DF,98,1,9,88,39,59,1,5,49,606
251,Enner Valencia,ECU,FW,98,56,35,7,64,34,9,42,43,125
251,Marko Stamenic,NZL,MF,98,6,26,66,66,32,0,9,53,364
254,Lawrence Shankland,SCO,FW,97,46,45,6,80,17,1,29,30,83
254,Ferdi Kadioglu,TUR,DF,97,30,33,34,36,61,2,32,41,353
254,Aymeric Laporte,ESP,DF,97,6,3,88,43,54,0,5,71,1378
254,Eldor Shomurodov,UZB,FW,97,45,45,7,69,28,1,68,58,175
254,Rafik Belghali,ALG,DF,97,54,27,16,42,55,7,31,83,406
254,Ritsu Doan,JPN,MF,97,42,41,14,45,52,2,44,65,222
254,Son Heungmin,KOR,FW,97,51,34,12,70,27,6,35,50,142
261,Stefan Posch,AUT,DF,96,30,47,19,13,83,4,26,88,274
261,Aubrey Modiba,RSA,DF,96,27,48,21,19,77,2,26,54,308
263,Tajon Buchanan,CAN,FW,95,55,34,6,25,70,14,73,97,262
263,Ibrahim Mbaye,SEN,FW,95,36,38,21,26,69,4,41,58,176
263,Amad Diallo,CIV,FW,95,34,40,21,31,64,3,48,62,193
263,Mohammad Mohebbi,IRN,MF,95,41,41,13,36,59,3,43,61,159
267,Mehdi Taremi,IRN,FW,94,53,29,12,63,31,3,55,69,185
267,Joe Bell,NZL,MF,94,0,49,45,69,25,0,8,47,309
267,Carlos Harvey,PAN,DF,94,10,45,39,63,31,3,23,57,255
270,Manuel Ugarte,URU,MF,93,1,20,72,73,20,0,4,61,296
270,Ruben Vargas,SUI,FW,93,63,26,4,37,56,7,75,44,237
272,Antoine Semenyo,GHA,MF,92,45,33,14,54,38,3,44,50,176
272,Nabil Bentaleb,ALG,MF,92,1,25,66,73,19,0,7,56,589
274,Brian Brobbey,NED,FW,91,75,13,3,77,14,5,25,28,61
274,Andres Andrade,PAN,DF,91,3,24,64,21,70,1,2,71,380
276,Alvaro Fidalgo,MEX,MF,90,9,40,41,39,51,0,16,15,172
276,Julio Enciso,PAR,FW,90,38,41,11,43,47,5,50,81,201
276,Ibrahim Bayesh,IRQ,MF,90,50,35,5,42,48,2,24,42,128
276,Nasser Aldawsari,KSA,MF,90,3,31,56,56,34,0,12,60,240
276,Manu Kone,FRA,MF,90,3,24,63,63,27,1,12,96,586
276,Ismail Jakobs,SEN,DF,90,40,28,22,25,65,6,36,40,236
282,Yasser Ibrahim,EGY,DF,89,0,3,86,50,39,0,3,25,533
282,Gavi,ESP,MF,89,27,45,17,61,28,1,22,25,78
284,Mateo Kovacic,CRO,MF,88,4,27,57,60,28,1,15,86,442
284,Merchas Doski,IRQ,DF,88,15,45,28,22,66,1,11,58,298
286,Matias Galarza,PAR,MF,87,24,47,16,35,52,3,35,80,280
287,Raphinha,BRA,FW,86,39,41,6,40,46,5,28,37,120
287,Douglas Santos,BRA,DF,86,31,30,25,25,61,7,43,78,571
287,Seol Youngwoo,KOR,DF,86,42,38,6,42,44,9,40,58,258
287,Jordan Ayew,GHA,FW,86,51,28,7,58,28,4,37,45,124
287,Thalente Mbatha,RSA,MF,86,15,38,33,65,21,1,12,38,222
287,Vladimir Coufal,CZE,DF,86,42,29,15,11,75,3,27,44,252
293,Noor Alrawabdeh,JOR,MF,85,4,35,46,63,22,0,10,69,253
293,Giuliano Simeone,ARG,FW,85,36,40,9,25,60,6,48,48,194
293,Ramy Rabia,EGY,DF,85,4,4,77,48,37,1,1,23,525
293,Guela Doue,CIV,DF,85,29,38,18,26,59,3,28,73,343
297,Thapelo Maseko,RSA,FW,84,43,37,4,42,42,3,40,49,152
297,Chemsdine Talbi,MAR,MF,84,42,31,11,25,59,3,25,34,144
297,Odeh Fakhoury,JOR,FW,84,48,33,3,49,35,3,9,19,53
297,Kenan Yildiz,TUR,FW,84,38,28,18,30,54,2,92,128,307
297,Diego Gomez,PAR,MF,84,10,43,31,58,26,0,21,63,247
297,Jordan Pickford,ENG,GK,84,0,0,84,58,26,0,0,6,505
297,Thomas Meunier,BEL,DF,84,38,22,24,29,55,5,23,34,243
304,Dodi Lukebakio,BEL,FW,83,39,26,18,30,53,1,34,32,154
304,Brandon Mechele,BEL,DF,83,5,5,73,37,46,1,9,71,842
304,Sidny Lopes Cabral,CPV,DF,83,18,48,17,12,71,2,16,54,234
304,Akram Afif,QAT,FW,83,23,54,6,42,41,2,40,69,217
308,Denzel Dumfries,NED,DF,82,40,29,13,18,64,13,44,56,379
308,Donyell Malen,NED,FW,82,40,30,12,46,36,4,42,38,107
308,Laros Duarte,CPV,MF,82,7,65,10,62,20,3,16,34,106
308,Giovanni Reyna,USA,MF,82,9,49,24,53,29,1,31,59,192
308,Miguel Almiron,PAR,MF,82,13,53,16,32,50,2,26,54,183
308,Federico Valverde,URU,MF,82,24,33,25,37,45,3,32,60,281
314,Mousa Altamari,JOR,FW,81,47,25,9,50,31,6,33,45,102
314,Hiroki Ito,JPN,DF,81,9,19,53,16,65,1,11,46,417
314,Benjamin Nygren,SWE,MF,81,16,55,10,51,30,1,17,33,119
317,Crysencio Summerville,NED,FW,80,39,28,13,40,40,6,46,62,182
317,Mahmoud Almardi,JOR,FW,80,28,48,4,49,31,4,17,37,105
317,Amir Alammari,IRQ,MF,80,5,35,40,49,31,1,6,40,261
317,Yan Valery,TUN,DF,80,38,33,9,5,75,4,28,35,163
321,Hakan Calhanoglu,TUR,MF,79,8,27,44,53,26,2,9,54,420
321,Musab Aljuwayr,KSA,MF,79,20,54,5,43,36,1,28,49,173
323,Aymen Hussein,IRQ,FW,78,47,28,3,59,19,1,20,18,43
323,Trezeguet,EGY,FW,78,33,28,17,35,43,8,41,52,204
325,Chadi Riad,MAR,DF,77,0,3,74,48,29,0,2,22,464
325,Ahmed Fatouh,EGY,DF,77,19,25,33,21,56,2,23,57,370
325,Ivan Basic,BIH,MF,77,2,22,53,58,19,0,7,37,234
328,Jordan Bos,AUS,DF,76,27,37,12,26,50,7,41,93,286
328,Ramy Bensebaini,ALG,DF,76,1,1,74,37,39,0,1,69,814
328,Mohannad Abutaha,JOR,MF,76,25,36,15,19,57,2,25,64,213
328,Jose Luis Rodriguez,PAN,MF,76,31,39,6,34,42,9,43,45,154
328,Haissem Hassan,EGY,FW,76,4,37,35,11,65,2,8,9,109
328,Cyle Larin,CAN,FW,76,44,21,11,48,28,1,29,34,74
328,Christ Inao Oulai,CIV,MF,76,1,36,39,37,39,0,22,58,286
328,Ante Budimir,CRO,FW,76,65,10,1,68,8,1,14,16,37
328,Rafael Leao,POR,FW,76,20,48,8,10,66,4,43,63,205
337,Francisco Conceicao,POR,FW,75,35,36,4,19,56,6,53,56,173
337,Cristian Volpato,AUS,FW,75,17,52,6,43,32,1,58,70,188
337,Liam Millar,CAN,MF,75,36,35,4,19,56,4,33,26,166
337,Iqraam Rayners,RSA,FW,75,57,17,1,51,24,5,25,28,62
337,Gonzalo Montiel,ARG,DF,75,37,26,12,22,53,5,23,39,208
342,Alexis Saelemaekers,BEL,MF,74,23,37,14,40,34,2,29,18,106
342,Liberato Cacace,NZL,DF,74,31,34,9,13,61,1,25,42,197
342,Ben Gannon Doak,SCO,FW,74,39,24,11,21,53,5,30,44,142
342,Zeki Celik,TUR,DF,74,24,19,31,13,61,3,7,29,164
346,Cristian Martinez,PAN,MF,73,28,34,11,30,43,4,37,42,188
346,Nico Paz,ARG,FW,73,7,47,19,50,23,0,12,51,125
346,Zaid Ismael,IRQ,MF,73,2,28,43,60,13,0,7,32,150
346,Erling Haaland,NOR,FW,73,51,22,0,59,14,8,64,68,171
346,Danley Jean Jacques,HAI,MF,73,2,27,44,36,37,0,11,30,243
351,Mauricio,PAR,MF,72,16,34,22,43,29,2,21,48,173
351,Kristoffer Ajer,NOR,DF,72,4,2,66,44,28,0,4,39,590
353,Eberechi Eze,ENG,MF,71,22,31,18,57,14,2,32,57,222
353,Kevin Pina,CPV,MF,71,1,26,44,53,18,0,5,66,359
353,Ange Yoan Bonny,CIV,FW,71,51,20,0,63,8,7,36,49,92
353,Kerem Akturkoglu,TUR,FW,71,57,12,2,66,5,2,18,20,45
353,Yunus Akgun,TUR,FW,71,35,29,7,36,35,0,24,24,117
353,Josue Casimir,HAI,FW,71,39,29,3,35,36,2,20,46,121
353,Hicham Boudaoui,ALG,MF,71,17,24,30,32,39,1,5,29,186
360,Lee Gihyuk,KOR,MF,70,0,7,63,21,49,0,2,71,500
361,Krepin Diatta,SEN,DF,69,19,23,27,13,56,3,36,126,588
361,Livano Comenencia,CUW,MF,69,6,42,21,50,19,1,11,44,160
361,Nicolas De La Cruz,URU,MF,69,15,33,21,47,22,1,13,33,130
361,Aziz Behich,AUS,DF,69,24,30,15,8,61,4,17,45,178
365,Habib Diarra,SEN,MF,68,36,19,13,52,16,1,15,33,133
365,Edmilson Junior,QAT,FW,68,40,25,3,21,47,8,16,38,106
365,Cesar Blackman,PAN,DF,68,10,47,11,7,61,1,23,51,172
368,Iliman Ndiaye,SEN,FW,67,17,36,14,33,34,3,38,49,137
368,Michal Sadilek,CZE,MF,67,15,26,26,35,32,2,16,36,201
368,Lukas Cerv,CZE,MF,67,2,28,37,54,13,0,4,18,97
368,Nikola Vlasic,CRO,MF,67,30,28,9,38,29,1,22,45,105
368,Theo Hernandez,FRA,DF,67,28,24,15,29,38,5,13,36,326
368,Amar Memic,BIH,MF,67,38,19,10,22,45,0,20,40,135
368,Juergen Locadia,CUW,FW,67,47,20,0,44,23,2,42,42,108
375,Alexandr Sojka,CZE,MF,66,10,36,20,26,40,0,24,44,155
375,Dailon Livramento,CPV,FW,66,43,23,0,53,13,2,18,23,55
375,Pico Lopes,CPV,DF,66,2,6,58,24,42,0,3,38,384
375,Lee Jaesung,KOR,MF,66,18,38,10,43,23,4,28,40,137
379,Oh Hyeongyu,KOR,FW,65,35,27,3,52,13,3,22,26,62
379,Nilson Angulo,ECU,FW,65,28,26,11,22,43,2,43,55,193
381,Richard Rios,COL,MF,64,17,31,16,38,26,2,14,20,130
381,Edo Kayembe,COD,MF,64,7,37,20,42,22,1,18,37,108
381,Caleb Yirenkyi,GHA,MF,64,29,18,17,44,20,2,20,61,165
381,Kamaldeen Sulemana,GHA,FW,64,19,34,11,21,43,1,12,19,85
381,Alexander Schlager,AUT,GK,64,0,0,64,48,16,0,0,2,247
386,Lisandro Martinez,ARG,DF,63,2,1,60,20,43,0,3,72,936
386,Jesper Karlstrom,SWE,MF,63,2,22,39,41,22,0,4,20,79
386,Che Adams,SCO,FW,63,34,26,3,56,7,3,9,16,41
386,Ellyes Skhiri,TUN,MF,63,2,18,43,53,10,0,7,20,230
386,Nizar Alrashdan,JOR,MF,63,7,41,15,36,27,0,12,42,204
386,Ali Olwan,JOR,FW,63,22,36,5,30,33,12,40,47,147
392,Ngalayel Mukau,COD,MF,62,11,35,16,39,23,0,19,41,164
392,Raul Rangel,MEX,GK,62,1,0,61,42,20,0,0,7,317
392,Marcus Holmgren Pedersen,NOR,DF,62,25,18,19,15,47,4,15,33,213
392,Leandro Bacuna,CUW,MF,62,5,33,24,41,21,0,24,60,291
392,Sofyan Amrabat,MAR,MF,62,2,10,50,50,12,0,3,20,217
392,Ghislain Konan,CIV,DF,62,19,25,18,14,48,5,13,60,313
392,Khuliso Mudau,RSA,DF,62,30,25,7,17,45,6,17,64,394
392,Sebastian Tounekti,TUN,MF,62,19,41,2,46,16,1,13,15,46
392,Jacob Shaffelburg,CAN,MF,62,30,23,9,12,50,6,25,25,137
401,Gideon Mensah,GHA,DF,61,15,23,23,4,57,2,7,35,378
401,Jassem Gaber,QAT,DF,61,5,41,15,47,14,0,5,18,69
401,Willy Semedo,CPV,MF,61,29,28,4,23,38,1,28,33,105
404,Arthur Masuaku,COD,DF,60,6,31,23,11,49,0,12,38,363
404,Saeid Ezatolahi,IRN,MF,60,1,22,37,50,10,0,6,40,227
404,Ronwen Williams,RSA,GK,60,0,0,60,42,18,0,0,8,443
404,Ismael Gharbi,TUN,MF,60,12,36,12,36,24,0,14,21,84
404,Gregor Kobel,SUI,GK,60,0,0,60,32,28,0,0,10,472
404,Finn Surman,NZL,DF,60,0,0,60,21,39,0,4,24,310
404,Behruzjon Karimov,UZB,DF,60,8,42,10,7,53,1,12,30,125
411,William Saliba,FRA,DF,59,1,0,58,29,30,1,2,27,659
411,Thelo Aasgaard,NOR,MF,59,9,31,19,44,15,0,14,34,99
411,Andy Robertson,SCO,DF,59,17,27,15,8,51,2,24,42,316
411,Davinson Sanchez,COL,DF,59,0,1,58,22,37,0,8,53,755
411,Marquinhos,BRA,DF,59,3,2,54,32,27,0,3,30,785
411,Ayoub El Kaabi,MAR,FW,59,45,12,2,39,20,2,10,14,31
417,Moussa Niakhate,SEN,DF,58,2,1,55,29,29,0,5,56,585
417,Bernardo Silva,POR,MF,58,26,12,20,33,25,1,11,17,124
417,Rayan Cherki,FRA,MF,58,10,36,12,45,13,3,29,50,227
417,Karim Boudiaf,QAT,MF,58,7,34,17,31,27,0,5,19,143
417,Mohammed Abu Alshamat,KSA,DF,58,15,28,15,28,30,1,27,44,143
417,Emiliano Martinez,ARG,GK,58,0,0,58,34,24,0,0,2,508
423,Andres Cubas,PAR,MF,57,0,20,37,48,9,0,7,56,285
423,Gabriel Magalhaes,BRA,DF,57,3,2,52,25,32,0,2,22,876
423,Jovane Cabral,CPV,MF,57,21,32,4,29,28,0,21,24,84
423,Denis Zakaria,SUI,MF,57,26,20,11,18,39,4,56,68,411
423,Marcos Llorente,ESP,DF,57,19,16,22,15,42,3,22,35,324
423,Ivan Sunjic,BIH,MF,57,0,13,44,41,16,0,5,41,221
423,Hwang Heechan,KOR,MF,57,15,28,14,28,29,1,18,29,105
423,Milad Mohammadi,IRN,DF,57,31,18,8,20,37,4,12,26,174
423,Ehsan Haddad,JOR,DF,57,11,30,16,3,54,0,23,48,167
432,Lee Taeseok,KOR,DF,56,32,20,4,18,38,3,14,20,103
432,Deroy Duarte,CPV,MF,56,11,29,16,41,15,1,14,51,228
432,Steven Moreira,CPV,DF,56,10,35,11,14,42,0,11,39,226
432,Ramiz Zerrouki,ALG,MF,56,8,12,36,39,17,1,4,37,226
432,Elye Wahi,CIV,FW,56,37,19,0,49,7,3,24,22,55
432,Relebohile Mofokeng,RSA,FW,56,18,34,4,37,19,3,34,22,130
432,Jose Fajardo,PAN,FW,56,47,9,0,44,12,1,19,16,50
432,Kenny Mclean,SCO,MF,56,2,24,30,42,14,1,4,21,137
432,Amar Dedic,BIH,DF,56,23,19,14,11,45,1,3,40,204
432,Silvan Widmer,SUI,DF,56,20,21,15,14,42,5,9,29,159
442,Nestory Irankunda,AUS,FW,55,34,20,1,36,19,6,43,51,124
442,Edin Dzeko,BIH,FW,55,16,33,6,40,15,4,22,36,111
442,Nathan Patterson,SCO,DF,55,10,19,26,10,45,0,10,21,222
442,Alessandro Circati,AUS,DF,55,4,10,41,16,39,0,9,63,448
442,Hamdy Fathy,EGY,MF,55,5,10,40,22,33,0,9,33,274
442,Marvin Senaya,GHA,DF,55,17,11,27,12,43,3,10,25,201
442,Wilson Isidor,HAI,FW,55,34,18,3,44,11,1,18,22,64
442,Ali Jasim,IRQ,FW,55,16,32,7,21,34,4,23,39,96
442,Juan Jose Caceres,PAR,DF,55,19,17,19,8,47,0,15,66,270
451,Rayan,BRA,FW,54,33,19,2,23,31,7,75,76,245
451,Ibrahim Sangare,CIV,MF,54,2,20,32,38,16,0,9,78,391
451,David Raum,GER,DF,54,27,14,13,18,36,4,13,15,134
451,Sead Kolasinac,BIH,DF,54,25,13,16,14,40,5,23,93,370
455,Besfort Zeneli,SWE,MF,53,12,24,17,36,17,1,10,18,86
455,Camilo Vargas,COL,GK,53,0,0,53,30,23,0,0,3,368
455,El Hadji Malick Diouf,SEN,DF,53,17,17,19,11,42,1,16,23,194
455,Jean Kevin Duverne,HAI,DF,53,5,20,28,10,43,0,6,21,154
455,Lee Hanbeom,KOR,DF,53,6,8,39,3,50,1,10,33,403
460,Ahmed Qasem,IRQ,FW,52,37,14,1,31,21,2,11,21,47
460,Santiago Gimenez,MEX,FW,52,36,16,0,34,18,3,19,19,41
460,Jonathan Tah,GER,DF,52,2,1,49,37,15,0,4,59,794
460,John Mcginn,SCO,MF,52,11,39,2,25,27,2,35,41,161
460,Jorgen Strand Larsen,NOR,FW,52,34,16,2,47,5,1,21,26,54
460,Nelson Semedo,POR,DF,52,18,25,9,26,26,3,7,26,196
460,Lucas Bergvall,SWE,MF,52,7,16,29,43,9,3,14,40,193
460,Mert Muldur,TUR,DF,52,20,24,8,8,44,2,27,26,173
460,Paul Okon Engstler,AUS,MF,52,1,26,25,34,18,0,6,41,204
460,Nico Elvedi,SUI,DF,52,1,9,42,27,25,0,4,99,946
460,Ime Okon,RSA,DF,52,1,2,49,14,38,0,3,46,582
460,Ismael Kone,CAN,MF,52,3,24,25,36,16,0,14,38,238
472,Nathan Saliba,CAN,MF,51,4,13,34,32,19,2,8,40,206
472,Feras Albrikan,KSA,FW,51,27,23,1,33,18,2,38,41,108
472,Endrick,BRA,FW,51,36,12,3,44,7,2,18,20,57
472,Israel Reyes,MEX,DF,51,7,12,32,9,42,1,2,28,206
472,Ajdin Hrustic,AUS,FW,51,14,32,5,27,24,2,15,30,80
472,Gabriel Gudmundsson,SWE,DF,51,10,10,31,10,41,1,11,44,282
478,Lukas Provod,CZE,MF,50,31,15,4,24,26,2,24,20,109
478,Anis Hadj Moussa,ALG,FW,50,24,22,4,15,35,2,20,27,95
478,John Stones,ENG,DF,50,2,1,47,31,19,0,3,17,382
478,Mahmoud Saber,EGY,MF,50,2,14,34,26,24,0,3,10,80
478,Samir El Mourabet,MAR,MF,50,10,21,19,34,16,0,13,35,231
478,Lenny Joseph,HAI,FW,50,31,17,2,39,11,1,28,28,61
478,Johan Vasquez,MEX,DF,50,3,8,39,21,29,0,5,29,485
478,Mateo Chavez,MEX,DF,50,9,27,14,14,36,0,6,5,49
478,Juan Quintero,COL,MF,50,10,28,12,27,23,1,22,35,202
487,Kevin Rodriguez,ECU,FW,49,33,15,1,38,11,3,35,35,79
487,Malo Gusto,FRA,DF,49,24,15,10,10,39,1,18,13,165
487,Moteb Alharbi,KSA,DF,49,18,19,12,20,29,4,8,25,168
487,Nuno Da Costa,CPV,MF,49,32,16,1,32,17,4,31,33,71
487,Ahmed Fathy,QAT,MF,49,3,18,28,41,8,0,4,14,146
487,Karim Hafez,EGY,DF,49,7,21,21,10,39,3,5,44,232
493,Mike Maignan,FRA,GK,48,0,0,48,34,14,0,0,8,429
493,Jack Hendry,SCO,DF,48,0,3,45,20,28,0,2,20,352
493,Ismail Yuksek,TUR,MF,48,7,11,30,35,13,2,4,33,249
493,Alan Franco,ECU,MF,48,11,11,26,14,34,2,7,31,300
493,Pervis Estupinan,ECU,DF,48,24,13,11,22,26,3,23,19,130
493,Axel Tuanzebe,COD,DF,48,2,5,41,30,18,0,0,49,314
499,Andrej Kramaric,CRO,FW,47,18,22,7,32,15,0,10,9,47
499,Diego Moreira,BEL,MF,47,12,21,14,20,27,1,11,5,41
499,Kieran Tierney,SCO,DF,47,14,22,11,8,39,1,17,20,113
499,Dominique Simon,HAI,MF,47,2,24,21,34,13,1,2,11,64
503,Giovani Lo Celso,ARG,MF,46,4,22,20,31,15,0,7,27,108
503,Abdullah Alkhaibari,KSA,MF,46,1,15,30,33,13,0,7,30,133
503,Adil Boulbina,ALG,FW,46,20,19,7,13,33,2,6,20,42
503,Wagner Pina,CPV,DF,46,18,22,6,14,32,2,10,13,87
503,Kwasi Sibo,GHA,MF,46,2,12,32,42,4,0,7,28,204
503,Gustaf Lagerbielke,SWE,DF,46,0,8,38,11,35,0,11,35,433
503,Jesse Randall,NZL,FW,46,23,21,2,20,26,2,6,16,50
503,Kristian Thorstvedt,NOR,MF,46,16,22,8,31,15,1,12,25,62
511,Renato Veiga,POR,DF,45,2,0,43,15,30,0,3,34,713
511,Gessime Yassine,MAR,MF,45,21,15,9,21,24,0,17,31,91
511,Elias Saad,TUN,FW,45,12,32,1,25,20,2,19,35,76
511,Abdul Fatawu,GHA,FW,45,19,23,3,4,41,3,24,38,90
511,Zizo,EGY,FW,45,14,21,10,19,26,3,13,12,68
511,Willian Pacho,ECU,DF,45,0,0,45,29,16,0,1,37,488
511,Brian Cipenga,COD,FW,45,29,11,5,15,30,3,49,48,154
511,Nathanael Mbuku,COD,MF,45,12,26,7,11,34,0,27,36,134
511,Yeremy Pino,ESP,FW,45,24,17,4,22,23,1,26,17,67
511,Juninho Bacuna,CUW,MF,45,13,27,5,25,20,4,36,71,201
521,Joshua Brenet,CUW,DF,44,18,20,6,8,36,1,10,32,121
521,Nicolas Otamendi,ARG,DF,44,3,0,41,18,26,0,3,22,383
521,Amadou Onana,BEL,MF,44,2,16,26,35,9,0,6,29,143
521,Teun Koopmeiners,NED,MF,44,8,13,23,29,15,0,4,7,127
521,Niko Sigur,CAN,DF,44,4,17,23,26,18,2,9,36,149
521,Adam Hlozek,CZE,FW,44,20,20,4,32,12,4,26,31,70
521,Jacob Italiano,AUS,DF,44,19,22,3,17,27,3,25,24,116
521,Patrik Schick,CZE,FW,44,23,21,0,34,10,0,27,32,75
521,Ladislav Krejci,CZE,DF,44,4,3,37,18,26,1,9,43,333
521,Saud Abdulhamid,KSA,DF,44,25,12,7,12,32,9,15,50,241
521,Hussein Ali,IRQ,DF,44,24,18,2,3,41,2,10,8,82
532,Petar Musa,CRO,FW,43,33,9,1,38,5,0,10,13,29
532,Jan Paul Van Hecke,NED,DF,43,2,3,38,13,30,0,5,48,739
532,Joe Scally,USA,DF,43,11,17,15,10,33,2,10,25,122
532,Evidence Makgopa,RSA,FW,43,32,10,1,35,8,3,30,28,77
532,Luc De Fougerolles,CAN,DF,43,6,4,33,25,18,2,7,32,404
532,Anass Salah Eddine,MAR,DF,43,11,8,24,11,32,3,10,55,338
538,Marco Pasalic,CRO,FW,42,21,17,4,9,33,6,33,32,115
538,Brenden Aaronson,USA,FW,42,17,22,3,27,15,4,18,14,67
540,Louicius Deedson,HAI,FW,41,21,16,4,15,26,0,14,14,54
540,Carlens Arcus,HAI,DF,41,11,25,5,10,31,0,11,10,124
540,Saman Ghoddos,IRN,MF,41,7,15,19,30,11,1,20,38,162
540,Warren Zaire Emery,FRA,MF,41,5,15,21,28,13,0,6,15,155
540,Josip Sutalo,CRO,DF,41,0,2,39,22,19,0,2,43,570
540,Grant Hanley,SCO,DF,41,0,0,41,12,29,0,1,14,206
546,Ivan Toney,ENG,FW,40,17,19,4,33,7,1,12,17,52
546,David Alaba,AUT,DF,40,3,7,30,17,23,0,4,54,441
546,Thomas Partey,GHA,MF,40,0,8,32,33,7,0,8,31,324
546,Jayden Adams,RSA,MF,40,10,19,11,31,9,0,11,20,92
546,Brian Rodriguez,URU,FW,40,16,18,6,2,38,3,19,18,77
546,Yukinari Sugawara,JPN,DF,40,13,20,7,12,28,4,18,32,153
546,Marko Farji,IRQ,FW,40,19,19,2,9,31,2,5,17,36
546,Alexander Bernhardsson,SWE,DF,40,15,15,10,10,30,0,28,36,150
554,Nikola Katic,BIH,DF,39,0,1,38,10,29,0,4,37,345
554,Carney Chukwuemeka,AUT,MF,39,11,17,11,24,15,1,18,27,77
554,Orjan Nyland,NOR,GK,39,0,0,39,25,14,0,0,2,370
554,Abdullah Alhamddan,KSA,FW,39,13,21,5,24,15,0,16,17,52
558,Kim Seunggyu,KOR,GK,38,0,0,38,27,11,0,0,7,230
558,Sultan Albrake,QAT,DF,38,14,10,14,10,28,4,8,11,89
558,Inaki Williams,GHA,FW,38,26,12,0,17,21,0,23,25,67
558,Moise Bombito,CAN,DF,38,2,1,35,19,19,1,1,22,236
558,Mohamed Amine Ben Hmida,TUN,DF,38,2,0,36,12,26,0,1,18,208
558,Thibaut Courtois,BEL,GK,38,0,0,38,29,9,0,0,3,372
564,Takehiro Tomiyasu,JPN,DF,37,0,7,30,8,29,1,0,10,258
564,Elliot Stroud,SWE,DF,37,9,19,9,10,27,0,10,21,115
564,Jaminton Campaz,COL,FW,37,16,21,0,16,21,2,13,14,59
564,Cristian Romero,ARG,DF,37,6,2,29,24,13,1,4,74,905
568,Deiver Machado,COL,DF,36,16,17,3,7,29,1,9,7,52
568,Darwin Nunez,URU,FW,36,30,6,0,27,9,4,26,25,65
568,Mathias Olivera,URU,DF,36,8,8,20,14,22,1,10,40,480
568,Igor Matanovic,CRO,FW,36,15,19,2,33,3,0,22,16,44
568,Merih Demiral,TUR,DF,36,17,4,15,19,17,2,10,26,273
568,Elisha Owusu,GHA,MF,36,8,9,19,23,13,2,7,41,134
568,Pape Matar Sarr,SEN,MF,36,6,12,18,24,12,1,4,13,106
568,Noussair Mazraoui,MAR,DF,36,7,12,17,15,21,3,7,44,560
576,Rani Khedira,TUN,MF,35,11,17,7,31,4,1,5,19,74
576,Gilson Benchimol,CPV,FW,35,20,15,0,24,11,1,7,12,26
576,Guillermo Martinez,MEX,FW,35,20,14,1,32,3,0,14,16,35
576,Jose Cordoba,PAN,DF,35,0,2,33,23,12,0,4,29,387
576,Ermin Mahmic,BIH,MF,35,13,16,6,26,9,0,6,5,45
576,Vozinha,CPV,GK,35,0,0,35,19,16,0,0,7,299
576,Chancel Mbemba,COD,DF,35,2,1,32,12,23,0,11,35,340
576,Alireza Jahanbakhsh,IRN,MF,35,16,13,6,20,15,1,6,10,30
576,Azizjon Ganiev,UZB,MF,35,7,23,5,13,22,2,19,28,138
576,Ben Old,NZL,MF,35,17,13,5,17,18,1,12,24,75
576,Victor Lindelof,SWE,DF,35,0,3,32,18,17,0,4,24,430
576,Michael Gregoritsch,AUT,FW,35,23,12,0,25,10,1,21,25,62
576,Memphis Depay,NED,FW,35,19,14,2,31,4,0,17,18,39
576,Diogo Dalot,POR,DF,35,10,12,13,12,23,1,6,25,86
576,Virgil Van Dijk,NED,DF,35,0,1,34,17,18,1,4,40,718
591,Issa Diop,MAR,DF,34,1,1,32,9,25,0,4,27,676
591,Brandon Thomas Asante,GHA,FW,34,26,8,0,23,11,2,8,8,18
591,Fabinho,BRA,MF,34,0,12,22,29,5,0,1,11,93
591,Lucas Herrington,AUS,DF,34,0,0,34,7,27,0,3,41,232
591,Jaouen Hadjam,ALG,DF,34,19,11,4,16,18,0,10,26,147
591,Helio Varela,CPV,MF,34,20,12,2,9,25,2,24,17,77
597,Kim Minjae,KOR,DF,33,0,0,33,20,13,0,2,43,459
597,Mohamed Kanno,KSA,MF,33,4,15,14,29,4,1,27,56,244
597,Aissa Mandi,ALG,DF,33,3,4,26,13,20,0,1,27,774
597,Jonas Adjetey,GHA,DF,33,0,0,33,18,15,0,2,11,251
597,Sherel Floranus,CUW,DF,33,10,11,12,14,19,0,8,42,232
597,Jeremy Antonisse,CUW,FW,33,10,18,5,21,12,0,11,14,82
597,Ruben Neves,POR,MF,33,4,14,15,17,16,0,2,9,63
597,Phillip Mwene,AUT,DF,33,10,13,10,5,28,8,21,16,149
597,Morten Thorsby,NOR,MF,33,9,16,8,23,10,0,5,18,39
606,Issa Laye,QAT,DF,32,1,8,23,15,17,0,5,22,202
606,Alireza Beiranvand,IRN,GK,32,0,0,32,18,14,0,0,4,185
606,Shoja Khalilzadeh,IRN,DF,32,0,1,31,22,10,0,3,17,297
606,Yassine Bounou,MAR,GK,32,0,0,32,18,14,0,0,9,383
606,Bazoumana Toure,CIV,FW,32,16,16,0,8,24,3,13,22,69
606,Joao Paulo,CPV,MF,32,4,20,8,6,26,1,12,25,144
606,Dostonbek Khamdamov,UZB,MF,32,17,13,2,22,10,1,20,22,92
606,Harry Souttar,AUS,DF,32,3,2,27,20,12,0,6,46,409
606,Ryan Christie,SCO,MF,32,0,21,11,16,16,0,15,24,90
606,Chris Richards,USA,DF,32,2,1,29,21,11,0,1,39,597
606,Alan Minda,ECU,MF,32,16,16,0,12,20,2,10,14,43
606,Neymar Jr,BRA,FW,32,2,21,9,19,13,1,11,8,72
618,Sebastian Caceres,URU,DF,31,1,0,30,18,13,0,4,20,373
618,Jhon Cordoba,COL,FW,31,22,9,0,25,6,3,13,9,32
618,Abdulaziz Hatem,QAT,MF,31,5,13,13,26,5,2,5,20,65
618,Ruben Dias,POR,DF,31,0,1,30,19,12,0,1,36,510
618,Mario Pasalic,CRO,MF,31,3,17,11,23,8,0,9,22,119
618,Florian Grillitsch,AUT,MF,31,2,10,19,22,9,0,3,16,133
618,Jarell Quansah,ENG,DF,31,9,12,10,7,24,1,3,15,217
618,Tim Payne,NZL,DF,31,10,12,9,5,26,2,11,41,191
618,Ardon Jashari,SUI,MF,31,9,16,6,26,5,0,11,17,72
618,Daniel Svensson,SWE,DF,31,9,18,4,17,14,0,8,12,88
618,Pathe Ciss,SEN,MF,31,0,5,26,24,7,0,2,17,298
618,Emmanuel Agbadou,CIV,DF,31,0,6,25,17,14,0,5,31,323
618,Elias Achouri,TUN,FW,31,17,13,1,16,15,0,3,10,33
632,Montassar Talbi,TUN,DF,30,2,2,26,11,19,0,2,24,236
632,Azarias Londono,PAN,FW,30,14,16,0,13,17,0,14,10,56
632,Ali Azaizeh,JOR,FW,30,11,19,0,18,12,0,12,16,35
632,Lionel Mpasi,COD,GK,30,0,0,30,17,13,0,0,5,248
632,Abdulelah Alamri,KSA,DF,30,4,2,24,15,15,2,2,15,212
632,Miro Muheim,SUI,DF,30,9,13,8,2,28,0,6,9,77
638,Odiljon Xamrobekov,UZB,MF,29,2,14,13,25,4,0,10,22,93
638,Sherzod Nasrullaev,UZB,DF,29,9,15,5,5,24,1,16,20,118
638,Hernan Galindez,ECU,GK,29,0,0,29,21,8,0,0,2,191
638,Angelo Preciado,ECU,DF,29,11,10,8,4,25,3,16,22,106
638,Danilo Santos,BRA,MF,29,10,10,9,20,9,0,3,18,65
638,Mbekezeli Mbokazi,RSA,DF,29,5,6,18,13,16,0,4,29,466
638,Wilfried Singo,CIV,DF,29,4,7,18,6,23,1,5,43,203
638,Abdallah Nasib,JOR,DF,29,0,2,27,1,28,0,1,13,190
638,Garry Rodrigues,CPV,MF,29,18,11,0,16,13,0,13,11,40
638,Kou Itakura,JPN,DF,29,0,0,29,24,5,0,0,3,222
638,Justin Kluivert,NED,MF,29,13,14,2,15,14,2,3,5,18
649,Manuel Neuer,GER,GK,28,0,0,28,19,9,0,0,5,256
649,Angelo Stiller,GER,MF,28,0,13,15,25,3,0,3,10,72
649,Nathan Ake,NED,DF,28,1,5,22,5,23,0,3,17,253
649,Bart Verbruggen,NED,GK,28,0,0,28,22,6,0,0,0,237
649,Ollie Watkins,ENG,FW,28,22,6,0,17,11,3,13,10,31
649,Fernando Muslera,URU,GK,28,0,0,28,19,9,0,0,0,144
649,Santiago Arias,COL,DF,28,17,7,4,5,23,4,9,16,95
649,Cedric Itten,SUI,FW,28,26,2,0,22,6,1,6,7,19
649,Shogo Taniguchi,JPN,DF,28,1,2,25,17,11,1,0,20,245
649,Ali Nemati,IRN,DF,28,3,1,24,12,16,1,4,22,265
649,Frantzdy Pierrot,HAI,FW,28,19,8,1,22,6,1,23,25,48
660,Orlando Mosquera,PAN,GK,27,0,0,27,20,7,0,0,2,185
660,Nathan Ngoy,BEL,DF,27,0,1,26,12,15,0,0,33,477
660,Leon Goretzka,GER,MF,27,12,9,6,19,8,2,11,19,80
660,Boualem Khoukhi,QAT,DF,27,4,5,18,17,10,0,6,13,236
660,Mohamed Amoura,ALG,FW,27,8,17,2,24,3,0,5,5,16
660,Aimar Sher,IRQ,MF,27,1,8,18,23,4,0,2,2,49
660,Kim Moonhwan,KOR,DF,27,14,9,4,10,17,0,7,1,49
660,Lyndon Dykes,SCO,FW,27,11,16,0,24,3,0,13,11,27
660,Tomas Soucek,CZE,MF,27,3,16,8,20,7,0,5,17,99
660,Salih Ozcan,TUR,MF,27,1,6,20,23,4,0,1,30,133
670,Isak Hien,SWE,DF,26,0,0,26,19,7,0,1,17,271
670,Vladimir Darida,CZE,MF,26,9,13,4,16,10,0,5,17,42
670,Aaron Hickey,SCO,DF,26,2,9,15,1,25,0,2,5,83
670,Michael Boxall,NZL,DF,26,0,0,26,9,17,0,3,18,240
670,Ugurcan Cakir,TUR,GK,26,0,1,25,13,13,0,0,2,185
670,Eren Elmali,TUR,DF,26,12,11,3,11,15,3,8,30,121
670,Cesar Montes,MEX,DF,26,2,1,23,13,13,1,3,23,361
670,Timothy Weah,USA,FW,26,11,12,3,10,16,3,18,24,80
670,Damian Bobadilla,PAR,MF,26,4,10,12,18,8,1,4,13,72
670,Youssef Amyn,IRQ,MF,26,15,10,1,18,8,0,5,8,16
670,Pedro Miguel,QAT,DF,26,8,4,14,13,13,3,3,29,172
670,Mohammad Abualnadi,JOR,DF,26,0,2,24,4,22,0,1,10,60
670,Diogo Costa,POR,GK,26,0,0,26,15,11,0,0,3,217
683,Kevin Danso,AUT,DF,25,1,2,22,10,15,1,6,28,349
683,Oston Urunov,UZB,MF,25,16,7,2,15,10,0,9,8,27
683,Mohamed Toure,AUS,FW,25,18,7,0,16,9,6,17,25,53
683,Abdulkerim Bardakci,TUR,DF,25,2,1,22,11,14,1,2,24,516
683,Firas Chaouat,TUN,FW,25,22,3,0,20,5,1,5,5,14
683,Simon Adingra,CIV,FW,25,11,8,6,5,20,0,5,4,23
683,Omar Rekik,TUN,DF,25,0,9,16,2,23,0,7,22,205
683,Gabriel Avalos,PAR,FW,25,24,1,0,17,8,1,20,26,52
683,Marko Arnautovic,AUT,FW,25,17,8,0,19,6,5,25,30,75
692,Obed Vargas,MEX,MF,24,1,14,9,20,4,0,9,17,53
692,Jiovany Ramos,PAN,DF,24,2,3,19,8,16,0,1,16,258
692,Jhon Lucumi,COL,DF,24,0,1,23,5,19,0,4,40,605
692,Can Uzun,TUR,FW,24,5,6,13,13,11,1,9,20,64
692,Azizbek Amonov,UZB,FW,24,15,7,2,17,7,1,4,9,17
692,Armin Gigovic,BIH,MF,24,3,11,10,14,10,0,4,18,53
692,Francisco Trincao,POR,FW,24,6,18,0,19,5,0,8,15,35
692,Seko Fofana,CIV,MF,24,4,16,4,18,6,1,6,29,106
692,Koki Ogawa,JPN,FW,24,12,10,2,22,2,1,5,4,12
692,Simon Banza,COD,FW,24,17,7,0,20,4,1,4,7,14
692,Charles Pickel,COD,MF,24,6,10,8,9,15,0,4,11,46
703,Ayoub Aloui,QAT,DF,23,4,12,7,2,21,1,2,11,57
703,David Doudera,CZE,DF,23,10,10,3,7,16,0,10,20,107
703,Kalidou Koulibaly,SEN,DF,23,1,1,21,13,10,0,0,18,189
703,Maxence Lacroix,FRA,DF,23,1,2,20,11,12,0,0,10,262
707,Jordan Henderson,ENG,MF,22,1,4,17,20,2,1,0,5,27
707,Nico Schlotterbeck,GER,DF,22,0,1,21,5,17,0,6,33,272
707,Arthur Theate,BEL,DF,22,0,0,22,8,14,0,3,40,353
707,Steve Kapuadi,COD,DF,22,3,1,18,7,15,0,2,11,114
707,Husam Abudahab,JOR,DF,22,1,4,17,8,14,0,0,15,112
707,Sultan Mandash,KSA,FW,22,11,6,5,8,14,1,4,14,29
707,Promise David,CAN,FW,22,15,7,0,18,4,2,18,18,46
707,Ernest Nuamah,GHA,FW,22,7,12,3,12,10,2,15,27,74
707,Ryan Thomas,NZL,MF,22,6,12,4,15,7,1,15,22,62
707,Tyler Bindon,NZL,DF,22,11,7,4,6,16,1,6,26,147
717,Jaroslav Zeleny,CZE,DF,21,8,11,2,6,15,2,15,11,105
717,Angus Gunn,SCO,GK,21,0,0,21,15,6,0,0,3,224
717,Max Crocombe,NZL,GK,21,0,0,21,13,8,0,0,0,185
717,Rustam Ashurmatov,UZB,DF,21,0,0,21,2,19,0,0,22,243
717,Matias Fernandez Pardo,BEL,FW,21,15,5,1,8,13,2,18,9,43
717,Julian Ryerson,NOR,FW,21,3,15,3,7,14,1,26,59,316
717,Alexander Prass,AUT,MF,21,11,7,3,7,14,1,8,8,54
717,Philipp Lienhart,AUT,DF,21,0,1,20,10,11,0,1,18,295
717,Junior Alonso,PAR,DF,21,2,6,13,2,19,1,8,48,233
717,Matias Vina,URU,DF,21,12,2,7,1,20,1,6,15,69
717,Ismael Diaz,PAN,MF,21,8,13,0,13,8,1,11,11,48
717,Sontje Hansen,CUW,FW,21,15,6,0,13,8,1,7,7,20
717,Jurien Gaari,CUW,DF,21,0,2,19,11,10,0,3,24,114
717,Hamza Abdelkarim,EGY,FW,21,17,4,0,17,4,1,6,6,30
717,Bara Sapoko Ndiaye,SEN,MF,21,3,10,8,15,6,0,3,6,27
717,Fiston Mayele,COD,FW,21,13,8,0,17,4,2,16,18,35
717,Hassan Alhaydos,QAT,FW,21,10,10,1,11,10,0,7,16,31
734,Akam Hashim,IRQ,DF,20,1,2,17,6,14,1,1,25,313
734,Zion Suzuki,JPN,GK,20,0,0,20,14,6,0,0,1,204
734,Homam Ahmed,QAT,DF,20,13,6,1,5,15,1,7,13,75
734,Ahmed Alaaeldin,QAT,FW,20,11,8,1,15,5,0,8,11,26
734,Takefusa Kubo,JPN,MF,20,7,9,4,15,5,1,4,10,36
734,Gustavo Velazquez,PAR,DF,20,2,3,15,6,14,0,5,11,177
734,Luca Jaquez,SUI,DF,20,9,9,2,2,18,1,7,28,88
734,Guus Til,NED,MF,20,11,8,1,9,11,0,6,5,19
734,Lyle Foster,RSA,FW,20,10,8,2,12,8,0,6,7,15
743,Assane Diao,SEN,FW,19,5,10,4,5,14,0,12,8,29
743,Mathieu Choiniere,CAN,MF,19,0,7,12,12,7,0,5,10,63
743,Taha Ali,SWE,FW,19,2,11,6,1,18,1,9,10,40
743,Hassan Altambakti,KSA,DF,19,0,1,18,10,9,0,1,24,184
743,Shahriyar Moghanloo,IRN,FW,19,13,6,0,15,4,4,22,17,66
743,Arya Yousefi,IRN,DF,19,6,12,1,8,11,1,7,21,42
743,Castrop Jens,KOR,DF,19,4,15,0,3,16,3,13,12,65
743,Valentin Barco,ARG,MF,19,4,14,1,9,10,0,14,8,41
743,Cecilio Waterman,PAN,FW,19,14,5,0,17,2,1,12,13,26
743,Tim Ream,USA,DF,19,0,1,18,6,13,0,1,38,622
743,Alisson,BRA,GK,19,0,0,19,14,5,0,0,0,266
743,Orbelin Pineda,MEX,MF,19,7,9,3,14,5,0,6,11,20
743,Quinten Timber,NED,MF,19,7,6,6,8,11,1,5,14,32
743,Deniz Undav,GER,FW,19,12,7,0,13,6,5,27,30,85
757,Leo Ostigard,NOR,DF,18,2,1,15,12,6,0,3,14,222
757,Jean Philippe Mateta,FRA,FW,18,13,5,0,13,5,1,3,5,11
757,Micky Van De Ven,NED,DF,18,8,2,8,5,13,3,11,24,242
757,Fredrik Andre Bjorkan,NOR,DF,18,7,5,6,3,15,1,2,7,46
757,Yusuf Abdurisag,QAT,FW,18,10,7,1,11,7,1,12,11,33
757,Assim Madibo,QAT,MF,18,0,7,11,12,6,0,3,21,75
757,Mohamed Hadj Mahmoud,TUN,MF,18,2,9,7,11,7,0,1,7,24
757,Mory Diaw,SEN,GK,18,0,0,18,14,4,0,0,1,166
757,Edouard Mendy,SEN,GK,18,0,0,18,15,3,0,0,2,132
757,Kai Trewin,AUS,DF,18,3,10,5,2,16,2,7,14,73
757,Abduvohid Nematov,UZB,GK,18,0,0,18,13,5,0,0,3,106
757,Nikola Vasilj,BIH,GK,18,0,0,18,13,5,0,0,11,279
757,Denis Visinsky,CZE,FW,18,3,10,5,7,11,1,5,5,40
757,Auston Trusty,USA,DF,18,3,5,10,3,15,2,5,11,108
757,Omar Alderete,PAR,DF,18,2,2,14,6,12,0,1,17,216
757,Exequiel Palacios,ARG,MF,18,3,4,11,7,11,1,4,21,190
757,Riechedly Bazoer,CUW,DF,18,0,3,15,9,9,0,1,4,71
774,Jearl Margaritha,CUW,FW,17,11,6,0,9,8,2,7,9,19
774,Deveron Fonville,CUW,DF,17,5,8,4,3,14,0,9,53,151
774,Mortadha Ben Ouanes,TUN,DF,17,6,8,3,13,4,0,0,3,8
774,Yahia Fofana,CIV,GK,17,0,0,17,12,5,0,0,3,216
774,Prince Adu,GHA,FW,17,10,7,0,12,5,1,8,9,17
774,Mostafa Shoubir,EGY,GK,17,0,0,17,11,6,0,0,2,242
774,Marin Pongracic,CRO,DF,17,2,1,14,11,6,0,2,28,423
774,Nadiem Amiri,GER,MF,17,2,8,7,9,8,0,4,5,48
774,Sasa Kalajdzic,AUT,FW,17,9,8,0,13,4,0,28,17,61
774,Patrick Wimmer,AUT,FW,17,10,6,1,4,13,0,11,14,32
774,Yazan Alarab,JOR,DF,17,1,5,11,9,8,0,0,24,212
774,Ali Alipour,IRN,FW,17,10,7,0,13,4,0,5,7,21
774,Ala Alhajji,KSA,MF,17,3,12,2,11,6,0,7,13,37
774,Saleh Hardani,IRN,DF,17,3,4,10,1,16,0,3,12,70
774,Jordy Alcivar,ECU,MF,17,4,3,10,10,7,0,1,19,77
774,Awer Mabil,AUS,FW,17,7,9,1,10,7,0,3,4,20
790,Ozan Kabak,TUR,DF,16,0,4,12,9,7,0,2,11,73
790,Patrick Beach,AUS,GK,16,0,0,16,8,8,0,0,1,208
790,Abdukodir Khusanov,UZB,DF,16,2,1,13,7,9,0,1,31,214
790,Khojiakbar Alijonov,UZB,DF,16,6,9,1,1,15,5,19,41,103
790,Armando Obispo,CUW,DF,16,0,4,12,8,8,0,1,21,214
790,Aymen Dahmen,TUN,GK,16,0,0,16,9,7,0,0,1,86
790,Jerome Opoku,GHA,DF,16,0,2,14,9,7,0,0,14,246
790,Nkosinathi Sibisi,RSA,DF,16,0,2,14,4,12,0,0,12,108
790,Igor Thiago,BRA,FW,16,15,1,0,12,4,0,9,7,21
790,Luis Chavez,MEX,MF,16,0,6,10,2,14,0,4,4,61
790,Orlando Gill,PAR,GK,16,0,0,16,12,4,0,0,7,238
790,Jorge Gutierrez,PAN,DF,16,10,2,4,4,12,0,6,15,50
790,Yaimar Medina,ECU,DF,16,5,7,4,5,11,1,10,5,51
790,Tomas Rodriguez,PAN,FW,16,12,4,0,13,3,1,8,10,21
790,Cho Guesung,KOR,FW,16,11,5,0,10,6,2,8,7,19
790,Mohamed Manai,QAT,FW,16,2,8,6,9,7,0,5,8,34
806,Eom Jisung,KOR,MF,15,7,6,2,4,11,2,5,3,23
806,Ehsan Hajisafi,IRN,DF,15,1,8,6,3,12,1,2,7,47
806,Joris Kayembe,COD,DF,15,4,7,4,2,13,1,7,7,55
806,Mehdi Torabi,IRN,MF,15,5,6,4,6,9,1,6,11,45
806,Amirhossein Hosseinzadeh,IRN,FW,15,4,9,2,8,7,0,3,8,33
806,Zaid Tahseen,IRQ,DF,15,0,1,14,4,11,0,2,18,134
806,Almoez Ali,QAT,FW,15,3,10,2,10,5,0,2,5,9
806,Keisuke Goto,JPN,FW,15,9,6,0,14,1,0,1,1,2
806,Waldemar Anton,GER,DF,15,4,3,8,2,13,0,2,7,70
806,Zeki Amdouni,SUI,FW,15,10,5,0,13,2,2,16,16,46
806,Oguz Aydin,TUR,FW,15,10,4,1,6,9,2,15,27,94
806,Miles Robinson,USA,DF,15,0,0,15,10,5,0,1,18,129
806,Matt Freese,USA,GK,15,0,0,15,10,5,0,0,3,172
806,Hazem Mastouri,TUN,FW,15,14,1,0,11,4,1,14,17,37
806,Christopher Operi,CIV,DF,15,10,2,3,10,5,0,10,29,157
821,Tshepang Moremi,RSA,FW,14,8,4,2,4,10,2,4,5,20
821,Yannick Semedo,CPV,MF,14,0,8,6,10,4,0,2,13,79
821,Derek Cornelius,CAN,DF,14,2,2,10,6,8,1,8,35,379
821,Maxime Crepeau,CAN,GK,14,0,0,14,9,5,0,0,6,237
821,Kim Jingyu,KOR,MF,14,1,6,7,11,3,0,5,19,122
821,Meschack Elia,COD,FW,14,6,8,0,3,11,3,12,9,41
821,Ederson Silva,BRA,MF,14,7,2,5,7,7,0,5,3,23
821,Marcos Senesi,ARG,DF,14,0,2,12,4,10,1,1,7,167
821,Jose Canale,PAR,DF,14,2,2,10,4,10,0,1,12,62
821,Cucho Hernandez,COL,FW,14,12,2,0,11,3,2,14,16,29
821,Deniz Gul,TUR,FW,14,13,1,0,14,0,1,3,3,7
832,Matej Kovar,CZE,GK,13,0,0,13,7,6,0,0,10,181
832,Igor Sergeev,UZB,FW,13,9,4,0,10,3,0,3,2,9
832,Abdulla Abdullaev,UZB,DF,13,1,1,11,6,7,0,0,7,143
832,Francis De Vries,NZL,DF,13,4,4,5,4,9,0,3,4,33
832,Tomas Chory,CZE,FW,13,7,6,0,8,5,0,6,4,18
832,Alphonso Davies,CAN,DF,13,6,7,0,3,10,0,14,8,41
832,Redouane Halhal,MAR,DF,13,0,0,13,1,12,0,0,37,260
832,Ricardo Ade,HAI,DF,13,1,0,12,10,3,0,2,22,293
832,Gustavo Caballero,PAR,MF,13,9,3,1,8,5,1,11,11,27
832,Samir Chergui,ALG,DF,13,1,2,10,2,11,0,3,2,47
832,Tsuyoshi Watanabe,JPN,DF,13,6,0,7,5,8,2,3,4,74
844,Nadhir Benbouali,ALG,FW,12,7,3,2,11,1,2,8,13,28
844,Ahmed Basil,IRQ,GK,12,0,0,12,8,4,0,0,2,124
844,Yuito Suzuki,JPN,MF,12,5,5,2,7,5,0,3,6,11
844,Utkir Yusupov,UZB,GK,12,0,0,12,7,5,0,0,0,50
844,Tomas Holes,CZE,DF,12,2,0,10,3,9,0,2,15,146
844,Jamshid Iskanderov,UZB,MF,12,1,6,5,4,8,0,5,6,35
844,Nishan Velupillay,AUS,FW,12,5,6,1,8,4,0,6,10,35
844,Gervane Kastaneer,CUW,FW,12,11,1,0,8,4,0,7,6,19
844,Tyrese Noslin,CUW,FW,12,4,5,3,2,10,2,4,10,25
844,Nick Woltemade,GER,FW,12,5,7,0,11,1,0,3,3,7
844,Goncalo Ramos,POR,FW,12,8,4,0,11,1,1,10,11,31
844,Maximilian Beier,GER,FW,12,4,8,0,1,11,0,7,7,26
844,Alexis Vega,MEX,FW,12,5,4,3,7,5,2,3,6,25
844,Jose Manuel Lopez,ARG,FW,12,12,0,0,9,3,0,5,5,8
844,Telmo Arcanjo,CPV,MF,12,3,4,5,7,5,0,5,12,31
844,Ayoube Amaimouni,MAR,FW,12,8,3,1,6,6,1,11,12,30
844,Johny Placide,HAI,GK,12,0,0,12,9,3,0,0,2,187
861,Hannes Delcroix,HAI,DF,11,0,2,9,3,8,0,0,16,302
861,Jean Michael Seri,CIV,MF,11,0,6,5,8,3,0,2,8,42
861,Tarik Muharemovic,BIH,DF,11,0,1,10,5,6,0,2,23,324
861,Kento Shiogai,JPN,FW,11,6,5,0,9,2,0,1,0,2
861,Ali Lajami,KSA,DF,11,0,1,10,6,5,0,1,16,138
861,Robin Hranac,CZE,DF,11,2,1,8,6,5,0,1,13,249
861,Tete Yengi,AUS,FW,11,6,5,0,6,5,2,8,8,17
861,Joel Ordonez,ECU,DF,11,0,1,10,6,5,0,1,19,239
861,Alex Arce,PAR,FW,11,6,2,3,7,4,0,8,10,22
861,Alex Zendejas,USA,FW,11,3,6,2,7,4,0,2,4,19
861,Kevin Castano,COL,MF,11,1,2,8,7,4,0,2,3,32
861,Jamie Leweling,GER,MF,11,7,4,0,2,9,2,7,8,36
861,Antonio Ruediger,GER,DF,11,0,1,10,5,6,0,2,19,514
861,Maghnes Akliouche,FRA,MF,11,3,5,3,7,4,0,2,4,20
861,Tomas Araujo,POR,DF,11,1,0,10,5,6,0,0,9,215
876,Josko Gvardiol,CRO,DF,10,2,3,5,2,8,0,8,28,187
876,Junnosuke Suzuki,JPN,DF,10,4,5,1,3,7,0,2,4,19
876,Ibrahim Adel,EGY,FW,10,3,6,1,2,8,0,4,1,12
876,Derrick Etienne,HAI,FW,10,7,1,2,4,6,2,5,1,19
876,Benjamin Asare,GHA,GK,10,1,0,9,7,3,0,0,0,87
876,Jakhongir Urozov,UZB,DF,10,0,2,8,4,6,0,2,7,87
882,Cameron Burgess,AUS,DF,9,0,1,8,3,6,0,0,20,113
882,Jacob Widell Zetterstrom,SWE,GK,9,0,0,9,6,3,0,0,1,131
882,Mohammad Ghorbani,IRN,MF,9,1,2,6,7,2,0,4,14,53
882,Nawaf Bu Washl,KSA,DF,9,2,3,4,3,6,0,1,3,85
882,Yang Hyunjun,KOR,MF,9,1,6,2,2,7,1,1,10,28
882,Yazeed Abulaila,JOR,GK,9,0,0,9,7,2,0,0,0,122
882,Dean Henderson,ENG,GK,9,0,0,9,9,0,0,0,5,77
882,Ibrahima Konate,FRA,DF,9,0,0,9,7,2,0,0,2,71
882,Pascal Gross,GER,MF,9,4,4,1,4,5,0,6,9,34
882,Jovo Lukic,BIH,FW,9,2,7,0,7,2,0,14,14,35
882,Eloy Room,CUW,GK,9,0,0,9,3,6,0,0,3,160
882,Ousmane Diomande,CIV,DF,9,0,0,9,2,7,0,0,1,148
882,Oumar Diakite,CIV,FW,9,3,5,1,5,4,2,12,14,46
882,Alexandro Maidana,PAR,DF,9,4,3,2,2,7,1,4,8,38
882,Gustavo Gomez,PAR,DF,9,2,1,6,6,3,1,3,7,188
897,Kendry Paez,ECU,MF,8,1,1,6,1,7,0,1,4,22
897,Fidel Escobar,PAN,DF,8,2,3,3,1,7,0,1,20,52
897,Wout Weghorst,NED,FW,8,5,3,0,7,1,1,8,10,21
897,Noa Lang,NED,FW,8,1,5,2,1,7,0,5,2,26
897,Luka Vuskovic,CRO,DF,8,0,1,7,5,3,0,0,2,94
897,Findlay Curtis,SCO,FW,8,5,3,0,2,6,0,2,3,9
897,Mattias Svanberg,SWE,MF,8,0,5,3,8,0,0,3,5,23
897,Kristoffer Nordfeldt,SWE,GK,8,0,0,8,5,3,0,0,1,115
897,Park Jinseob,KOR,DF,8,2,2,4,4,4,1,1,6,108
897,Frans Putros,IRQ,DF,8,5,2,1,1,7,0,6,9,55
897,Luca Zidane,ALG,GK,8,0,0,8,6,2,0,1,3,199
897,Theo Bongonda,COD,MF,8,5,2,1,6,2,0,6,11,40
897,Odilon Kossounou,CIV,DF,8,1,0,7,3,5,0,0,22,323
897,Zakaria El Ouahdi,MAR,DF,8,5,2,1,3,5,0,2,1,22
912,Dylan Bronn,TUN,DF,7,0,0,7,2,5,0,0,1,40
912,Abdoulaye Seck,SEN,DF,7,0,0,7,3,4,0,2,7,66
912,Mathew Leckie,AUS,FW,7,3,3,1,6,1,1,9,14,33
912,Martin Zubimendi,ESP,MF,7,0,1,6,5,2,0,2,4,49
912,Irfan Can Kahveci,TUR,FW,7,4,3,0,3,4,0,1,0,4
912,Dzenis Burnic,BIH,MF,7,4,2,1,0,7,0,2,7,21
912,Armando Gonzalez,MEX,FW,7,4,3,0,5,2,0,4,4,5
912,Ahmed Alganehi,QAT,MF,7,2,4,1,3,4,0,2,8,27
912,Zineddine Belaid,ALG,DF,7,0,0,7,5,2,0,1,2,89
912,Rebin Sulaka,IRQ,DF,7,0,0,7,2,5,0,1,4,65
912,Mahmoud Abunada,QAT,GK,7,0,0,7,4,3,0,0,3,162
912,Mohammad Aldaoud,JOR,MF,7,3,2,2,0,7,0,1,4,9
912,Ayumu Seko,JPN,DF,7,1,0,6,4,3,0,2,9,107
912,Shuto Machino,JPN,FW,7,2,5,0,2,5,0,3,2,10
912,Stjepan Radeljic,BIH,DF,7,0,0,7,3,4,0,1,21,318
927,Noah Okafor,SUI,FW,6,3,3,0,4,2,0,9,9,23
927,Mohamed Abdelmoneim,EGY,DF,6,0,1,5,1,5,0,0,3,32
927,Themba Zwane,RSA,MF,6,0,5,1,5,1,0,0,5,14
927,Egil Selvik,NOR,GK,6,0,0,6,6,0,0,0,1,49
927,Kevin Yakob,IRQ,MF,6,2,3,1,6,0,0,4,5,28
927,Mehdi Ghayedi,IRN,FW,6,3,3,0,4,2,5,7,11,29
927,Mohammed Alowais,KSA,GK,6,0,0,6,5,1,0,0,2,138
927,Alex Sandro,BRA,DF,6,2,2,2,1,5,0,2,2,25
927,Roger Ibanez,BRA,DF,6,4,2,0,3,3,0,2,3,42
927,Alejandro Romero Gamarra,PAR,FW,6,0,1,5,5,1,0,0,9,24
937,Antonio Sanabria,PAR,FW,5,3,2,0,4,1,2,12,9,26
937,Ramon Sosa,PAR,MF,5,1,3,1,4,1,0,0,0,9
937,Isidro Pitta,PAR,FW,5,5,0,0,3,2,0,5,8,15
937,Alberto Quintero,PAN,MF,5,2,2,1,3,2,0,2,1,8
937,Jordy Caicedo,ECU,FW,5,4,1,0,3,2,0,9,9,20
937,Eric Davis,PAN,DF,5,1,4,0,2,3,0,2,4,18
937,Sergio Rochet,URU,GK,5,0,0,5,3,2,0,0,0,38
937,Hossam Abdelmaguid,EGY,DF,5,0,0,5,4,1,0,0,7,71
937,Bamba Dieng,SEN,FW,5,3,2,0,5,0,0,1,1,5
937,Kamogelo Sebelebele,RSA,FW,5,2,3,0,2,3,1,2,2,13
937,Brandley Kuwas,CUW,FW,5,3,2,0,2,3,0,6,2,11
937,Ken Sema,SWE,MF,5,2,2,1,2,3,0,1,4,10
937,Dennis Hadzikadunic,BIH,DF,5,0,0,5,1,4,0,2,3,23
937,Farrukh Sayfiev,UZB,DF,5,2,2,1,1,4,3,4,13,29
937,Ali Yousif,IRQ,FW,5,3,2,0,4,1,0,2,3,8
937,Jalal Hassan,IRQ,GK,5,0,0,5,4,1,0,0,0,79
937,Dominik Livakovic,CRO,GK,5,0,0,5,2,3,0,0,8,235
937,Dan Burn,ENG,DF,5,3,1,1,2,3,0,1,3,9
937,Anthony Ralston,SCO,DF,5,1,3,1,0,5,0,3,3,16
937,Axel Witsel,BEL,MF,5,1,1,3,4,1,0,0,2,21
937,Luka Sucic,CRO,MF,5,3,1,1,4,1,1,1,3,10
958,Sondre Langas,NOR,DF,4,0,0,4,1,3,0,0,1,20
958,Haris Tabakovic,BIH,FW,4,4,0,0,3,1,0,2,1,3
958,Braian Ojeda,PAR,MF,4,1,2,1,0,4,0,1,2,16
958,Anibal Godoy,PAN,MF,4,1,2,1,1,3,0,1,3,18
958,Yassin Fortune,HAI,FW,4,0,4,0,0,4,0,1,3,9
958,Alidu Seidu,GHA,DF,4,2,2,0,0,4,0,2,15,65
958,Derrick Luckassen,GHA,DF,4,0,0,4,1,3,1,1,12,256
958,Jayden Nelson,CAN,FW,4,0,2,2,1,3,0,2,7,20
958,Jonathan Osorio,CAN,MF,4,1,1,2,2,2,0,1,7,22
958,Mohanad Ali,IRQ,FW,4,4,0,0,3,1,1,0,1,4
958,Lucas Mendes,QAT,DF,4,4,0,0,2,2,0,0,0,0
958,Amer Jamous,JOR,MF,4,1,3,0,4,0,0,2,2,8
958,Saed Alrosan,JOR,DF,4,0,1,3,1,3,0,0,2,28
958,Hossein Kanani,IRN,DF,4,0,0,4,1,3,0,2,8,75
958,Stepan Chaloupek,CZE,DF,4,0,0,4,0,4,0,1,9,54
958,Caglar Soyuncu,TUR,DF,4,0,0,4,3,1,0,0,1,8
974,Jason Geria,AUS,DF,3,1,0,2,1,2,0,2,5,46
974,Kaan Ayhan,TUR,MF,3,1,0,2,2,1,0,2,1,9
974,Christian Fassnacht,SUI,FW,3,0,3,0,2,1,1,5,6,12
974,Gustaf Nilsson,SWE,FW,3,1,2,0,2,1,0,2,3,6
974,Luiz Henrique,BRA,FW,3,0,3,0,0,3,0,3,6,27
974,Cesar Huerta,MEX,FW,3,3,0,0,0,3,0,1,3,5
974,Jorrel Hato,NED,DF,3,2,1,0,2,1,0,0,5,11
974,Jens Petter Hauge,NOR,MF,3,0,2,1,2,1,0,0,0,7
974,Marcus Thuram,FRA,FW,3,3,0,0,3,0,0,0,0,0
974,Samu Costa,POR,DF,3,0,2,1,3,0,0,1,1,23
974,Samed Bazdar,BIH,FW,3,1,2,0,2,1,0,8,8,17
974,Mustafa Saadoon,IRQ,DF,3,1,2,0,0,3,0,0,0,2
974,Gedeon Kalulu,COD,DF,3,1,2,0,1,2,0,4,0,11
974,Kojo Peprah Oppong,GHA,DF,3,0,0,3,2,1,0,0,0,44
974,Evann Guessand,CIV,FW,3,2,1,0,3,0,0,8,7,14
989,Lawrence Ati Zigi,GHA,GK,2,0,0,2,1,1,0,0,0,87
989,Joaquin Seys,BEL,DF,2,1,1,0,1,1,0,0,0,12
989,David Zima,CZE,DF,2,0,1,1,1,1,0,0,1,16
989,Mojmir Chytil,CZE,FW,2,2,0,0,1,1,0,2,2,4
989,Eray Coemert,SUI,DF,2,1,0,1,1,1,0,0,2,13
989,Ross Stewart,SCO,FW,2,1,1,0,1,1,0,0,0,0
989,Max Arfsten,USA,DF,2,1,1,0,0,2,0,0,0,0
989,Haji Wright,USA,FW,2,2,0,0,1,1,0,1,0,2
989,Matt Turner,USA,GK,2,0,0,2,1,1,0,0,1,57
989,Guillermo Ochoa,MEX,GK,2,0,0,2,1,1,0,0,0,14
989,Rodrigo Aguirre,URU,FW,2,1,1,0,1,1,0,1,1,2
989,Mark Mckenzie,USA,DF,2,0,0,2,1,1,0,0,8,104
989,Saleem Obaid,JOR,DF,2,0,0,2,0,2,0,0,5,36
989,Munaf Younus,IRQ,DF,2,0,0,2,1,1,0,0,8,40
989,Mohammad Abuzraiq,JOR,FW,2,1,1,0,0,2,0,0,2,10
989,Shurandy Sambo,CUW,DF,2,0,1,1,1,1,0,0,0,7
989,Kenji Gorre,CUW,FW,2,0,2,0,1,1,0,3,1,5
1006,Callan Elliot,NZL,DF,1,0,1,0,0,1,0,0,3,11
1006,Amir Hadziahmetovic,BIH,MF,1,0,1,0,1,0,0,0,0,9
1006,Eric Garcia,ESP,DF,1,0,0,1,1,0,0,0,0,22
1006,Mouhib Chamakh,TUN,GK,1,0,0,1,1,0,0,0,0,34
1006,Malick Thiaw,GER,DF,1,0,0,1,0,1,0,2,12,80
1006,Marten De Roon,NED,MF,1,0,0,1,1,0,0,0,0,2
1006,Marco Friedl,AUT,DF,1,0,0,1,0,1,0,1,0,64
1006,Matheus Nunes,POR,MF,1,0,1,0,1,0,0,0,0,2
1006,Senne Lammens,BEL,GK,1,0,0,1,1,0,0,0,0,23
1006,Alhashmi Alhussein,QAT,DF,1,0,1,0,0,1,0,1,1,1
1006,Oussama Benbot,ALG,GK,1,0,0,1,1,0,0,0,0,40
1006,Ahmed Maknazi,IRQ,DF,1,0,1,0,1,0,0,1,9,16
1006,Andres Gomez,COL,FW,1,1,0,0,0,1,0,0,0,0
1006,Yerry Mina,COL,DF,1,0,0,1,1,0,0,0,1,7
1020,Gaston Olveira,PAR,GK,0,0,0,0,0,0,0,0,0,0
1020,Leo Pereira,BRA,DF,0,0,0,0,0,0,0,0,0,0
1020,Weverton,BRA,GK,0,0,0,0,0,0,0,0,0,0
1020,Gatito Fernandez,PAR,GK,0,0,0,0,0,0,0,0,0,0
1020,Alvaro Montero,COL,GK,0,0,0,0,0,0,0,0,0,0
1020,Rodrigo Zalazar,URU,MF,0,0,0,0,0,0,0,0,0,0
1020,David Ospina,COL,GK,0,0,0,0,0,0,0,0,0,0
1020,Cesar Samudio,PAN,GK,0,0,0,0,0,0,0,0,0,0
1020,Keeto Thermoncy,HAI,DF,0,0,0,0,0,0,0,0,0,0
1020,Fabian Balbuena,PAR,DF,0,0,0,0,0,0,0,0,0,0
1020,Jeremy Arevalo,ECU,FW,0,0,0,0,0,0,0,0,0,0
1020,Willer Ditta,COL,DF,0,0,0,0,0,0,0,0,0,0
1020,Moises Ramirez,ECU,GK,0,0,0,0,0,0,0,0,0,0
1020,Adalberto Carrasquilla,PAN,MF,0,0,0,0,0,0,0,0,0,0
1020,Geronimo Rulli,ARG,GK,0,0,0,0,0,0,0,0,0,0
1020,Joaquin Piquerez,URU,MF,0,0,0,0,0,0,0,0,0,0
1020,Bremer,BRA,DF,0,0,0,0,0,0,0,0,0,0
1020,Jose Maria Gimenez,URU,DF,0,0,0,0,0,0,0,0,0,0
1020,Juan Musso,ARG,GK,0,0,0,0,0,0,0,0,0,0
1020,Luis Mejia,PAN,GK,0,0,0,0,0,0,0,0,0,0
1020,Roderick Miller,PAN,DF,0,0,0,0,0,0,0,0,0,0
1020,Cristian Roldan,USA,MF,0,0,0,0,0,0,0,0,0,0
1020,Denil Castillo,ECU,MF,0,0,0,0,0,0,0,0,0,0
1020,Santiago Bueno,URU,DF,0,0,0,0,0,0,0,0,0,0
1020,Ederson,BRA,GK,0,0,0,0,0,0,0,0,0,0
1020,Santiago Mele,URU,GK,0,0,0,0,0,0,0,0,0,0
1020,Jorge Carrascal,COL,MF,0,0,0,0,0,0,0,0,0,0
1020,Anthony Valencia,ECU,MF,0,0,0,0,0,0,0,0,0,0
1020,Cesar Yanis,PAN,MF,0,0,0,0,0,0,0,0,0,0
1020,Jackson Porozo,ECU,DF,0,0,0,0,0,0,0,1,1,24
1020,Edgardo Farina,PAN,DF,0,0,0,0,0,0,0,0,0,0
1020,Carlos Acevedo,MEX,GK,0,0,0,0,0,0,0,0,0,0
1020,Emiliano Martinez,URU,MF,0,0,0,0,0,0,0,0,0,0
1020,Chris Brady,USA,GK,0,0,0,0,0,0,0,0,0,0
1020,Facundo Pellistri,URU,FW,0,0,0,0,0,0,0,0,0,0
1020,Juan Portilla,COL,MF,0,0,0,0,0,0,0,0,0,0
1020,Giorgian De Arrascaeta,URU,MF,0,0,0,0,0,0,0,0,0,0
1020,Ronald Araujo,URU,DF,0,0,0,0,0,0,0,0,0,0
1020,Felix Torres,ECU,DF,0,0,0,0,0,0,0,0,0,0
1020,Gonzalo Valle,ECU,GK,0,0,0,0,0,0,0,0,0,0
1020,Olwethu Makhanya,RSA,DF,0,0,0,0,0,0,0,0,0,0
1020,Kelvin Pires,CPV,DF,0,0,0,0,0,0,0,0,0,0
1020,Baba Rahman,GHA,DF,0,0,0,0,0,0,0,0,0,0
1020,Tarek Alaa,EGY,DF,0,0,0,0,0,0,0,0,0,0
1020,Garven Metusala,HAI,DF,0,0,0,0,0,0,0,0,0,0
1020,Bradley Cross,RSA,DF,0,0,0,0,0,0,0,0,0,0
1020,Mahdy Soliman,EGY,GK,0,0,0,0,0,0,0,0,0,0
1020,Samukele Kabini,RSA,DF,0,0,0,0,0,0,0,0,0,0
1020,Duckens Nazon,HAI,FW,0,0,0,0,0,0,0,2,4,8
1020,Raed Chikhaoui,TUN,DF,0,0,0,0,0,0,0,0,0,0
1020,Dayne St Clair,CAN,GK,0,0,0,0,0,0,0,0,0,0
1020,Sabri Ben Hessen,TUN,GK,0,0,0,0,0,0,0,0,0,0
1020,Owen Goodman,CAN,GK,0,0,0,0,0,0,0,0,0,0
1020,Youssef Belammari,MAR,DF,0,0,0,0,0,0,0,0,0,0
1020,Khulumani Ndamane,RSA,DF,0,0,0,0,0,0,0,0,0,0
1020,Wilguens Paugain,HAI,DF,0,0,0,0,0,0,0,0,0,0
1020,Augustine Boakye,GHA,MF,0,0,0,0,0,0,0,0,0,0
1020,Rayan Elloumi,TUN,FW,0,0,0,0,0,0,0,0,0,0
1020,Alban Lafont,CIV,GK,0,0,0,0,0,0,0,0,0,0
1020,Mohamed Elshenawy,EGY,GK,0,0,0,0,0,0,0,0,0,0
1020,Alfie Jones,CAN,DF,0,0,0,0,0,0,0,0,0,0
1020,Mohamed Kone,CIV,GK,0,0,0,0,0,0,0,0,0,0
1020,Woodensky Pierre,HAI,MF,0,0,0,0,0,0,0,0,0,0
1020,Moutaz Neffati,TUN,DF,0,0,0,0,0,0,0,0,0,0
1020,Abdul Mumin,GHA,DF,0,0,0,0,0,0,0,0,0,0
1020,Mamadou Sarr,SEN,DF,0,0,0,0,0,0,0,0,0,0
1020,Sipho Chaine,RSA,GK,0,0,0,0,0,0,0,0,0,0
1020,Alexandre Pierre,HAI,GK,0,0,0,0,0,0,0,0,0,0
1020,Christopher Bonsu Baah,GHA,FW,0,0,0,0,0,0,0,0,0,0
1020,Yehvann Diouf,SEN,GK,0,0,0,0,0,0,0,0,0,0
1020,Evan Ndicka,CIV,DF,0,0,0,0,0,0,0,0,0,0
1020,Thabang Matuludi,RSA,DF,0,0,0,0,0,0,0,0,0,0
1020,Joseph Anang,GHA,GK,0,0,0,0,0,0,0,0,0,0
1020,Ricardo Goss,RSA,GK,0,0,0,0,0,0,0,0,0,0
1020,Ahmed Reda Tagnaouti,MAR,GK,0,0,0,0,0,0,0,0,0,0
1020,Markhus Lacroix,HAI,DF,0,0,0,0,0,0,0,0,0,0
1020,Parfait Guiagon,CIV,MF,0,0,0,0,0,0,0,0,0,0
1020,Antoine Mendy,SEN,DF,0,0,0,0,0,0,0,0,0,0
1020,Munir El Kajoui,MAR,GK,0,0,0,0,0,0,0,0,0,0
1020,Joel Waterman,CAN,DF,0,0,0,0,0,0,0,0,0,0
1020,Nabil Donga,EGY,MF,0,0,0,0,0,0,0,0,0,0
1020,Cherif Ndiaye,SEN,FW,0,0,0,0,0,0,0,0,0,0
1020,Khalil Ayari,TUN,MF,0,0,0,0,0,0,0,0,0,0
1020,Josue Duverger,HAI,GK,0,0,0,0,0,0,0,0,0,0
1020,Mohamed Alaa,EGY,GK,0,0,0,0,0,0,0,0,0,0
1020,Adam Arous,TUN,DF,0,0,0,0,0,0,0,0,0,0
1020,Carl Sainte,HAI,MF,0,0,0,0,0,0,0,0,0,0
1020,Arjany Martha,CUW,MF,0,0,0,0,0,0,0,0,0,0
1020,Martin Zlomislic,BIH,GK,0,0,0,0,0,0,0,0,0,0
1020,Mladen Jurkas,BIH,GK,0,0,0,0,0,0,0,0,0,0
1020,Roshon Van Eijma,CUW,DF,0,0,0,0,0,0,0,0,0,2
1020,Tyrick Bodak,CUW,GK,0,0,0,0,0,0,0,0,0,0
1020,Trevor Doornbusch,CUW,GK,0,0,0,0,0,0,0,0,0,0
1020,Kevin Felida,CUW,MF,0,0,0,0,0,0,0,0,0,0
1020,Godfried Roemeratoe,CUW,MF,0,0,0,0,0,0,0,0,1,7
1020,Kosta Barbarouses,NZL,FW,0,0,0,0,0,0,0,0,0,0
1020,George Hirst,SCO,FW,0,0,0,0,0,0,0,0,0,0
1020,Aurele Amenda,SUI,DF,0,0,0,0,0,0,0,0,0,0
1020,Viktor Johansson,SWE,GK,0,0,0,0,0,0,0,0,0,0
1020,Liam Kelly,SCO,GK,0,0,0,0,0,0,0,0,0,0
1020,Marvin Keller,SUI,GK,0,0,0,0,0,0,0,0,0,0
1020,Carl Starfelt,SWE,DF,0,0,0,0,0,0,0,0,1,27
1020,John Souttar,SCO,DF,0,0,0,0,0,0,0,0,0,0
1020,Scott Mckenna,SCO,DF,0,0,0,0,0,0,0,1,4,105
1020,Alex Rufer,NZL,MF,0,0,0,0,0,0,0,0,0,0
1020,Logan Rogerson,NZL,FW,0,0,0,0,0,0,0,0,0,0
1020,Lukas Hornicek,CZE,GK,0,0,0,0,0,0,0,0,0,0
1020,Alex Grimaldo,ESP,DF,0,0,0,0,0,0,0,0,0,0
1020,Mathew Ryan,AUS,GK,0,0,0,0,0,0,0,0,0,0
1020,Marc Pubill,ESP,DF,0,0,0,0,0,0,0,0,0,4
1020,Nando Pijnaker,NZL,DF,0,0,0,0,0,0,0,0,0,0
1020,Dominic Hyam,SCO,DF,0,0,0,0,0,0,0,0,0,0
1020,Lachlan Bayliss,NZL,MF,0,0,0,0,0,0,0,0,0,0
1020,Avazbek Ulmasaliyev,UZB,DF,0,0,0,0,0,0,0,0,0,0
1020,Nihad Mujakic,BIH,DF,0,0,0,0,0,0,0,0,0,0
1020,Herman Johansson,SWE,DF,0,0,0,0,0,0,0,0,0,0
1020,Mert Gunok,TUR,GK,0,0,0,0,0,0,0,0,0,0
1020,Tyler Fletcher,SCO,MF,0,0,0,0,0,0,0,0,0,0
1020,Eric Smith,SWE,DF,0,0,0,0,0,0,0,0,0,0
1020,Samet Akaydin,TUR,DF,0,0,0,0,0,0,0,0,0,0
1020,Cameron Devlin,AUS,MF,0,0,0,0,0,0,0,0,0,0
1020,Victor Munoz,ESP,FW,0,0,0,0,0,0,0,0,0,0
1020,Paul Izzo,AUS,GK,0,0,0,0,0,0,0,0,0,0
1020,Altay Bayindir,TUR,GK,0,0,0,0,0,0,0,0,0,0
1020,Sherzod Esanov,UZB,MF,0,0,0,0,0,0,0,0,0,2
1020,Yvon Mvogo,SUI,GK,0,0,0,0,0,0,0,0,0,0
1020,Umar Eshmurodov,UZB,DF,0,0,0,0,0,0,0,0,0,0
1020,Borja Iglesias,ESP,FW,0,0,0,0,0,0,0,1,0,1
1020,Jindrich Stanek,CZE,GK,0,0,0,0,0,0,0,0,0,0
1020,David Raya,ESP,GK,0,0,0,0,0,0,0,0,0,0
1020,Milos Degenek,AUS,DF,0,0,0,0,0,0,0,0,0,0
1020,Ben Waine,NZL,FW,0,0,0,0,0,0,0,0,0,0
1020,Hjalmar Ekdal,SWE,DF,0,0,0,0,0,0,0,0,0,0
1020,Jan Kuchta,CZE,FW,0,0,0,0,0,0,0,0,0,0
1020,Botirali Ergashev,UZB,GK,0,0,0,0,0,0,0,0,0,0
1020,David Jurasek,CZE,DF,0,0,0,0,0,0,0,0,0,0
1020,Alex Paulsen,NZL,GK,0,0,0,0,0,0,0,0,0,0
1020,Michael Woud,NZL,GK,0,0,0,0,0,0,0,0,0,0
1020,Hugo Sochurek,CZE,MF,0,0,0,0,0,0,0,0,0,0
1020,Joan Garcia,ESP,GK,0,0,0,0,0,0,0,0,0,0
1020,Logan Costa,CPV,DF,0,0,0,0,0,0,0,0,0,0
1020,Payam Niazmand,IRN,GK,0,0,0,0,0,0,0,0,0,0
1020,Rajaei Ayed,JOR,MF,0,0,0,0,0,0,0,0,0,0
1020,Bae Junho,KOR,MF,0,0,0,0,0,0,0,0,0,0
1020,Hossein Hosseini,IRN,GK,0,0,0,0,0,0,0,0,0,0
1020,Fahad Talib,IRQ,GK,0,0,0,0,0,0,0,0,0,0
1020,Roozbeh Cheshmi,IRN,MF,0,0,0,0,0,0,0,0,0,0
1020,Dennis Dargahi,IRN,FW,0,0,0,0,0,0,0,0,0,0
1020,Mohammad Abuhasheesh,JOR,DF,0,0,0,0,0,0,0,0,1,6
1020,Marcio Rosa,CPV,GK,0,0,0,0,0,0,0,0,0,0
1020,Kim Taehyeon,KOR,DF,0,0,0,0,0,0,0,0,0,0
1020,Anas Badawi,JOR,DF,0,0,0,0,0,0,0,0,0,0
1020,Nour Baniateyah,JOR,GK,0,0,0,0,0,0,0,0,0,0
1020,Tahsin Mohammed,QAT,FW,0,0,0,0,0,0,0,0,0,0
1020,Stopira,CPV,DF,0,0,0,0,0,0,0,0,0,0
1020,Amirmohammad Razaghinia,IRN,MF,0,0,0,0,0,0,0,0,0,0
1020,Ali Majrashi,KSA,DF,0,0,0,0,0,0,0,0,0,0
1020,Meshaal Barsham,QAT,GK,0,0,0,0,0,0,0,0,0,0
1020,Jo Hyeonwoo,KOR,GK,0,0,0,0,0,0,0,0,0,0
1020,Matthieu Epolo,COD,GK,0,0,0,0,0,0,0,0,0,0
1020,Cho Wije,KOR,DF,0,0,0,0,0,0,0,0,0,0
1020,Mohammad Abughoush,JOR,MF,0,0,0,0,0,0,0,0,0,0
1020,Salah Zakaria,QAT,GK,0,0,0,0,0,0,0,0,0,0
1020,Song Bumkeun,KOR,GK,0,0,0,0,0,0,0,0,0,0
1020,Melvin Mastil,ALG,GK,0,0,0,0,0,0,0,0,0,0
1020,Hassan Kadish,KSA,DF,0,0,0,0,0,0,0,0,0,0
1020,Cj Dos Santos,CPV,GK,0,0,0,0,0,0,0,0,0,0
1020,Saleh Alshehri,KSA,FW,0,0,0,0,0,0,0,0,0,0
1020,Achref Abada,ALG,DF,0,0,0,0,0,0,0,0,0,0
1020,Ahmed Alkassar,KSA,GK,0,0,0,0,0,0,0,0,0,0
1020,Yassine Titraoui,ALG,MF,0,0,0,0,0,0,0,0,0,0
1020,Ibrahim Sadeh,JOR,MF,0,0,0,0,0,0,0,0,0,0
1020,Jehad Thikri,KSA,DF,0,0,0,0,0,0,0,0,0,0
1020,Ziyad Aljohani,KSA,MF,0,0,0,0,0,0,0,0,0,0
1020,Mohammed Muntari,QAT,FW,0,0,0,0,0,0,0,0,0,0
1020,Keisuke Osako,JPN,GK,0,0,0,0,0,0,0,0,0,0
1020,Lee Donggyeong,KOR,MF,0,0,0,0,0,0,0,0,0,0
1020,Khalid Alghannam,KSA,FW,0,0,0,0,0,0,0,0,0,0
1020,Danial Iri,IRN,DF,0,0,0,0,0,0,0,0,0,0
1020,Gael Kakuta,COD,FW,0,0,0,0,0,0,0,0,0,0
1020,Dylan Batubinsika,COD,DF,0,0,0,0,0,0,0,0,0,0
1020,Aaron Tshibola,COD,MF,0,0,0,0,0,0,0,0,0,0
1020,Mohamed Amine Tougai,ALG,DF,0,0,0,0,0,0,0,0,0,0
1020,Tomoki Hayakawa,JPN,GK,0,0,0,0,0,0,0,0,0,0
1020,Fares Ghedjemis,ALG,FW,0,0,0,0,0,0,0,0,0,0
1020,Nawaf Alaqidi,KSA,GK,0,0,0,0,0,0,0,0,0,0
1020,Abdallah Alfakhori,JOR,GK,0,0,0,0,0,0,0,0,0,0
1020,Timothy Fayulu,COD,GK,0,0,0,0,0,0,0,0,0,0
1020,Aiman Yahya,KSA,FW,0,0,0,0,0,0,0,0,0,0
1020,Kristijan Jakic,CRO,DF,0,0,0,0,0,0,0,0,0,0
1020,Patrick Pentz,AUT,GK,0,0,0,0,0,0,0,0,0,0
1020,Robin Roefs,NED,GK,0,0,0,0,0,0,0,0,0,0
1020,David Affengruber,AUT,DF,0,0,0,0,0,0,0,0,0,0
1020,James Trafford,ENG,GK,0,0,0,0,0,0,0,0,0,0
1020,Duje Caleta Car,CRO,DF,0,0,0,0,0,0,0,0,0,0
1020,Jose Sa,POR,GK,0,0,0,0,0,0,0,0,0,0
1020,Brice Samba,FRA,GK,0,0,0,0,0,0,0,0,0,0
1020,Lucas Hernandez,FRA,DF,0,0,0,0,0,0,0,0,0,0
1020,Martin Erlic,CRO,DF,0,0,0,0,0,0,0,0,0,0
1020,Robin Risser,FRA,GK,0,0,0,0,0,0,0,0,0,0
1020,Mats Wieffer,NED,DF,0,0,0,0,0,0,0,0,0,0
1020,Trevoh Chalobah,ENG,DF,0,0,0,0,0,0,0,0,0,0
1020,Rui Silva,POR,GK,0,0,0,0,0,0,0,0,0,0
1020,Lutsharel Geertruida,NED,DF,0,0,0,0,0,0,0,0,0,0
1020,Michael Svoboda,AUT,DF,0,0,0,0,0,0,0,0,0,0
1020,Assan Ouedraogo,GER,MF,0,0,0,0,0,0,0,0,0,0
1020,Dominik Kotarski,CRO,GK,0,0,0,0,0,0,0,0,0,0
1020,Dejan Ljubicic,AUT,MF,0,0,0,0,0,0,0,0,0,0
1020,Ivor Pandur,CRO,GK,0,0,0,0,0,0,0,0,0,0
1020,Toni Fruk,CRO,MF,0,0,0,0,0,0,0,0,0,0
1020,Mike Penders,BEL,GK,0,0,0,0,0,0,0,0,0,0
1020,Ngolo Kante,FRA,MF,0,0,0,0,0,0,0,0,0,0
1020,Goncalo Inacio,POR,DF,0,0,0,0,0,0,0,0,0,0
1020,Nikola Moro,CRO,MF,0,0,0,0,0,0,0,0,0,0
1020,Craig Gordon,SCO,GK,0,0,0,0,0,0,0,0,0,0
1020,Henrik Falchener,NOR,DF,0,0,0,0,0,0,0,0,8,52
1020,Goncalo Guedes,POR,FW,0,0,0,0,0,0,0,0,0,0
1020,Alexander Nuebel,GER,GK,0,0,0,0,0,0,0,0,0,0
1020,Koni De Winter,BEL,DF,0,0,0,0,0,0,0,0,0,0
1020,Mark Flekken,NED,GK,0,0,0,0,0,0,0,0,0,0
1020,Alessandro Schoepf,AUT,MF,0,0,0,0,0,0,0,0,0,0
1020,Zeno Debast,BEL,DF,0,0,0,0,0,0,0,0,0,0
1020,Florian Wiegele,AUT,GK,0,0,0,0,0,0,0,0,0,0
1020,Sander Tangvik,NOR,GK,0,0,0,0,0,0,0,0,0,0
1020,Kobbie Mainoo,ENG,MF,0,0,0,0,0,0,0,0,0,0
1020,Oliver Baumann,GER,GK,0,0,0,0,0,0,0,0,0,0
