Rank,Name,Nationality,Position,Top Speed (km/h),High Speed Running,Sprints,Total Distance (m)
1,Kylian Mbappe,FRA,FW,37.61,529,250,66726.57
2,Anthony Elanga,SWE,FW,37.16,211,118,24265.7
3,Micky Van De Ven,NED,DF,36.77,245,92,27342.03
4,Jordan Bos,AUS,DF,36.67,396,223,36920.34
5,Erling Haaland,NOR,FW,36.52,375,172,49468.92
6,Abdukodir Khusanov,UZB,DF,36.46,218,93,27912.88
7,Bradley Barcola,FRA,FW,36.32,340,165,42770.58
8,Djed Spence,ENG,DF,36.22,417,214,45630.64
9,Theo Hernandez,FRA,DF,36.17,288,134,29720.25
10,Nelson Semedo,POR,DF,35.9,196,79,16630.4
11,Anthony Gordon,ENG,FW,35.79,474,232,43686.72
12,Mohamed Toure,AUS,FW,35.77,217,79,19508.03
13,Ryan Gravenberch,NED,MF,35.61,443,129,37432.87
14,Folarin Balogun,USA,FW,35.6,329,183,34951.64
15,Marcus Holmgren Pedersen,NOR,DF,35.59,322,137,29767.17
16,Alan Minda,ECU,MF,35.52,80,31,6170.77
17,Sondre Langas,NOR,DF,35.51,26,11,2880.7
18,Achraf Hakimi,MAR,DF,35.48,624,296,63750.68
19,Dayot Upamecano,FRA,DF,35.39,598,228,73611.38
20,Pedro Neto,POR,FW,35.33,368,208,37581.23
21,Chemsdine Talbi,MAR,MF,35.33,280,128,23817.14
22,Richie Laryea,CAN,DF,35.23,464,231,46053.79
23,Giuliano Simeone,ARG,FW,35.2,296,114,23625.58
24,Omar Marmoush,EGY,FW,35.17,321,165,35476.36
25,Marcus Rashford,ENG,FW,35.17,285,147,28790.24
26,Son Heungmin,KOR,FW,35.17,169,96,18757.38
27,Thapelo Maseko,RSA,FW,35.17,299,159,27093.85
28,Nuno Mendes,POR,DF,35.16,382,160,39049.58
29,Virgil Van Dijk,NED,DF,35.14,292,100,38197.13
30,Nestory Irankunda,AUS,FW,35.13,263,129,27279.0
31,Luis Diaz,COL,FW,35.13,510,248,52994.8
32,Antoine Semenyo,GHA,MF,35.12,285,167,39933.84
33,Kristoffer Ajer,NOR,DF,35.09,480,150,54843.56
34,Alistair Johnston,CAN,DF,35.08,683,264,53458.13
35,Luis Suarez,COL,FW,35.05,267,155,32718.6
36,Daizen Maeda,JPN,MF,35.0,432,239,32326.01
37,Julian Alvarez,ARG,FW,34.98,787,340,71340.54
38,Felix Nmecha,GER,MF,34.97,442,141,33325.14
39,Pico Lopes,CPV,DF,34.95,366,99,41751.06
40,Rafael Leao,POR,FW,34.95,188,75,18513.49
41,Brian Rodriguez,URU,FW,34.88,90,35,6497.61
42,Tani Oluwaseyi,CAN,FW,34.87,350,172,29357.02
43,Federico Valverde,URU,MF,34.86,228,99,25916.6
44,Brian Gutierrez,MEX,MF,34.85,334,112,24453.57
45,Hazem Mastouri,TUN,FW,34.84,106,39,10041.14
46,Matias Fernandez Pardo,BEL,FW,34.82,83,52,7102.68
47,Dailon Livramento,CPV,FW,34.81,237,100,23067.28
48,Ali Abdi,TUN,DF,34.81,343,150,29932.97
49,Esmir Bajraktarevic,BIH,FW,34.8,318,145,28616.79
50,Eren Elmali,TUR,DF,34.75,135,60,14528.21
51,Darwin Nunez,URU,FW,34.75,190,93,19040.35
52,Viktor Gyokeres,SWE,FW,34.75,426,177,42857.3
53,Breel Embolo,SUI,FW,34.75,468,235,49484.27
54,Ismail Jakobs,SEN,DF,34.72,384,141,29465.19
55,Crysencio Summerville,NED,FW,34.72,285,131,28089.07
56,Yan Diomande,CIV,FW,34.71,370,178,34347.31
57,Ibrahim Mbaye,SEN,FW,34.71,191,104,18570.21
58,Zeki Celik,TUR,DF,34.69,224,87,19112.83
59,Gustavo Caballero,PAR,MF,34.68,169,57,12413.4
60,Jeremy Doku,BEL,FW,34.68,443,172,35176.6
61,Deveron Fonville,CUW,DF,34.65,239,132,25516.75
62,Michael Olise,FRA,FW,34.65,1054,388,84499.58
63,Baris Alper Yilmaz,TUR,FW,34.64,228,106,21165.94
64,Bilal El Khannouss,MAR,MF,34.62,554,226,50933.34
65,Jesse Randall,NZL,FW,34.61,113,69,9324.27
66,Mousa Altamari,JOR,FW,34.59,243,120,23119.95
67,Alex Freeman,USA,DF,34.58,545,179,47281.6
68,Bazoumana Toure,CIV,FW,34.58,131,53,10594.52
69,Soufiane Rahimi,MAR,FW,34.58,317,137,25328.44
70,Odeh Fakhoury,JOR,FW,34.54,275,98,18713.27
71,Oguz Aydin,TUR,FW,34.51,103,55,10321.84
72,Nathan Ngoy,BEL,DF,34.49,353,112,37462.64
73,Moises Caicedo,ECU,MF,34.49,505,134,42353.4
74,Ismaila Sarr,SEN,FW,34.47,556,216,46719.89
75,Kim Minjae,KOR,DF,34.43,264,91,26815.14
76,Leroy Sane,GER,MF,34.42,477,221,38060.03
77,Josue Casimir,HAI,FW,34.42,246,113,20980.8
78,Thalente Mbatha,RSA,MF,34.37,446,145,31917.63
79,Wilfried Singo,CIV,DF,34.36,173,65,18230.23
80,Ngalayel Mukau,COD,MF,34.35,383,105,26619.43
81,Firas Chaouat,TUN,FW,34.35,83,35,6946.94
82,Emmanuel Agbadou,CIV,DF,34.35,250,72,28516.79
83,Denzel Dumfries,NED,DF,34.35,470,183,43452.06
84,Miles Robinson,USA,DF,34.33,134,43,11909.05
85,Antonio Nusa,NOR,FW,34.33,411,176,35679.45
86,Ruben Vargas,SUI,FW,34.31,373,170,31605.36
87,Noni Madueke,ENG,FW,34.31,335,147,30578.18
88,Meschack Elia,COD,FW,34.3,86,41,6530.78
89,Ben Gannon Doak,SCO,FW,34.3,200,96,20888.71
90,Khuliso Mudau,RSA,DF,34.28,399,189,39120.48
91,Jacob Shaffelburg,CAN,MF,34.25,202,106,15826.53
92,Nico Oreilly,ENG,DF,34.24,596,236,54499.2
93,Jean Ricner Bellegarde,HAI,MF,34.22,431,112,32370.02
94,Cameron Burgess,AUS,DF,34.2,147,33,15035.64
95,Ollie Watkins,ENG,FW,34.2,83,39,7078.71
96,Danilo,BRA,DF,34.2,495,217,44689.09
97,Tajon Buchanan,CAN,FW,34.15,537,213,43975.29
98,Oscar Bobb,NOR,MF,34.15,334,136,29207.95
99,Vinicius Junior,BRA,FW,34.14,514,253,47848.57
100,William Saliba,FRA,DF,34.12,407,157,49524.88
101,Sherzod Nasrullaev,UZB,DF,34.12,232,95,21551.92
102,Neil El Aynaoui,MAR,MF,34.12,836,276,70474.7
103,Ali Ahmed,CAN,FW,34.11,341,172,27940.35
104,Amir Murillo,PAN,DF,34.1,332,156,31781.32
105,Jhon Lucumi,COL,DF,34.1,350,115,43823.06
106,Josko Gvardiol,CRO,DF,34.09,238,88,18796.01
107,Gabriel Martinelli,BRA,FW,34.09,216,87,18477.89
108,Jarell Quansah,ENG,DF,34.09,220,86,20672.41
109,Iqraam Rayners,RSA,FW,34.07,193,108,19309.81
110,Konrad Laimer,AUT,MF,34.07,442,194,42644.73
111,Seol Youngwoo,KOR,DF,34.06,309,155,30578.14
112,Mehdi Taremi,IRN,FW,34.05,345,156,30405.34
113,Alex Baena,ESP,MF,34.04,626,264,55400.88
114,Romano Schmid,AUT,MF,34.01,439,161,31408.46
115,Stepan Chaloupek,CZE,DF,34.0,141,46,10873.66
116,Deiver Machado,COL,DF,33.98,117,56,10069.09
117,Tahith Chong,CUW,MF,33.97,293,107,27318.08
118,Ruben Providence,HAI,FW,33.97,312,115,24005.38
119,Antonee Robinson,USA,DF,33.97,556,206,43815.48
120,Eldor Shomurodov,UZB,FW,33.96,274,149,30198.42
121,Amar Memic,BIH,MF,33.94,306,152,27462.49
122,Andy Robertson,SCO,DF,33.94,246,107,25387.97
123,Juan Jose Caceres,PAR,DF,33.94,521,193,48658.8
124,Endrick,BRA,FW,33.93,103,57,13958.58
125,Johan Manzambi,SUI,MF,33.9,345,113,24380.51
126,Nico Williams,ESP,FW,33.89,185,116,16643.75
127,Julio Enciso,PAR,FW,33.89,538,237,46088.56
128,Abbosbek Fayzullaev,UZB,MF,33.87,341,141,25301.81
129,Noussair Mazraoui,MAR,DF,33.87,396,146,48034.34
130,John Yeboah,ECU,FW,33.86,395,169,31500.85
131,Alidu Seidu,GHA,DF,33.83,73,34,8378.97
132,Che Adams,SCO,FW,33.82,192,75,17234.99
133,Nathaniel Brown,GER,DF,33.82,354,129,34794.69
134,Merih Demiral,TUR,DF,33.81,153,57,21211.19
135,Liam Millar,CAN,MF,33.8,243,114,19176.61
136,Guela Doue,CIV,DF,33.8,353,132,31331.08
137,Mohamed Amine Ben Hmida,TUN,DF,33.8,167,70,22028.58
138,Ime Okon,RSA,DF,33.8,460,183,39562.72
139,Marquinhos,BRA,DF,33.79,453,141,49331.59
140,Johan Mojica,COL,DF,33.79,474,198,43296.39
141,Findlay Curtis,SCO,FW,33.79,35,16,2919.32
142,Jose Cordoba,PAN,DF,33.79,315,114,30753.8
143,Jesus Gallardo,MEX,DF,33.78,395,136,43286.39
144,Nilson Angulo,ECU,FW,33.78,274,136,25147.24
145,Moteb Alharbi,KSA,DF,33.78,235,107,22511.24
146,Nicolas Pepe,CIV,FW,33.77,289,154,25237.91
147,Ryan Mendes,CPV,FW,33.77,468,170,37830.2
148,Mbekezeli Mbokazi,RSA,DF,33.76,336,138,35585.09
149,Davinson Sanchez,COL,DF,33.76,441,145,48497.14
150,Tim Payne,NZL,DF,33.74,309,105,25040.85
151,Maxence Lacroix,FRA,DF,33.73,280,93,26505.73
152,Prince Adu,GHA,FW,33.72,70,31,6266.52
153,Derrick Etienne,HAI,FW,33.69,26,8,1841.93
154,Christian Pulisic,USA,FW,33.69,380,137,29436.84
155,Wilson Isidor,HAI,FW,33.69,287,110,22699.6
156,David Raum,GER,DF,33.68,198,85,13697.63
157,Alexander Sorloth,NOR,FW,33.68,483,187,38789.92
158,Aaron Wan Bissaka,COD,DF,33.68,460,194,40401.23
159,Josip Stanisic,CRO,DF,33.68,418,196,42580.9
160,Leon Goretzka,GER,MF,33.68,140,49,12494.96
161,Dodi Lukebakio,BEL,FW,33.68,232,101,20237.33
162,Ismael Saibari,MAR,MF,33.67,615,315,45216.86
163,Nahuel Molina,ARG,DF,33.66,608,265,57871.18
164,Gabriel Gudmundsson,SWE,DF,33.66,340,137,36816.96
165,Akam Hashim,IRQ,DF,33.65,270,79,28097.87
166,Piero Hincapie,ECU,DF,33.65,420,192,39830.97
167,Luca Jaquez,SUI,DF,33.64,96,39,9611.83
168,Isidro Pitta,PAR,FW,33.64,77,23,6037.06
169,Morgan Rogers,ENG,MF,33.63,608,227,47046.38
170,Dan Ndoye,SUI,FW,33.63,509,248,44247.46
171,Marcel Sabitzer,AUT,MF,33.62,488,233,41363.96
172,Brian Brobbey,NED,FW,33.6,226,77,22528.72
173,Mohamed Salah,EGY,FW,33.6,493,201,49162.03
174,Yuito Suzuki,JPN,MF,33.59,32,14,2226.64
175,Martin Baturina,CRO,MF,33.59,489,175,37805.67
176,Reece James,ENG,DF,33.59,333,131,36392.78
177,Ferran Torres,ESP,FW,33.56,345,197,35975.8
178,Jack Hendry,SCO,DF,33.55,349,123,30532.32
179,Sidny Lopes Cabral,CPV,DF,33.53,257,117,30954.32
180,Ali Alhamadi,IRQ,FW,33.53,258,112,22671.28
181,Inaki Williams,GHA,FW,33.53,117,64,12856.69
182,Charles De Ketelaere,BEL,FW,33.53,426,217,40926.71
183,Ivan Perisic,CRO,FW,33.52,452,183,41581.7
184,Jean Kevin Duverne,HAI,DF,33.52,209,82,19174.4
185,Nico Gonzalez,ARG,MF,33.52,322,153,32891.62
186,Nicolas Jackson,SEN,FW,33.52,304,154,28133.46
187,Malo Gusto,FRA,DF,33.5,166,78,15037.97
188,Desire Doue,FRA,FW,33.5,587,269,49084.57
189,Manuel Akanji,SUI,DF,33.47,631,187,62661.14
190,Isak Hien,SWE,DF,33.47,173,69,22458.49
191,Rayan Ait Nouri,ALG,DF,33.47,355,157,32073.2
192,Emam Ashour,EGY,MF,33.46,522,185,42840.52
193,Pedro Miguel,QAT,DF,33.45,229,76,26501.54
194,Yasser Ibrahim,EGY,DF,33.44,514,181,51489.36
195,Ali Olwan,JOR,FW,33.43,411,138,33572.53
196,Yoane Wissa,COD,FW,33.41,384,140,41481.27
197,Gilson Benchimol,CPV,FW,33.41,123,54,9993.83
198,Sergino Dest,USA,DF,33.41,464,210,36917.8
199,Agustin Canobbio,URU,MF,33.4,348,162,28186.33
200,Alessandro Circati,AUS,DF,33.38,424,142,44568.44
201,Kieran Tierney,SCO,DF,33.38,119,65,12307.0
202,Francisco Conceicao,POR,FW,33.36,201,87,17531.95
203,Kevin Rodriguez,ECU,FW,33.36,187,89,15137.76
204,Nathan Ake,NED,DF,33.36,136,49,18580.35
205,David Moller Wolfe,NOR,DF,33.35,520,216,48590.19
206,Raphinha,BRA,FW,33.34,189,108,15809.52
207,Sherel Floranus,CUW,DF,33.34,320,116,29893.73
208,Habib Diarra,SEN,MF,33.34,221,92,18234.36
209,Marco Pasalic,CRO,FW,33.34,142,82,12958.46
210,Marc Cucurella,ESP,DF,33.33,907,363,87986.05
211,Danley Jean Jacques,HAI,MF,33.32,470,138,33149.8
212,Amad Diallo,CIV,FW,33.32,270,104,21888.37
213,Salem Aldawsari,KSA,FW,33.32,400,160,29452.07
214,Thiago Almada,ARG,FW,33.31,362,137,31810.05
215,Raul Jimenez,MEX,FW,33.31,295,141,32083.35
216,Denis Zakaria,SUI,MF,33.31,393,168,39537.36
217,Ayase Ueda,JPN,FW,33.3,385,141,36607.93
218,Lukas Provod,CZE,MF,33.3,228,88,16011.22
219,Arthur Masuaku,COD,DF,33.3,343,114,32800.85
220,Junya Ito,JPN,MF,33.3,233,108,24421.93
221,Ernest Nuamah,GHA,FW,33.29,148,60,12051.38
222,Guillermo Varela,URU,DF,33.29,352,149,32750.8
223,Waldemar Anton,GER,DF,33.27,98,35,7334.85
224,Azzedine Ounahi,MAR,MF,33.27,654,266,53453.19
225,Ramy Bensebaini,ALG,DF,33.26,301,122,35700.14
226,Miguel Almiron,PAR,MF,33.26,357,129,33177.48
227,Brian Cipenga,COD,FW,33.25,210,112,17763.24
228,Kamaldeen Sulemana,GHA,FW,33.24,172,75,14795.98
229,Ricardo Pepi,USA,FW,33.24,366,148,27870.91
230,Angelo Preciado,ECU,DF,33.24,144,61,14040.86
231,Cedric Bakambu,COD,FW,33.23,256,117,21517.52
232,Gideon Mensah,GHA,DF,33.23,365,158,39697.98
233,Finn Surman,NZL,DF,33.22,310,103,30931.08
234,Andres Andrade,PAN,DF,33.21,322,117,30384.6
235,Roberto Alvarado,MEX,FW,33.21,567,185,50296.79
236,Jose Fajardo,PAN,FW,33.21,236,110,19207.38
237,Akram Afif,QAT,FW,33.21,194,104,23536.07
238,Rayan,BRA,FW,33.21,395,135,33427.25
239,Igor Thiago,BRA,FW,33.2,95,43,7498.81
240,Gonzalo Montiel,ARG,DF,33.19,330,106,26323.98
241,Elye Wahi,CIV,FW,33.18,154,63,13009.5
242,Armando Obispo,CUW,DF,33.18,189,65,26713.78
243,Charles Pickel,COD,MF,33.17,77,35,5540.28
244,Brandon Thomas Asante,GHA,FW,33.17,102,49,7440.82
245,Leandro Trossard,BEL,FW,33.17,802,276,63148.76
246,Pedro Porro,ESP,DF,33.17,631,283,62981.89
247,Cody Gakpo,NED,FW,33.16,418,177,39227.0
248,Henrik Falchener,NOR,DF,33.16,64,23,6891.96
249,Jorrel Hato,NED,DF,33.15,45,17,4437.91
250,Keito Nakamura,JPN,MF,33.15,497,180,36946.02
251,Antonio Ruediger,GER,DF,33.14,258,72,28802.14
252,Samir El Mourabet,MAR,MF,33.13,216,85,14604.02
253,Enner Valencia,ECU,FW,33.11,233,108,29489.89
254,Sander Berge,NOR,MF,33.1,770,192,63083.25
255,Yan Valery,TUN,DF,33.09,296,130,29256.28
256,Torbjorn Heggem,NOR,DF,33.07,475,141,51748.22
257,Sontje Hansen,CUW,FW,33.07,59,26,4910.75
258,Brahim Diaz,MAR,FW,33.07,524,225,49004.01
259,Declan Rice,ENG,MF,33.06,709,233,66754.62
260,Sultan Mandash,KSA,FW,33.05,107,50,8464.47
261,Thomas Meunier,BEL,DF,33.04,363,157,27147.57
262,Rafik Belghali,ALG,DF,33.04,480,170,38083.65
263,Marawan Attia,EGY,MF,33.03,829,260,56580.27
264,Florian Wirtz,GER,MF,33.03,653,229,46415.88
265,Aymeric Laporte,ESP,DF,33.02,695,204,79572.1
266,Mark Mckenzie,USA,DF,33.02,148,50,11338.0
267,Abdoulaye Seck,SEN,DF,33.02,51,16,6142.53
268,Julian Quinones,MEX,FW,33.01,581,251,47274.89
269,Tshepang Moremi,RSA,FW,33.01,67,41,5585.39
270,Bukayo Saka,ENG,FW,33.01,518,213,42010.73
271,Pavel Sulc,CZE,FW,33.0,338,102,22856.82
272,Erik Lira,MEX,MF,33.0,497,137,43502.52
273,Ermedin Demirovic,BIH,FW,32.99,375,176,40423.23
274,Sebastian Caceres,URU,DF,32.97,303,98,30359.66
275,Warren Zaire Emery,FRA,MF,32.97,182,63,14041.34
276,Tsuyoshi Watanabe,JPN,DF,32.93,100,28,9543.84
277,Kai Havertz,GER,FW,32.93,577,202,44897.03
278,Michael Boxall,NZL,DF,32.92,181,75,22180.78
279,Sebastian Tounekti,TUN,MF,32.92,146,55,11128.49
280,Lamine Yamal,ESP,FW,32.92,559,262,64219.36
281,Aziz Behich,AUS,DF,32.92,341,105,26853.33
282,Fredrik Aursnes,NOR,MF,32.9,571,173,40597.72
283,Marc Guehi,ENG,DF,32.9,660,203,70981.57
284,Ali Nemati,IRN,DF,32.9,369,108,31613.92
285,Jonathan Tah,GER,DF,32.9,392,119,42610.17
286,Noah Okafor,SUI,FW,32.89,38,11,2914.43
287,Cesar Blackman,PAN,DF,32.89,180,64,18333.59
288,Ange Yoan Bonny,CIV,FW,32.89,314,113,26951.82
289,Willian Pacho,ECU,DF,32.89,284,119,35347.02
290,Fiston Mayele,COD,FW,32.89,72,35,5777.74
291,Joao Cancelo,POR,DF,32.88,388,151,36826.9
292,Chadi Riad,MAR,DF,32.88,393,99,38595.32
293,Malik Tillman,USA,MF,32.88,607,215,44391.65
294,Haissem Hassan,EGY,FW,32.88,184,62,15396.81
295,Hiroki Ito,JPN,DF,32.88,358,119,39533.62
296,Martin Experience,HAI,DF,32.86,447,187,33997.02
297,Maxim De Cuyper,BEL,DF,32.86,653,234,54016.4
298,Abdul Fatawu,GHA,FW,32.86,211,93,16816.62
299,Yang Hyunjun,KOR,MF,32.85,37,21,2936.45
300,Steve Kapuadi,COD,DF,32.84,211,60,19496.83
301,Jacob Italiano,AUS,DF,32.82,279,121,20985.37
302,Fabian Rieder,SUI,MF,32.82,566,179,38929.3
303,Carlos Harvey,PAN,DF,32.82,446,118,33573.58
304,Andreas Schjelderup,NOR,MF,32.81,384,137,31621.18
305,Elliot Stroud,SWE,DF,32.8,251,94,20520.74
306,Ederson Silva,BRA,MF,32.79,63,33,4509.03
307,Luc De Fougerolles,CAN,DF,32.79,528,174,44379.43
308,Aiden Oneill,AUS,MF,32.78,648,186,47323.13
309,Redouane Halhal,MAR,DF,32.78,154,62,19377.5
310,Kento Shiogai,JPN,FW,32.77,20,11,1755.39
311,Lee Gihyuk,KOR,MF,32.76,388,125,30898.48
312,Jules Kounde,FRA,DF,32.76,834,323,69981.25
313,Krepin Diatta,SEN,DF,32.75,467,164,45457.47
314,Xaver Schlager,AUT,MF,32.74,371,91,28614.03
315,Azarias Londono,PAN,FW,32.74,100,41,8536.29
316,Trezeguet,EGY,FW,32.73,331,136,23437.67
317,Saud Abdulhamid,KSA,DF,32.72,324,150,29778.02
318,Adam Hlozek,CZE,FW,32.72,251,94,19420.45
319,Ibrahim Maza,ALG,MF,32.71,524,152,44461.44
320,Joao Felix,POR,FW,32.71,276,94,23784.61
321,Jerome Opoku,GHA,DF,32.7,230,74,29365.82
322,Alexis Saelemaekers,BEL,MF,32.7,141,64,12229.42
323,Maximilian Beier,GER,FW,32.7,46,16,3573.92
324,Zizo,EGY,FW,32.69,101,50,9317.48
325,Fares Chaibi,ALG,MF,32.69,549,177,45534.2
326,Edmilson Junior,QAT,FW,32.68,290,97,23874.51
327,Jackson Porozo,ECU,DF,32.68,28,13,3226.38
328,Nicolas Seiwald,AUT,MF,32.68,491,132,39640.15
329,Lucas Herrington,AUS,DF,32.66,210,41,23286.35
330,Issa Diop,MAR,DF,32.66,413,102,48036.09
331,Diego Gomez,PAR,MF,32.65,492,179,37311.9
332,Jaouen Hadjam,ALG,DF,32.65,158,77,13663.53
333,Jorge Sanchez,MEX,DF,32.65,485,223,42619.96
334,Homam Ahmed,QAT,DF,32.64,157,57,13626.23
335,Juergen Locadia,CUW,FW,32.64,227,92,23793.05
336,Irfan Can Kahveci,TUR,FW,32.63,13,6,1019.59
337,Shuto Machino,JPN,FW,32.63,27,8,2487.67
338,Yukinari Sugawara,JPN,DF,32.63,195,72,18767.61
339,Lamine Camara,SEN,MF,32.63,453,176,31487.71
340,Timothy Castagne,BEL,DF,32.62,844,335,65175.17
341,Eray Coemert,SUI,DF,32.62,32,11,3959.81
342,Iliman Ndiaye,SEN,FW,32.61,188,74,14673.13
343,Alexander Isak,SWE,FW,32.61,346,155,35655.02
344,Nikola Vlasic,CRO,MF,32.61,263,96,22011.41
345,Nawaf Bu Washl,KSA,DF,32.59,105,56,10603.72
346,Lucas Bergvall,SWE,MF,32.58,283,89,23862.93
347,Marcos Llorente,ESP,DF,32.58,218,94,22236.39
348,Rodrigo Bentancur,URU,MF,32.57,352,145,33644.76
349,Juan Manuel Sanabria,URU,MF,32.57,320,129,25094.45
350,Enzo Fernandez,ARG,MF,32.56,1054,332,82828.98
351,Silvan Widmer,SUI,DF,32.54,290,97,22662.91
352,Paul Okon Engstler,AUS,MF,32.54,365,108,25987.7
353,Joshua Brenet,CUW,DF,32.53,191,97,19154.29
354,Jurien Gaari,CUW,DF,32.52,151,71,17250.25
355,Amar Dedic,BIH,DF,32.52,356,141,30604.3
356,Issa Laye,QAT,DF,32.52,338,88,29038.33
357,Ezri Konsa,ENG,DF,32.51,666,195,69849.14
358,Jefferson Lerma,COL,MF,32.5,713,170,49541.65
359,Tomas Holes,CZE,DF,32.49,203,58,17483.14
360,Nico Elvedi,SUI,DF,32.49,611,199,63204.39
361,Moise Bombito,CAN,DF,32.49,212,72,21226.71
362,Diego Moreira,BEL,MF,32.48,109,55,8031.47
363,Abdulla Abdullaev,UZB,DF,32.48,191,57,19761.96
364,Martin Odegaard,NOR,MF,32.47,878,302,62928.93
365,Marcos Senesi,ARG,DF,32.46,118,33,12320.25
366,Exequiel Palacios,ARG,MF,32.46,113,37,10029.01
367,Evidence Makgopa,RSA,FW,32.45,319,106,25410.78
368,Mostafa Zico,EGY,MF,32.45,726,225,49154.47
369,Sofyan Amrabat,MAR,MF,32.44,263,81,18860.83
370,Stefan Posch,AUT,DF,32.43,479,164,39797.88
371,Anass Salah Eddine,MAR,DF,32.43,201,77,22567.1
372,Lee Taeseok,KOR,DF,32.42,151,68,13302.6
373,Romelu Lukaku,BEL,FW,32.42,227,79,23691.79
374,Maxi Araujo,URU,MF,32.42,308,129,27642.83
375,Mathew Leckie,AUS,FW,32.41,100,31,7358.47
376,Marin Pongracic,CRO,DF,32.4,280,102,28983.18
377,Aaron Hickey,SCO,DF,32.4,103,30,8361.39
378,Brenden Aaronson,USA,FW,32.4,127,70,10271.7
379,Kerem Akturkoglu,TUR,FW,32.4,147,73,15234.03
380,Yazan Alarab,JOR,DF,32.4,258,78,28270.79
381,Abdallah Nasib,JOR,DF,32.39,269,86,26869.89
382,Pau Cubarsi,ESP,DF,32.39,816,263,85956.03
383,Jude Bellingham,ENG,MF,32.38,947,403,73254.75
384,Grant Hanley,SCO,DF,32.38,173,45,19774.95
385,Ali Yousif,IRQ,FW,32.38,69,22,4539.67
386,Renato Veiga,POR,DF,32.38,498,145,49867.82
387,Husam Abudahab,JOR,DF,32.37,206,75,19848.59
388,Khojiakbar Alijonov,UZB,DF,32.37,228,87,16085.82
389,Nathanael Mbuku,COD,MF,32.36,243,74,18838.49
390,Harry Kane,ENG,FW,32.36,859,260,78564.69
391,Ben Old,NZL,MF,32.36,160,74,12151.2
392,Diogo Dalot,POR,DF,32.36,86,39,7881.23
393,Weston Mckennie,USA,MF,32.36,771,236,57573.6
394,Jonathan David,CAN,FW,32.35,667,256,52214.28
395,Jamal Musiala,GER,MF,32.35,412,140,33546.51
396,Cristian Romero,ARG,DF,32.35,415,108,57671.78
397,Noor Alrawabdeh,JOR,MF,32.34,635,142,38422.0
399,Gustavo Gomez,PAR,DF,32.34,342,109,49082.71
400,Dostonbek Khamdamov,UZB,MF,32.33,184,63,13625.49
401,Jose Luis Rodriguez,PAN,MF,32.32,305,109,25899.78
402,Nathan Saliba,CAN,MF,32.32,386,122,23647.54
403,Josip Sutalo,CRO,DF,32.31,410,118,40954.87
404,Elias Saad,TUN,FW,32.31,199,86,15480.51
405,Cucho Hernandez,COL,FW,32.31,99,31,7494.21
406,Steven Moreira,CPV,DF,32.3,313,113,33908.12
407,Francis De Vries,NZL,DF,32.29,56,24,3921.77
408,Helio Varela,CPV,MF,32.29,179,68,13847.35
409,Odilon Kossounou,CIV,DF,32.29,287,79,29901.79
410,Sadio Mane,SEN,FW,32.28,435,204,42224.81
411,Marko Stamenic,NZL,MF,32.28,415,133,32898.29
412,Lee Hanbeom,KOR,DF,32.28,365,107,31151.94
413,Facundo Medina,ARG,DF,32.27,409,121,36406.07
414,Connor Metcalfe,AUS,MF,32.27,513,175,38524.77
415,Ayoub El Kaabi,MAR,FW,32.27,108,59,8709.76
416,Ismail Yuksek,TUR,MF,32.27,156,43,16925.98
417,Eberechi Eze,ENG,MF,32.27,325,106,25575.26
418,Mohammad Mohebbi,IRN,MF,32.27,470,170,30775.81
419,Tim Ream,USA,DF,32.27,432,109,38063.62
420,Relebohile Mofokeng,RSA,FW,32.26,341,100,23444.92
421,Chancel Mbemba,COD,DF,32.25,347,135,36904.51
422,Akmal Mozgovoy,UZB,MF,32.22,361,94,27540.59
423,Hannes Delcroix,HAI,DF,32.22,298,89,30006.24
424,Ardon Jashari,SUI,MF,32.21,158,53,10276.82
425,Wagner Pina,CPV,DF,32.21,134,74,11150.18
426,Dani Olmo,ESP,FW,32.21,849,266,57942.66
427,Patrick Berg,NOR,MF,32.21,797,263,59224.02
428,Alan Franco,ECU,MF,32.21,307,134,27468.83
429,Mikel Oyarzabal,ESP,FW,32.2,745,319,65551.23
430,Gonzalo Plata,ECU,FW,32.2,494,187,44302.06
431,Tyler Adams,USA,MF,32.2,566,175,41838.77
432,Behruzjon Karimov,UZB,DF,32.2,233,107,20671.11
433,Oswin Appollis,RSA,FW,32.19,405,182,30714.27
434,Kevin De Bruyne,BEL,MF,32.19,573,204,46612.9
435,Rodrigo De Paul,ARG,MF,32.18,573,286,54526.53
436,Lenny Joseph,HAI,FW,32.18,120,60,12922.53
437,Luis Romo,MEX,MF,32.17,483,143,32815.01
438,Malick Thiaw,GER,DF,32.16,69,20,5108.07
439,Mateo Kovacic,CRO,MF,32.16,354,108,32503.08
440,Federico Vinas,URU,FW,32.16,195,102,20225.71
441,Hassan Altambakti,KSA,DF,32.15,252,67,22701.97
442,Ruben Dias,POR,DF,32.15,429,110,43585.96
443,Jhon Cordoba,COL,FW,32.14,104,33,9864.95
444,Omar Alderete,PAR,DF,32.14,271,94,33031.77
445,Franck Kessie,CIV,MF,32.13,553,184,44144.95
446,Philipp Lienhart,AUT,DF,32.12,212,58,20886.37
447,Denis Visinsky,CZE,FW,32.12,92,46,6956.61
448,Mauricio,PAR,MF,32.12,321,110,22291.21
449,Merchas Doski,IRQ,DF,32.11,307,128,31441.23
450,Joao Paulo,CPV,MF,32.11,122,58,12421.69
451,Hussein Ali,IRQ,DF,32.11,179,71,18211.32
452,Amadou Onana,BEL,MF,32.11,146,44,13465.81
453,Oumar Diakite,CIV,FW,32.1,46,22,4173.12
454,Luka Modric,CRO,MF,32.09,401,122,36541.56
455,Santiago Gimenez,MEX,FW,32.09,140,40,11184.38
456,Kim Moonhwan,KOR,DF,32.08,109,52,8571.36
457,Juninho Bacuna,CUW,MF,32.08,305,142,28744.95
458,Niko Sigur,CAN,DF,32.08,265,75,17924.01
459,Nathan Patterson,SCO,DF,32.07,203,86,21036.01
460,Christ Inao Oulai,CIV,MF,32.07,261,70,24246.36
461,Ferdi Kadioglu,TUR,DF,32.06,218,101,19552.43
462,Ante Budimir,CRO,FW,32.06,180,94,18722.29
463,Jovo Lukic,BIH,FW,32.05,100,42,8269.19
464,Ayoub Aloui,QAT,DF,32.05,170,55,15912.29
465,Ahmed Qasem,IRQ,FW,32.05,215,78,15459.21
466,Theo Bongonda,COD,MF,32.04,55,24,5477.05
467,Louicius Deedson,HAI,FW,32.03,145,67,13276.69
468,Livano Comenencia,CUW,MF,32.03,342,117,28808.06
469,Telmo Arcanjo,CPV,MF,32.01,58,27,6515.91
470,Robin Hranac,CZE,DF,32.0,311,94,29418.45
471,Bruno Fernandes,POR,MF,32.0,572,219,50225.1
472,Shoja Khalilzadeh,IRN,DF,31.99,255,78,28814.55
473,Santiago Arias,COL,DF,31.98,80,50,9047.2
474,Armando Gonzalez,MEX,FW,31.97,25,14,2086.01
475,Sead Kolasinac,BIH,DF,31.96,339,142,38026.39
476,Ao Tanaka,JPN,MF,31.95,285,67,23492.09
477,Matheus Cunha,BRA,FW,31.94,417,134,33491.79
478,Miro Muheim,SUI,DF,31.94,150,44,12070.06
479,Gustavo Velazquez,PAR,DF,31.93,197,66,25381.16
480,Goncalo Ramos,POR,FW,31.91,101,40,6429.87
481,Nico Schlotterbeck,GER,DF,31.91,158,40,15443.46
482,Samuel Moutoussamy,COD,MF,31.89,613,169,42992.72
483,Daniel Svensson,SWE,DF,31.89,149,63,13088.54
484,Chris Wood,NZL,FW,31.89,333,144,31195.3
485,Zaid Tahseen,IRQ,DF,31.89,179,49,16808.01
486,Mario Pasalic,CRO,MF,31.89,218,78,16317.24
487,Ibrahim Bayesh,IRQ,MF,31.89,331,112,27586.07
488,Ibrahim Sangare,CIV,MF,31.88,387,110,33681.96
489,Marko Farji,IRQ,FW,31.88,96,30,6975.47
490,Auston Trusty,USA,DF,31.87,145,44,12844.54
491,Quinten Timber,NED,MF,31.86,96,29,7777.13
492,Cristian Martinez,PAN,MF,31.86,319,147,29553.99
493,Kerim Alajbegovic,BIH,FW,31.85,365,130,32990.98
494,Nicolas Raskin,BEL,MF,31.85,508,128,44872.33
495,Sultan Albrake,QAT,DF,31.85,215,70,17683.33
496,Leandro Bacuna,CUW,MF,31.85,315,88,29455.81
497,Joe Scally,USA,DF,31.84,164,53,11427.62
498,Laros Duarte,CPV,MF,31.84,252,66,21530.22
499,Kevin Danso,AUT,DF,31.84,266,95,25685.71
500,Seko Fofana,CIV,MF,31.84,168,54,11627.71
501,Mohamed Kanno,KSA,MF,31.83,287,88,25496.47
502,Petar Sucic,CRO,MF,31.83,548,158,39444.7
503,Diney Borges,CPV,DF,31.83,395,111,43337.98
504,Manuel Ugarte,URU,MF,31.82,239,72,21107.39
505,Leo Ostigard,NOR,DF,31.81,165,45,18419.78
506,Marko Arnautovic,AUT,FW,31.81,156,57,15762.88
507,Kenan Yildiz,TUR,FW,31.81,236,78,25197.64
508,Mohannad Abutaha,JOR,MF,31.8,423,170,31861.4
509,Ismael Diaz,PAN,MF,31.79,83,37,6159.12
510,Cyle Larin,CAN,FW,31.79,216,96,20615.07
511,Richard Rios,COL,MF,31.79,290,111,19796.25
512,Derrick Luckassen,GHA,DF,31.76,147,39,18059.74
513,Caleb Yirenkyi,GHA,MF,31.75,460,136,34220.54
514,Ahmed Alaaeldin,QAT,FW,31.74,70,30,6052.91
515,Phillip Mwene,AUT,DF,31.74,189,76,17929.88
516,Saleh Hardani,IRN,DF,31.73,105,37,10101.64
517,Gabriel Magalhaes,BRA,DF,31.73,500,122,50836.58
518,Zeki Amdouni,SUI,FW,31.72,125,40,11529.29
519,Jose Canale,PAR,DF,31.71,123,37,17328.15
520,Douglas Santos,BRA,DF,31.7,642,220,52462.91
521,Jiovany Ramos,PAN,DF,31.7,205,63,18498.83
522,Hannibal Mejbri,TUN,MF,31.68,368,102,31221.09
523,Callum Mccowatt,NZL,MF,31.68,334,110,20963.57
524,Yunus Akgun,TUR,FW,31.68,101,52,10803.37
525,Tyler Bindon,NZL,DF,31.66,152,48,13159.9
526,Djibril Sow,SUI,MF,31.65,421,147,31183.47
527,Christian Fassnacht,SUI,FW,31.65,31,14,1743.81
528,Hamza Abdelkarim,EGY,FW,31.65,120,56,9335.75
529,Marvin Senaya,GHA,DF,31.65,285,171,31108.53
530,Ali Lajami,KSA,DF,31.64,145,54,16522.11
531,Cristiano Ronaldo,POR,FW,31.62,330,153,41504.05
532,Abdullah Alhamddan,KSA,FW,31.61,170,70,10726.97
533,Arthur Theate,BEL,DF,31.61,249,82,27207.18
534,Mustafa Saadoon,IRQ,DF,31.6,26,15,2482.84
535,Elijah Just,NZL,MF,31.6,460,178,33430.3
536,Jason Geria,AUS,DF,31.58,78,29,7925.03
537,Boualem Khoukhi,QAT,DF,31.57,226,62,25410.03
538,Donyell Malen,NED,FW,31.57,178,81,18907.07
539,Abdulelah Alamri,KSA,DF,31.57,252,89,25207.74
540,Daniel Munoz,COL,DF,31.57,598,221,47613.35
541,Noah Sadiki,COD,MF,31.57,420,141,33931.45
542,Ramin Rezaeian,IRN,DF,31.56,458,170,34994.84
543,Tete Yengi,AUS,FW,31.56,59,20,4138.21
544,Mohanad Lashin,EGY,MF,31.56,538,161,44288.9
545,Ayyoub Bouaddi,MAR,MF,31.55,586,166,47487.66
546,Obed Vargas,MEX,MF,31.55,181,47,10044.8
547,Mert Muldur,TUR,DF,31.55,145,57,15133.29
548,Abdulkerim Bardakci,TUR,DF,31.54,258,93,30419.01
549,Lautaro Martinez,ARG,FW,31.53,369,151,37720.93
550,Houssem Aouar,ALG,MF,31.53,253,83,21136.93
551,Riyad Mahrez,ALG,FW,31.52,382,130,31107.72
552,Rodri,ESP,MF,31.5,1294,318,96233.71
553,Jan Paul Van Hecke,NED,DF,31.49,374,114,42651.39
554,Benjamin Nygren,SWE,MF,31.49,282,104,18972.62
555,Nikola Katic,BIH,DF,31.47,419,139,36234.39
556,Patrick Wimmer,AUT,FW,31.47,54,23,4379.3
557,Sarpreet Singh,NZL,MF,31.47,381,118,27406.52
558,Pape Gueye,SEN,MF,31.46,356,114,29411.07
559,Edson Alvarez,MEX,DF,31.46,342,104,28527.89
560,Feras Albrikan,KSA,FW,31.45,328,123,28286.37
561,Alvaro Fidalgo,MEX,MF,31.45,232,87,15056.33
562,Daichi Kamada,JPN,MF,31.44,423,128,38789.21
563,Amir Alammari,IRQ,MF,31.44,383,104,30575.01
564,Rustam Ashurmatov,UZB,DF,31.44,288,80,27011.42
565,Joshua Kimmich,GER,DF,31.44,518,157,44638.55
566,Edgar Yoel Barcenas,PAN,MF,31.43,426,101,30790.0
567,Hamdy Fathy,EGY,MF,31.42,328,96,27077.98
568,Nick Woltemade,GER,FW,31.42,37,13,4199.08
569,Besfort Zeneli,SWE,MF,31.42,137,51,8630.22
570,Aurelien Tchouameni,FRA,MF,31.41,637,155,45082.82
571,Ryan Christie,SCO,MF,31.41,208,53,14260.28
572,Mohammad Abuzraiq,JOR,FW,31.4,24,15,1643.16
573,Petar Musa,CRO,FW,31.4,160,61,13217.92
574,Aleksandar Pavlovic,GER,MF,31.39,597,165,38018.1
575,Ramy Rabia,EGY,DF,31.39,435,128,40932.16
576,Tomas Rodriguez,PAN,FW,31.39,75,32,6034.0
577,Tarik Muharemovic,BIH,DF,31.38,279,78,28776.65
578,Teboho Mokoena,RSA,MF,31.38,423,121,30982.52
579,Vitinha,POR,MF,31.38,559,174,46256.34
580,Nasser Aldawsari,KSA,MF,31.38,499,150,28038.3
581,Ghislain Konan,CIV,DF,31.37,323,120,29623.54
582,Axel Tuanzebe,COD,DF,31.37,311,128,38203.61
583,Orbelin Pineda,MEX,MF,31.35,87,32,5754.74
584,Lisandro Martinez,ARG,DF,31.35,485,167,62187.63
585,Ermin Mahmic,BIH,MF,31.34,155,57,10657.09
586,Jesper Karlstrom,SWE,MF,31.34,199,48,16846.98
587,Ritsu Doan,JPN,MF,31.34,346,152,32576.29
588,Memphis Depay,NED,FW,31.34,137,50,8184.41
589,Gustavo Puerta,COL,DF,31.33,742,195,57392.35
590,Mateo Chavez,MEX,DF,31.32,96,41,8450.23
591,Nuno Da Costa,CPV,MF,31.3,185,86,18105.97
592,Edo Kayembe,COD,MF,31.3,297,86,20579.44
593,Jeremy Antonisse,CUW,FW,31.28,145,55,10361.23
594,Orkun Kokcu,TUR,MF,31.27,207,67,19220.02
595,Junior Alonso,PAR,DF,31.27,457,123,43140.24
596,Michel Aebischer,SUI,MF,31.27,321,117,21047.55
597,Mohammed Abu Alshamat,KSA,DF,31.25,212,87,17130.45
598,Ivan Basic,BIH,MF,31.25,270,63,22053.62
599,Castrop Jens,KOR,DF,31.24,40,32,5519.79
600,Lyle Foster,RSA,FW,31.24,66,16,5968.5
601,Jhon Arias,COL,MF,31.23,410,159,40007.46
602,Jamie Leweling,GER,MF,31.22,55,20,4276.01
603,Sphephelo Sithole,RSA,MF,31.22,463,119,28152.2
604,Lucas Digne,FRA,DF,31.21,588,211,52627.74
605,Ellyes Skhiri,TUN,MF,31.2,286,59,29334.81
606,Haji Wright,USA,FW,31.2,7,4,549.32
607,Karim Hafez,EGY,DF,31.2,252,76,20427.22
608,Ivan Sunjic,BIH,MF,31.19,401,113,26105.55
609,Mohamed Hany,EGY,DF,31.19,516,201,52140.55
610,Andres Cubas,PAR,MF,31.19,756,205,60748.96
611,El Hadji Malick Diouf,SEN,DF,31.19,268,97,21779.39
612,Aymen Hussein,IRQ,FW,31.17,126,54,12557.87
613,Gabriel Avalos,PAR,FW,31.17,185,69,18764.8
614,Mohammad Abualnadi,JOR,DF,31.16,115,31,8415.95
615,Garry Rodrigues,CPV,MF,31.16,123,50,10160.29
616,Taha Ali,SWE,FW,31.16,61,26,4821.78
617,David Alaba,AUT,DF,31.16,297,70,29617.98
618,Takefusa Kubo,JPN,MF,31.15,85,32,7808.85
619,Kalidou Koulibaly,SEN,DF,31.14,167,44,16073.86
620,Keisuke Goto,JPN,FW,31.13,15,10,1396.31
621,Lewis Ferguson,SCO,MF,31.13,451,119,36575.01
622,Damian Bobadilla,PAR,MF,31.12,336,98,25835.61
623,Timothy Weah,USA,FW,31.11,167,75,10834.46
624,Antonio Sanabria,PAR,FW,31.11,113,45,9967.8
625,Kaishu Sano,JPN,MF,31.1,411,114,34501.68
626,Nicolas Tagliafico,ARG,DF,31.1,542,191,52897.74
627,Awer Mabil,AUS,FW,31.08,55,20,3742.93
628,Nishan Velupillay,AUS,FW,31.07,140,53,9830.13
629,Nico Paz,ARG,FW,31.07,110,39,9189.47
630,Nizar Alrashdan,JOR,MF,31.06,407,103,31944.15
631,Ricardo Rodriguez,SUI,DF,31.06,541,200,55242.44
632,Jorgen Strand Larsen,NOR,FW,31.06,120,47,11703.54
633,Alexander Bernhardsson,SWE,DF,31.05,268,90,25109.78
634,Matias Galarza,PAR,MF,31.05,560,237,48496.58
635,Juan Quintero,COL,MF,31.05,185,45,15790.25
636,Sebastian Berhalter,USA,MF,31.05,443,111,28137.58
637,Saed Alrosan,JOR,DF,31.04,36,12,2425.08
638,Aubrey Modiba,RSA,DF,31.03,442,154,37864.78
639,Ismael Gharbi,TUN,MF,31.01,185,65,15753.85
640,Nabil Bentaleb,ALG,MF,31.0,405,115,33625.87
641,Mohamed Hadj Mahmoud,TUN,MF,31.0,67,36,5920.56
642,Jonas Adjetey,GHA,DF,30.98,260,87,26258.63
643,Jordan Ayew,GHA,FW,30.98,416,167,34883.48
644,Fredrik Andre Bjorkan,NOR,DF,30.98,70,29,5776.79
645,Alexander Prass,AUT,MF,30.97,61,28,4686.43
646,Joel Ordonez,ECU,DF,30.94,227,82,23576.79
647,Kou Itakura,JPN,DF,30.94,116,34,13382.22
648,Benjamin Tahirovic,BIH,MF,30.91,429,116,30616.63
649,Eom Jisung,KOR,MF,30.91,72,36,6234.99
650,Pedro Vite,ECU,MF,30.9,648,177,43374.6
651,Callan Elliot,NZL,DF,30.9,19,8,1875.73
652,Moussa Niakhate,SEN,DF,30.9,386,119,42611.78
653,John Mcginn,SCO,MF,30.89,331,98,28477.11
654,Ehsan Haddad,JOR,DF,30.89,384,118,30918.71
655,Deroy Duarte,CPV,MF,30.88,323,73,31052.7
656,Lucas Paqueta,BRA,MF,30.86,335,123,27561.36
657,Pervis Estupinan,ECU,DF,30.85,144,70,11017.23
658,Brandon Mechele,BEL,DF,30.85,806,227,68409.01
659,Christopher Operi,CIV,DF,30.84,142,55,10698.42
660,Jamiro Monteiro,CPV,MF,30.84,339,109,32481.15
661,Adrien Rabiot,FRA,MF,30.84,816,248,71263.06
662,Zaid Ismael,IRQ,MF,30.82,243,58,16240.49
663,Ozan Kabak,TUR,DF,30.81,100,33,10366.33
664,Hassan Alhaydos,QAT,FW,30.8,147,43,8290.41
665,Dan Burn,ENG,DF,30.79,48,14,5765.12
666,Cesar Montes,MEX,DF,30.79,267,84,31113.19
667,Shogo Taniguchi,JPN,DF,30.79,189,56,24756.98
668,Jakhongir Urozov,UZB,DF,30.77,125,39,11462.91
669,Lionel Messi,ARG,FW,30.77,527,204,64419.37
670,Rayan Cherki,FRA,MF,30.75,300,105,20751.4
671,Johan Vasquez,MEX,DF,30.75,449,132,41955.37
672,Otabek Shukurov,UZB,MF,30.75,378,85,29888.17
673,Milad Mohammadi,IRN,DF,30.74,299,142,26000.62
674,Derek Cornelius,CAN,DF,30.74,368,106,33569.61
675,Carney Chukwuemeka,AUT,MF,30.74,160,58,11569.81
676,Yasin Ayari,SWE,MF,30.74,434,109,39607.81
677,Yeremy Pino,ESP,FW,30.73,114,45,8846.84
678,Omar Rekik,TUN,DF,30.72,199,66,20477.26
679,Jonathan Osorio,CAN,MF,30.71,29,11,2036.53
680,Ahmed Fatouh,EGY,DF,30.71,408,166,32856.27
681,Jearl Margaritha,CUW,FW,30.7,62,36,5685.6
682,Armin Gigovic,BIH,MF,30.7,142,62,10900.97
683,Tyrese Noslin,CUW,FW,30.69,42,19,2453.07
684,Rebin Sulaka,IRQ,DF,30.69,41,15,4423.46
685,Harry Souttar,AUS,DF,30.68,370,82,43035.91
686,Ricardo Ade,HAI,DF,30.66,310,95,28826.94
687,Pascal Gross,GER,MF,30.65,58,15,3218.51
688,Chris Richards,USA,DF,30.65,486,97,42886.99
689,Hans Vanaken,BEL,MF,30.65,586,159,42602.58
690,Joao Neves,POR,MF,30.64,638,197,51136.79
691,Andrej Kramaric,CRO,FW,30.64,163,50,10055.36
692,Kaan Ayhan,TUR,MF,30.63,13,7,1239.03
693,Alexandro Maidana,PAR,DF,30.62,101,38,8335.08
694,Samu Costa,POR,DF,30.62,33,7,2859.94
695,Hwang Inbeom,KOR,MF,30.6,372,97,32488.04
696,Kojo Peprah Oppong,GHA,DF,30.6,63,16,5660.9
697,Montassar Talbi,TUN,DF,30.6,275,77,29945.79
698,Nicolas Otamendi,ARG,DF,30.59,336,89,29858.94
699,Vladimir Coufal,CZE,DF,30.58,443,154,34224.86
700,Arya Yousefi,IRN,DF,30.58,84,31,5813.32
701,Rodrigo Aguirre,URU,FW,30.57,12,4,898.68
702,Farrukh Sayfiev,UZB,DF,30.57,71,31,5770.14
703,Ibrahima Konate,FRA,DF,30.55,57,23,6464.54
704,Cho Guesung,KOR,FW,30.54,37,22,4408.36
705,Ryan Thomas,NZL,MF,30.53,216,78,13002.61
706,Ousmane Dembele,FRA,FW,30.51,817,274,67502.9
707,Dominique Simon,HAI,MF,30.49,150,36,7878.3
708,Yaimar Medina,ECU,DF,30.47,58,28,5486.23
709,Frantzdy Pierrot,HAI,FW,30.47,210,61,17982.57
710,Matias Vina,URU,DF,30.47,71,30,5227.49
711,Mikel Merino,ESP,MF,30.46,568,142,32157.77
712,Pedri,ESP,MF,30.45,976,291,68013.79
713,Igor Matanovic,CRO,FW,30.45,164,73,12766.79
714,Yusuf Abdurisag,QAT,FW,30.44,176,66,12292.36
715,Oston Urunov,UZB,MF,30.44,92,35,8454.44
716,Scott Mctominay,SCO,MF,30.44,483,135,36353.67
717,Arda Guler,TUR,FW,30.41,425,120,33635.28
718,Frenkie De Jong,NED,MF,30.38,424,109,38652.6
719,Jordy Caicedo,ECU,FW,30.38,44,22,4108.67
720,Jaroslav Zeleny,CZE,DF,30.37,162,69,15481.55
721,Jean Philippe Mateta,FRA,FW,30.33,44,23,4718.46
722,Jordy Alcivar,ECU,MF,30.33,63,23,5065.44
723,Elias Achouri,TUN,FW,30.32,68,40,6477.05
724,Gustaf Lagerbielke,SWE,DF,30.3,436,119,41310.47
725,Manu Kone,FRA,MF,30.28,590,110,45337.05
726,Anis Slimane,TUN,MF,30.27,408,123,30657.94
727,Musab Aljuwayr,KSA,MF,30.26,326,85,20967.44
728,Ramiz Zerrouki,ALG,MF,30.26,201,54,15442.6
729,Cecilio Waterman,PAN,FW,30.26,82,34,8772.9
730,Fidel Escobar,PAN,DF,30.25,106,45,9536.99
731,Zidane Iqbal,IRQ,MF,30.22,352,61,24227.99
732,Mehdi Ghayedi,IRN,FW,30.21,50,24,4683.23
733,Mohamed Manai,QAT,FW,30.21,153,43,10166.36
734,Jorge Gutierrez,PAN,DF,30.2,117,43,9490.21
735,Alexis Mac Allister,ARG,MF,30.2,1024,277,90561.77
736,Takehiro Tomiyasu,JPN,DF,30.2,202,53,21029.22
737,Ruben Neves,POR,MF,30.19,123,36,9241.31
738,Ajdin Hrustic,AUS,FW,30.19,183,58,11460.39
739,Julian Ryerson,NOR,FW,30.19,285,91,26275.25
740,Carlens Arcus,HAI,DF,30.18,247,86,18006.56
741,Alhashmi Alhussein,QAT,DF,30.18,50,20,4072.3
742,Israel Reyes,MEX,DF,30.18,272,65,24823.63
743,Jordan Pickford,ENG,GK,30.16,118,27,41775.24
744,Fabian Ruiz,ESP,MF,30.15,518,111,42082.99
745,Leandro Paredes,ARG,MF,30.15,566,148,54268.14
746,Pathe Ciss,SEN,MF,30.15,190,63,21513.7
747,Alireza Jahanbakhsh,IRN,MF,30.15,84,30,6517.05
748,Promise David,CAN,FW,30.14,79,41,9794.61
749,Azizbek Amonov,UZB,FW,30.14,36,16,2708.07
750,Hakan Calhanoglu,TUR,MF,30.14,319,72,24004.04
751,Nadhir Benbouali,ALG,FW,30.13,66,35,5586.09
752,Kevin Pina,CPV,MF,30.12,388,116,39576.48
753,Tijjani Reijnders,NED,MF,30.11,286,95,23300.38
754,Michael Gregoritsch,AUT,FW,30.1,213,86,20132.08
755,Mahmoud Almardi,JOR,FW,30.09,328,87,18861.43
756,Munaf Younus,IRQ,DF,30.09,63,22,8749.67
757,Cedric Itten,SUI,FW,30.09,89,33,7441.56
758,Alexander Schlager,AUT,GK,30.09,81,20,23367.49
759,Edin Dzeko,BIH,FW,30.07,201,57,19815.85
760,Jose Manuel Lopez,ARG,FW,30.07,43,17,3081.24
761,Alex Arce,PAR,FW,30.07,122,46,7712.6
762,Deniz Gul,TUR,FW,30.06,43,22,5152.77
763,Justin Kluivert,NED,MF,30.05,60,20,3868.51
764,Hwang Heechan,KOR,MF,30.05,144,62,12925.63
765,Evann Guessand,CIV,FW,30.05,32,14,2736.85
766,Ahmed Alganehi,QAT,MF,30.04,51,24,4200.63
767,Ali Azaizeh,JOR,FW,30.03,129,40,9229.12
768,Kwasi Sibo,GHA,MF,30.03,447,96,31122.82
769,Simon Adingra,CIV,FW,29.99,35,14,2769.08
770,Paul Wanner,AUT,MF,29.98,392,115,30227.02
771,Guus Til,NED,MF,29.98,56,28,4267.29
772,Aissa Mandi,ALG,DF,29.98,331,81,37858.06
773,John Stones,ENG,DF,29.98,345,93,34211.7
774,Ayoube Amaimouni,MAR,FW,29.98,73,35,4598.41
775,Scott Mckenna,SCO,DF,29.97,63,17,9598.73
776,Ousmane Diomande,CIV,DF,29.95,75,24,8979.4
777,Florian Grillitsch,AUT,MF,29.94,142,41,11799.4
778,Nkosinathi Sibisi,RSA,DF,29.94,101,38,9387.59
779,Alphonso Davies,CAN,DF,29.93,37,17,2589.59
780,Azizjon Ganiev,UZB,MF,29.92,216,96,15858.11
781,Nicolas De La Cruz,URU,MF,29.89,174,65,12114.61
782,Jackson Irvine,AUS,MF,29.89,495,125,31483.15
783,Alexandr Sojka,CZE,MF,29.88,321,108,19628.07
784,Gavi,ESP,MF,29.88,122,45,10707.89
785,Elliot Anderson,ENG,MF,29.88,1006,282,78697.97
786,Simon Banza,COD,FW,29.88,70,23,5130.52
787,Unai Simon,ESP,GK,29.87,143,44,48090.58
788,Idrissa Gana Gueye,SEN,MF,29.85,449,140,39822.15
789,Ali Alipour,IRN,FW,29.85,51,27,4655.69
790,Jaminton Campaz,COL,FW,29.85,143,67,10645.86
791,Cristian Volpato,AUS,FW,29.85,322,94,20702.13
792,Willy Semedo,CPV,MF,29.83,207,90,17802.43
793,Luka Sucic,CRO,MF,29.83,31,17,2774.75
794,Youri Tielemans,BEL,MF,29.8,862,256,61812.67
795,Hicham Boudaoui,ALG,MF,29.8,248,79,17473.1
796,Morten Thorsby,NOR,MF,29.8,107,30,6152.57
797,Michal Sadilek,CZE,MF,29.79,385,125,24212.55
798,Samed Bazdar,BIH,FW,29.78,28,13,3649.89
799,Ladislav Krejci,CZE,DF,29.78,373,81,32407.75
800,Stephen Eustaquio,CAN,MF,29.76,897,210,52496.91
801,Mojmir Chytil,CZE,FW,29.75,17,8,1627.26
802,Oh Hyeongyu,KOR,FW,29.75,158,64,15016.21
803,Liberato Cacace,NZL,DF,29.72,350,111,26344.8
804,Sasa Kalajdzic,AUT,FW,29.71,137,62,9643.92
805,Kai Trewin,AUS,DF,29.7,98,41,8815.94
806,Fernando Muslera,URU,GK,29.7,22,7,11069.12
807,Joris Kayembe,COD,DF,29.7,88,34,7372.37
808,Ahmed Maknazi,IRQ,DF,29.7,55,16,4276.36
809,Guillermo Martinez,MEX,FW,29.66,89,46,9361.92
810,Teun Koopmeiners,NED,MF,29.65,228,57,16774.64
811,Mike Maignan,FRA,GK,29.63,110,14,42478.9
812,Joaquin Seys,BEL,DF,29.62,34,13,3681.35
813,Bernardo Silva,POR,MF,29.61,253,79,16062.63
814,Kendry Paez,ECU,MF,29.61,33,15,2319.6
815,Ali Jasim,IRQ,FW,29.57,252,92,15703.59
816,Kim Jingyu,KOR,MF,29.57,99,26,7803.84
817,Assane Diao,SEN,FW,29.56,23,12,1835.5
818,Yannick Semedo,CPV,MF,29.55,75,30,5295.67
819,Nadiem Amiri,GER,MF,29.55,80,26,5438.68
820,Gilberto Mora,MEX,MF,29.54,370,125,25800.25
821,Amine Gouiri,ALG,FW,29.54,355,131,27787.87
822,Ahmed Fathy,QAT,MF,29.54,312,80,18273.99
823,Vladimir Darida,CZE,MF,29.53,135,49,7507.52
824,Mahmoud Saber,EGY,MF,29.51,123,30,6589.64
825,Odiljon Xamrobekov,UZB,MF,29.5,161,39,10324.03
826,Marco Friedl,AUT,DF,29.5,30,12,2757.1
827,Alberto Quintero,PAN,MF,29.48,17,8,1246.31
828,Remo Freuler,SUI,MF,29.44,1001,213,73750.57
829,Anis Hadj Moussa,ALG,FW,29.42,151,60,12312.89
831,Roger Ibanez,BRA,DF,29.41,65,30,5075.62
832,Tomas Araujo,POR,DF,29.39,113,39,10213.3
833,Saman Ghoddos,IRN,MF,29.38,338,99,26206.79
834,Lee Jaesung,KOR,MF,29.37,205,85,14542.7
835,Zakaria El Ouahdi,MAR,DF,29.34,36,15,2847.13
836,Borja Iglesias,ESP,FW,29.32,6,2,251.6
837,Casemiro,BRA,MF,29.27,449,116,45002.51
838,Paik Seungho,KOR,MF,29.27,269,63,23909.61
839,Brandley Kuwas,CUW,FW,29.24,16,7,839.63
840,Jens Petter Hauge,NOR,MF,29.23,26,14,1718.66
841,Francisco Trincao,POR,FW,29.23,56,32,4066.95
842,Lawrence Shankland,SCO,FW,29.23,258,70,21051.5
843,Kenny Mclean,SCO,MF,29.22,188,56,16438.49
844,Junnosuke Suzuki,JPN,DF,29.21,68,34,5757.46
845,David Doudera,CZE,DF,29.21,114,34,10486.58
846,Ayumu Seko,JPN,DF,29.2,105,26,9712.91
847,Elisha Owusu,GHA,MF,29.17,262,74,18829.07
848,Stjepan Radeljic,BIH,DF,29.1,186,63,20111.1
849,Hossam Abdelmaguid,EGY,DF,29.1,62,26,6751.69
850,Thelo Aasgaard,NOR,MF,29.08,127,39,11184.96
851,Assim Madibo,QAT,MF,29.05,208,30,14695.95
852,Amirhossein Hosseinzadeh,IRN,FW,29.04,47,17,3200.06
853,Luka Vuskovic,CRO,DF,29.03,81,21,7008.12
854,Patrik Schick,CZE,FW,29.02,251,76,22836.75
855,Luiz Henrique,BRA,FW,29.02,60,26,3896.86
856,Mohamed Amoura,ALG,FW,29.01,57,24,3799.52
857,Jayden Nelson,CAN,FW,28.97,19,5,1462.29
858,Haris Tabakovic,BIH,FW,28.95,12,3,2264.93
859,Pape Matar Sarr,SEN,MF,28.94,157,44,10328.88
860,Shahriyar Moghanloo,IRN,FW,28.93,168,47,12254.16
861,Jovane Cabral,CPV,MF,28.93,190,61,14327.66
862,Mohanad Ali,IRQ,FW,28.93,36,16,2367.96
863,Deniz Undav,GER,FW,28.92,205,59,17404.37
864,Bruno Guimaraes,BRA,MF,28.91,739,158,54744.12
865,Giovani Lo Celso,ARG,MF,28.89,123,23,7525.5
866,Granit Xhaka,SUI,MF,28.86,1062,210,72775.82
867,Ugurcan Cakir,TUR,GK,28.83,55,10,15872.23
868,Gregor Kobel,SUI,GK,28.78,82,13,38006.08
869,Lee Kangin,KOR,MF,28.78,264,69,28433.53
870,Victor Lindelof,SWE,DF,28.76,315,101,37262.4
871,Rani Khedira,TUN,MF,28.73,218,49,18577.38
872,Joe Bell,NZL,MF,28.72,472,112,32154.28
873,Lukas Cerv,CZE,MF,28.67,204,53,18226.25
874,Noa Lang,NED,FW,28.66,35,12,2122.19
876,Salih Ozcan,TUR,MF,28.62,168,60,13200.62
877,Frans Putros,IRQ,DF,28.62,106,32,10283.22
878,Gessime Yassine,MAR,MF,28.6,121,43,11281.33
879,Jayden Adams,RSA,MF,28.58,181,57,14495.71
880,Wout Weghorst,NED,FW,28.57,109,30,7013.96
881,Mortadha Ben Ouanes,TUN,DF,28.56,38,18,3378.97
882,Can Uzun,TUR,FW,28.53,92,27,6108.16
884,Tomas Soucek,CZE,MF,28.51,264,57,17938.82
885,Jassem Gaber,QAT,DF,28.5,232,55,17053.08
886,Thomas Partey,GHA,MF,28.5,359,77,31028.86
887,Ismael Kone,CAN,MF,28.48,198,44,16975.03
888,Mathias Olivera,URU,DF,28.43,458,126,34595.17
889,Gervane Kastaneer,CUW,FW,28.4,44,21,4460.43
890,Jamshid Iskanderov,UZB,MF,28.39,34,8,2148.93
891,Cesar Huerta,MEX,FW,28.38,21,7,1580.4
892,Dzenis Burnic,BIH,MF,28.38,37,11,3073.49
893,Andres Gomez,COL,FW,28.38,16,6,1042.07
894,Tomas Chory,CZE,FW,28.35,55,28,4558.03
895,Kamogelo Sebelebele,RSA,FW,28.33,27,11,1742.93
896,Matt Turner,USA,GK,28.31,20,2,5939.08
897,Dennis Hadzikadunic,BIH,DF,28.31,32,11,3338.81
898,Jordan Henderson,ENG,MF,28.3,35,6,1790.68
899,Ivan Toney,ENG,FW,28.27,94,40,9129.81
900,Youssef Amyn,IRQ,MF,28.26,52,18,3954.85
901,Sergio Rochet,URU,GK,28.23,6,3,3079.43
902,Abdullah Alkhaibari,KSA,MF,28.22,345,76,23607.42
903,Yassin Fortune,HAI,FW,28.22,24,5,1501.22
904,Valentin Barco,ARG,MF,28.19,41,14,2814.61
905,Ehsan Hajisafi,IRN,DF,28.19,134,48,11464.24
906,Lyndon Dykes,SCO,FW,28.18,78,34,5899.41
907,Adil Boulbina,ALG,FW,28.15,54,21,3442.77
908,Fabinho,BRA,MF,28.1,117,36,9907.51
909,Hossein Kanani,IRN,DF,28.07,123,27,14749.2
910,Mohammad Ghorbani,IRN,MF,28.07,191,53,12481.86
911,Manuel Neuer,GER,GK,28.06,82,19,25681.69
912,Karim Boudiaf,QAT,MF,28.06,205,30,13129.49
913,Koki Ogawa,JPN,FW,28.05,78,29,5939.74
914,Alexis Vega,MEX,FW,28.0,28,10,1915.42
915,Gedeon Kalulu,COD,DF,27.98,20,6,1186.84
916,Braian Ojeda,PAR,MF,27.97,31,13,2756.42
917,Kenji Gorre,CUW,FW,27.96,32,8,2257.01
918,Mohamed Abdelmoneim,EGY,DF,27.95,26,10,1530.7
919,Danilo Santos,BRA,MF,27.92,115,43,8458.78
920,Ibrahim Adel,EGY,FW,27.89,18,8,1006.49
921,Alex Zendejas,USA,FW,27.87,53,20,3064.71
922,Samir Chergui,ALG,DF,27.87,20,6,2625.06
923,Kristian Thorstvedt,NOR,MF,27.85,137,44,9451.89
924,Luca Zidane,ALG,GK,27.84,42,13,13382.13
925,Riechedly Bazoer,CUW,DF,27.83,60,15,8506.82
926,Dylan Bronn,TUN,DF,27.82,38,13,5012.71
927,Kevin Yakob,IRQ,MF,27.77,47,15,3609.05
928,Duckens Nazon,HAI,FW,27.75,27,8,2597.09
929,Ken Sema,SWE,MF,27.73,22,7,2294.51
930,Jacob Widell Zetterstrom,SWE,GK,27.66,17,8,10559.21
931,Emiliano Martinez,ARG,GK,27.64,78,18,42953.19
932,Mehdi Torabi,IRN,MF,27.63,65,18,3461.66
933,Ross Stewart,SCO,FW,27.62,22,7,1157.14
934,Mohammad Abuhasheesh,JOR,DF,27.61,25,12,1660.43
935,Anthony Ralston,SCO,DF,27.57,35,13,2807.5
936,Orjan Nyland,NOR,GK,27.55,60,6,32935.89
937,Themba Zwane,RSA,MF,27.43,35,10,2021.04
938,Nikola Vasilj,BIH,GK,27.42,34,7,22744.03
939,Max Arfsten,USA,DF,27.4,1,2,231.95
940,Neymar Jr,BRA,FW,27.31,71,18,5846.42
941,Giovanni Reyna,USA,MF,27.25,315,71,19203.54
942,Kevin Castano,COL,MF,27.23,48,15,3167.34
943,Jean Michael Seri,CIV,MF,27.23,28,7,2281.37
944,Zineddine Belaid,ALG,DF,27.17,37,12,3781.0
945,Anibal Godoy,PAN,MF,27.16,18,4,1239.04
946,Luis Chavez,MEX,MF,27.15,42,16,2876.74
947,Abdulaziz Hatem,QAT,MF,27.13,86,28,5826.99
948,Amer Jamous,JOR,MF,27.13,48,10,2136.97
949,Mathieu Choiniere,CAN,MF,27.09,132,43,7597.41
950,Bara Sapoko Ndiaye,SEN,MF,27.04,56,15,3984.92
951,Lucas Mendes,QAT,DF,27.02,17,9,1535.0
952,Igor Sergeev,UZB,FW,26.98,79,26,5591.98
953,Bamba Dieng,SEN,FW,26.95,28,15,1882.12
954,Kim Seunggyu,KOR,GK,26.94,37,14,15687.05
955,Senne Lammens,BEL,GK,26.94,4,1,1607.37
956,Eric Davis,PAN,DF,26.91,30,18,1809.13
957,Dominik Livakovic,CRO,GK,26.9,30,5,17297.82
958,Sherzod Esanov,UZB,MF,26.83,15,6,657.16
959,Ala Alhajji,KSA,MF,26.82,98,33,5355.08
960,James Rodriguez,COL,MF,26.81,357,56,33663.08
961,Mahmoud Abunada,QAT,GK,26.81,20,2,16005.91
962,Lionel Mpasi,COD,GK,26.74,37,7,18909.7
963,Diogo Costa,POR,GK,26.71,40,8,23794.16
964,Roshon Van Eijma,CUW,DF,26.68,18,5,1852.02
965,Saeid Ezatolahi,IRN,MF,26.68,406,65,32836.4
966,Saleem Obaid,JOR,DF,26.68,43,19,4204.95
967,Angelo Stiller,GER,MF,26.64,85,18,5947.34
968,Maghnes Akliouche,FRA,MF,26.64,24,5,1369.75
969,Benjamin Asare,GHA,GK,26.6,8,2,10835.06
970,Alex Sandro,BRA,DF,26.6,31,8,1822.47
971,Thibaut Courtois,BEL,GK,26.57,55,13,29790.48
972,Almoez Ali,QAT,FW,26.56,38,11,2859.04
973,Amir Hadziahmetovic,BIH,MF,26.46,21,5,1349.67
974,Axel Witsel,BEL,MF,26.45,84,21,5128.36
975,Mattias Svanberg,SWE,MF,26.42,49,15,3157.11
976,Martin Zubimendi,ESP,MF,26.36,36,7,3570.57
977,Carl Starfelt,SWE,DF,26.32,8,3,1116.66
978,Trevoh Chalobah,ENG,DF,26.24,11,2,626.54
979,Mostafa Shoubir,EGY,GK,26.24,60,14,29414.93
980,Marc Pubill,ESP,DF,26.2,6,3,455.66
981,Yahia Fofana,CIV,GK,26.17,16,5,19966.03
982,Fares Ghedjemis,ALG,FW,26.11,5,4,300.02
983,Ramon Sosa,PAR,MF,26.07,36,16,2289.64
984,Park Jinseob,KOR,DF,26.05,64,13,4973.55
985,Yerry Mina,COL,DF,26.05,7,3,384.52
986,Mohammad Aldaoud,JOR,MF,25.89,28,7,1620.24
987,Raul Rangel,MEX,GK,25.77,71,12,25833.63
988,Ronwen Williams,RSA,GK,25.71,36,7,20708.63
989,Camilo Vargas,COL,GK,25.69,27,9,23127.14
990,Zion Suzuki,JPN,GK,25.67,38,5,20433.26
991,Matt Freese,USA,GK,25.54,26,6,24114.67
992,Ahmed Basil,IRQ,GK,25.5,10,2,7048.26
993,Maxime Crepeau,CAN,GK,25.37,90,16,28143.54
994,Vozinha,CPV,GK,25.35,44,9,21320.84
995,Abduvohid Nematov,UZB,GK,25.09,20,2,9231.32
996,Eric Garcia,ESP,DF,25.08,23,6,2696.87
997,Kristoffer Nordfeldt,SWE,GK,24.96,8,1,9861.15
998,Shurandy Sambo,CUW,DF,24.95,9,4,726.32
999,Orlando Mosquera,PAN,GK,24.78,31,11,15112.23
1000,Eloy Room,CUW,GK,24.64,15,1,15611.7
1001,Aimar Sher,IRQ,MF,24.64,41,6,3139.09
1002,Orlando Gill,PAR,GK,24.63,49,5,31439.42
1003,David Zima,CZE,DF,24.58,23,9,2311.48
1004,Yassine Bounou,MAR,GK,24.53,38,5,28036.99
1005,Angus Gunn,SCO,GK,24.36,29,6,17506.02
1006,Godfried Roemeratoe,CUW,MF,24.26,19,6,1454.14
1007,Jalal Hassan,IRQ,GK,24.17,9,2,7078.62
1008,Gustaf Nilsson,SWE,FW,24.16,11,2,713.65
1009,Caglar Soyuncu,TUR,DF,24.16,9,3,1394.51
1010,Bart Verbruggen,NED,GK,24.15,35,6,21588.04
1011,Mohammed Alowais,KSA,GK,24.09,15,1,12844.17
1012,Marten De Roon,NED,MF,24.03,23,4,1374.64
1013,Max Crocombe,NZL,GK,24.0,19,2,13059.58
1014,Patrick Beach,AUS,GK,23.96,23,5,19047.75
1015,Baba Rahman,GHA,DF,23.71,2,1,168.97
1016,Johny Placide,HAI,GK,23.58,16,4,12868.53
1017,Mory Diaw,SEN,GK,23.5,15,4,12541.47
1018,Alejandro Romero Gamarra,PAR,FW,23.46,35,11,2181.02
1019,Yazeed Abulaila,JOR,GK,23.46,9,2,13586.57
1020,Khalid Alghannam,KSA,FW,23.41,10,4,790.29
1021,Matej Kovar,CZE,GK,23.37,19,2,14358.61
1022,Matheus Nunes,POR,MF,23.33,6,2,432.75
1023,Alisson,BRA,GK,22.9,16,2,26656.8
1024,Dean Henderson,ENG,GK,22.69,7,1,5504.62
1025,Edouard Mendy,SEN,GK,22.59,18,2,9883.83
1026,Utkir Yusupov,UZB,GK,22.51,7,1,5094.43
1027,Egil Selvik,NOR,GK,22.5,5,0,4989.63
1028,Lawrence Ati Zigi,GHA,GK,22.34,7,1,7025.37
1029,Marcus Thuram,FRA,FW,22.11,5,2,295.8
1031,Hernan Galindez,ECU,GK,21.56,25,3,17029.0
1032,Fabian Balbuena,PAR,DF,21.56,2,1,90.04
1033,Alireza Beiranvand,IRN,GK,21.48,19,0,13335.74
1034,Mouhib Chamakh,TUN,GK,21.27,4,0,3891.4
1035,Felix Torres,ECU,DF,20.52,5,0,989.25
1036,Aymen Dahmen,TUN,GK,19.7,9,0,7797.05
1037,Guillermo Ochoa,MEX,GK,18.72,5,0,1147.02
1038,Oussama Benbot,ALG,GK,18.2,6,0,4787.6
1039,Mathew Ryan,AUS,GK,18.08,2,0,206.87
1040,Victor Munoz,ESP,FW,0.0,0,0,0.0
1040,Avazbek Ulmasaliyev,UZB,DF,0.0,0,0,0.0
1040,Alex Paulsen,NZL,GK,0.0,0,0,0.0
1040,Ben Waine,NZL,FW,0.0,0,0,0.0
1040,Botirali Ergashev,UZB,GK,0.0,0,0,0.0
1040,Viktor Johansson,SWE,GK,0.0,0,0,0.0
1040,David Jurasek,CZE,DF,0.0,0,0,0.0
1040,Altay Bayindir,TUR,GK,0.0,0,0,0.0
1040,Eric Smith,SWE,DF,0.0,0,0,0.0
1040,Nihad Mujakic,BIH,DF,0.0,0,0,0.0
1040,Nando Pijnaker,NZL,DF,0.0,0,0,0.0
1040,Jan Kuchta,CZE,FW,0.0,0,0,0.0
1040,Paul Izzo,AUS,GK,0.0,0,0,0.0
1040,Milos Degenek,AUS,DF,0.0,0,0,0.0
1040,Yvon Mvogo,SUI,GK,0.0,0,0,0.0
1040,Lukas Hornicek,CZE,GK,0.0,0,0,0.0
1040,Kosta Barbarouses,NZL,FW,0.0,0,0,0.0
1040,Mert Gunok,TUR,GK,0.0,0,0,0.0
1040,Dominic Hyam,SCO,DF,0.0,0,0,0.0
1040,Joan Garcia,ESP,GK,0.0,0,0,0.0
1040,Hugo Sochurek,CZE,MF,0.0,0,0,0.0
1040,George Hirst,SCO,FW,0.0,0,0,0.0
1040,Michael Woud,NZL,GK,0.0,0,0,0.0
1040,Tyler Fletcher,SCO,MF,0.0,0,0,0.0
1040,Liam Kelly,SCO,GK,0.0,0,0,0.0
1040,Aurele Amenda,SUI,DF,0.0,0,0,0.0
1040,Logan Rogerson,NZL,FW,0.0,0,0,0.0
1040,Umar Eshmurodov,UZB,DF,0.0,0,0,0.0
1040,Hjalmar Ekdal,SWE,DF,0.0,0,0,0.0
1040,Herman Johansson,SWE,DF,0.0,0,0,0.0
1040,Alex Grimaldo,ESP,DF,0.0,0,0,0.0
1040,Samet Akaydin,TUR,DF,0.0,0,0,0.0
1040,Marvin Keller,SUI,GK,0.0,0,0,0.0
1040,Cameron Devlin,AUS,MF,0.0,0,0,0.0
1040,John Souttar,SCO,DF,0.0,0,0,0.0
1040,David Raya,ESP,GK,0.0,0,0,0.0
1040,Jindrich Stanek,CZE,GK,0.0,0,0,0.0
1040,Alex Rufer,NZL,MF,0.0,0,0,0.0
1040,Lachlan Bayliss,NZL,MF,0.0,0,0,0.0
1040,Anthony Valencia,ECU,MF,0.0,0,0,0.0
1040,Luis Mejia,PAN,GK,0.0,0,0,0.0
1040,Ronald Araujo,URU,DF,0.0,0,0,0.0
1040,Geronimo Rulli,ARG,GK,0.0,0,0,0.0
1040,Adalberto Carrasquilla,PAN,MF,0.0,0,0,0.0
1040,Denil Castillo,ECU,MF,0.0,0,0,0.0
1040,Jose Maria Gimenez,URU,DF,0.0,0,0,0.0
1040,Edgardo Farina,PAN,DF,0.0,0,0,0.0
1040,Juan Portilla,COL,MF,0.0,0,0,0.0
1040,Emiliano Martinez,URU,MF,0.0,0,0,0.0
1040,Rodrigo Zalazar,URU,MF,0.0,0,0,0.0
1040,Jorge Carrascal,COL,MF,0.0,0,0,0.0
1040,Moises Ramirez,ECU,GK,0.0,0,0,0.0
1040,Bremer,BRA,DF,0.0,0,0,0.0
1040,David Ospina,COL,GK,0.0,0,0,0.0
1040,Santiago Mele,URU,GK,0.0,0,0,0.0
1040,Weverton,BRA,GK,0.0,0,0,0.0
1040,Cesar Yanis,PAN,MF,0.0,0,0,0.0
1040,Joaquin Piquerez,URU,MF,0.0,0,0,0.0
1040,Juan Musso,ARG,GK,0.0,0,0,0.0
1040,Ederson,BRA,GK,0.0,0,0,0.0
1040,Cristian Roldan,USA,MF,0.0,0,0,0.0
1040,Chris Brady,USA,GK,0.0,0,0,0.0
1040,Santiago Bueno,URU,DF,0.0,0,0,0.0
1040,Carlos Acevedo,MEX,GK,0.0,0,0,0.0
1040,Giorgian De Arrascaeta,URU,MF,0.0,0,0,0.0
1040,Gaston Olveira,PAR,GK,0.0,0,0,0.0
1040,Leo Pereira,BRA,DF,0.0,0,0,0.0
1040,Gonzalo Valle,ECU,GK,0.0,0,0,0.0
1040,Gatito Fernandez,PAR,GK,0.0,0,0,0.0
1040,Cesar Samudio,PAN,GK,0.0,0,0,0.0
1040,Roderick Miller,PAN,DF,0.0,0,0,0.0
1040,Alvaro Montero,COL,GK,0.0,0,0,0.0
1040,Keeto Thermoncy,HAI,DF,0.0,0,0,0.0
1040,Willer Ditta,COL,DF,0.0,0,0,0.0
1040,Jeremy Arevalo,ECU,FW,0.0,0,0,0.0
1040,Facundo Pellistri,URU,FW,0.0,0,0,0.0
1040,Garven Metusala,HAI,DF,0.0,0,0,0.0
1040,Bradley Cross,RSA,DF,0.0,0,0,0.0
1040,Alexandre Pierre,HAI,GK,0.0,0,0,0.0
1040,Ahmed Reda Tagnaouti,MAR,GK,0.0,0,0,0.0
1040,Mohamed Kone,CIV,GK,0.0,0,0,0.0
1040,Moutaz Neffati,TUN,DF,0.0,0,0,0.0
1040,Dayne St Clair,CAN,GK,0.0,0,0,0.0
1040,Augustine Boakye,GHA,MF,0.0,0,0,0.0
1040,Sabri Ben Hessen,TUN,GK,0.0,0,0,0.0
1040,Evan Ndicka,CIV,DF,0.0,0,0,0.0
1040,Wilguens Paugain,HAI,DF,0.0,0,0,0.0
1040,Joseph Anang,GHA,GK,0.0,0,0,0.0
1040,Thabang Matuludi,RSA,DF,0.0,0,0,0.0
1040,Josue Duverger,HAI,GK,0.0,0,0,0.0
1040,Khalil Ayari,TUN,MF,0.0,0,0,0.0
1040,Christopher Bonsu Baah,GHA,FW,0.0,0,0,0.0
1040,Sipho Chaine,RSA,GK,0.0,0,0,0.0
1040,Ricardo Goss,RSA,GK,0.0,0,0,0.0
1040,Mohamed Elshenawy,EGY,GK,0.0,0,0,0.0
1040,Cherif Ndiaye,SEN,FW,0.0,0,0,0.0
1040,Kelvin Pires,CPV,DF,0.0,0,0,0.0
1040,Joel Waterman,CAN,DF,0.0,0,0,0.0
1040,Youssef Belammari,MAR,DF,0.0,0,0,0.0
1040,Alfie Jones,CAN,DF,0.0,0,0,0.0
1040,Nabil Donga,EGY,MF,0.0,0,0,0.0
1040,Adam Arous,TUN,DF,0.0,0,0,0.0
1040,Samukele Kabini,RSA,DF,0.0,0,0,0.0
1040,Owen Goodman,CAN,GK,0.0,0,0,0.0
1040,Abdul Mumin,GHA,DF,0.0,0,0,0.0
1040,Markhus Lacroix,HAI,DF,0.0,0,0,0.0
1040,Mahdy Soliman,EGY,GK,0.0,0,0,0.0
1040,Yehvann Diouf,SEN,GK,0.0,0,0,0.0
1040,Woodensky Pierre,HAI,MF,0.0,0,0,0.0
1040,Mamadou Sarr,SEN,DF,0.0,0,0,0.0
1040,Alban Lafont,CIV,GK,0.0,0,0,0.0
1040,Rayan Elloumi,TUN,FW,0.0,0,0,0.0
1040,Antoine Mendy,SEN,DF,0.0,0,0,0.0
1040,Carl Sainte,HAI,MF,0.0,0,0,0.0
1040,Mohamed Alaa,EGY,GK,0.0,0,0,0.0
1040,Olwethu Makhanya,RSA,DF,0.0,0,0,0.0
1040,Parfait Guiagon,CIV,MF,0.0,0,0,0.0
1040,Raed Chikhaoui,TUN,DF,0.0,0,0,0.0
1040,Tarek Alaa,EGY,DF,0.0,0,0,0.0
1040,Munir El Kajoui,MAR,GK,0.0,0,0,0.0
1040,Khulumani Ndamane,RSA,DF,0.0,0,0,0.0
1040,Toni Fruk,CRO,MF,0.0,0,0,0.0
1040,Robin Roefs,NED,GK,0.0,0,0,0.0
1040,Goncalo Inacio,POR,DF,0.0,0,0,0.0
1040,Nikola Moro,CRO,MF,0.0,0,0,0.0
1040,David Affengruber,AUT,DF,0.0,0,0,0.0
1040,Alessandro Schoepf,AUT,MF,0.0,0,0,0.0
1040,Ivor Pandur,CRO,GK,0.0,0,0,0.0
1040,Dejan Ljubicic,AUT,MF,0.0,0,0,0.0
1040,Oliver Baumann,GER,GK,0.0,0,0,0.0
1040,Rui Silva,POR,GK,0.0,0,0,0.0
1040,Lucas Hernandez,FRA,DF,0.0,0,0,0.0
1040,Sander Tangvik,NOR,GK,0.0,0,0,0.0
1040,Robin Risser,FRA,GK,0.0,0,0,0.0
1040,Florian Wiegele,AUT,GK,0.0,0,0,0.0
1040,Kristijan Jakic,CRO,DF,0.0,0,0,0.0
1040,Assan Ouedraogo,GER,MF,0.0,0,0,0.0
1040,Martin Erlic,CRO,DF,0.0,0,0,0.0
1040,Mike Penders,BEL,GK,0.0,0,0,0.0
1040,Michael Svoboda,AUT,DF,0.0,0,0,0.0
1040,Mark Flekken,NED,GK,0.0,0,0,0.0
1040,Duje Caleta Car,CRO,DF,0.0,0,0,0.0
1040,Patrick Pentz,AUT,GK,0.0,0,0,0.0
1040,Ngolo Kante,FRA,MF,0.0,0,0,0.0
1040,James Trafford,ENG,GK,0.0,0,0,0.0
1040,Lutsharel Geertruida,NED,DF,0.0,0,0,0.0
1040,Dominik Kotarski,CRO,GK,0.0,0,0,0.0
1040,Kobbie Mainoo,ENG,MF,0.0,0,0,0.0
1040,Goncalo Guedes,POR,FW,0.0,0,0,0.0
1040,Zeno Debast,BEL,DF,0.0,0,0,0.0
1040,Jose Sa,POR,GK,0.0,0,0,0.0
1040,Craig Gordon,SCO,GK,0.0,0,0,0.0
1040,Brice Samba,FRA,GK,0.0,0,0,0.0
1040,Mats Wieffer,NED,DF,0.0,0,0,0.0
1040,Koni De Winter,BEL,DF,0.0,0,0,0.0
1040,Alexander Nuebel,GER,GK,0.0,0,0,0.0
1040,Achref Abada,ALG,DF,0.0,0,0,0.0
1040,Kim Taehyeon,KOR,DF,0.0,0,0,0.0
1040,Cho Wije,KOR,DF,0.0,0,0,0.0
1040,Cj Dos Santos,CPV,GK,0.0,0,0,0.0
1040,Yassine Titraoui,ALG,MF,0.0,0,0,0.0
1040,Nawaf Alaqidi,KSA,GK,0.0,0,0,0.0
1040,Ahmed Alkassar,KSA,GK,0.0,0,0,0.0
1040,Melvin Mastil,ALG,GK,0.0,0,0,0.0
1040,Roozbeh Cheshmi,IRN,MF,0.0,0,0,0.0
1040,Mohammad Abughoush,JOR,MF,0.0,0,0,0.0
1040,Ali Majrashi,KSA,DF,0.0,0,0,0.0
1040,Hossein Hosseini,IRN,GK,0.0,0,0,0.0
1040,Stopira,CPV,DF,0.0,0,0,0.0
1040,Timothy Fayulu,COD,GK,0.0,0,0,0.0
1040,Nour Baniateyah,JOR,GK,0.0,0,0,0.0
1040,Abdallah Alfakhori,JOR,GK,0.0,0,0,0.0
1040,Ziyad Aljohani,KSA,MF,0.0,0,0,0.0
1040,Hassan Kadish,KSA,DF,0.0,0,0,0.0
1040,Fahad Talib,IRQ,GK,0.0,0,0,0.0
1040,Anas Badawi,JOR,DF,0.0,0,0,0.0
1040,Meshaal Barsham,QAT,GK,0.0,0,0,0.0
1040,Keisuke Osako,JPN,GK,0.0,0,0,0.0
1040,Song Bumkeun,KOR,GK,0.0,0,0,0.0
1040,Jehad Thikri,KSA,DF,0.0,0,0,0.0
1040,Ibrahim Sadeh,JOR,MF,0.0,0,0,0.0
1040,Danial Iri,IRN,DF,0.0,0,0,0.0
1040,Aaron Tshibola,COD,MF,0.0,0,0,0.0
1040,Jo Hyeonwoo,KOR,GK,0.0,0,0,0.0
1040,Marcio Rosa,CPV,GK,0.0,0,0,0.0
1040,Matthieu Epolo,COD,GK,0.0,0,0,0.0
1040,Logan Costa,CPV,DF,0.0,0,0,0.0
1040,Dylan Batubinsika,COD,DF,0.0,0,0,0.0
1040,Bae Junho,KOR,MF,0.0,0,0,0.0
1040,Amirmohammad Razaghinia,IRN,MF,0.0,0,0,0.0
1040,Salah Zakaria,QAT,GK,0.0,0,0,0.0
1040,Aiman Yahya,KSA,FW,0.0,0,0,0.0
1040,Saleh Alshehri,KSA,FW,0.0,0,0,0.0
1040,Lee Donggyeong,KOR,MF,0.0,0,0,0.0
1040,Tomoki Hayakawa,JPN,GK,0.0,0,0,0.0
1040,Mohamed Amine Tougai,ALG,DF,0.0,0,0,0.0
1040,Mohammed Muntari,QAT,FW,0.0,0,0,0.0
1040,Rajaei Ayed,JOR,MF,0.0,0,0,0.0
1040,Gael Kakuta,COD,FW,0.0,0,0,0.0
1040,Tahsin Mohammed,QAT,FW,0.0,0,0,0.0
1040,Payam Niazmand,IRN,GK,0.0,0,0,0.0
1040,Dennis Dargahi,IRN,FW,0.0,0,0,0.0
1040,Tyrick Bodak,CUW,GK,0.0,0,0,0.0
1040,Kevin Felida,CUW,MF,0.0,0,0,0.0
1040,Mladen Jurkas,BIH,GK,0.0,0,0,0.0
1040,Arjany Martha,CUW,MF,0.0,0,0,0.0
1040,Trevor Doornbusch,CUW,GK,0.0,0,0,0.0
1040,Martin Zlomislic,BIH,GK,0.0,0,0,0.0
