Rank,Name,Nationality,Position,Goals,Assists,Minutes Played
1,Kylian Mbappe,FRA,FW,10,4,769
2,Lionel Messi,ARG,FW,8,4,853
3,Jude Bellingham,ENG,MF,7,1,698
4,Erling Haaland,NOR,FW,7,0,537
5,Ousmane Dembele,FRA,FW,6,2,648
6,Harry Kane,ENG,FW,6,1,732
7,Mikel Oyarzabal,ESP,FW,5,1,664
8,Ismaila Sarr,SEN,FW,4,1,419
9,Julian Quinones,MEX,FW,4,1,440
10,Vinicius Junior,BRA,FW,4,1,505
11,Bukayo Saka,ENG,FW,3,3,411
12,Deniz Undav,GER,FW,3,2,174
13,Johan Manzambi,SUI,MF,3,2,220
14,Romelu Lukaku,BEL,FW,3,1,279
15,Lautaro Martinez,ARG,FW,3,1,368
16,Charles De Ketelaere,BEL,FW,3,1,385
17,Cody Gakpo,NED,FW,3,1,394
18,Bradley Barcola,FRA,FW,3,1,432
19,Brian Brobbey,NED,FW,3,0,245
20,Elijah Just,NZL,MF,3,0,291
21,Matheus Cunha,BRA,FW,3,0,324
22,Folarin Balogun,USA,FW,3,0,348
23,Raul Jimenez,MEX,FW,3,0,348
24,Kai Havertz,GER,FW,3,0,392
25,Yoane Wissa,COD,FW,3,0,409
26,Ismael Saibari,MAR,MF,3,0,411
27,Jonathan David,CAN,FW,3,0,475
28,Cristiano Ronaldo,POR,FW,3,0,490
29,Crysencio Summerville,NED,FW,2,2,282
30,Breel Embolo,SUI,FW,2,2,531
31,Leandro Trossard,BEL,FW,2,2,561
32,Soufiane Rahimi,MAR,FW,2,1,215
33,Nicolas Pepe,CIV,FW,2,1,255
34,Pape Gueye,SEN,MF,2,1,257
35,Maxi Araujo,URU,MF,2,1,278
36,Riyad Mahrez,ALG,FW,2,1,288
37,Ramin Rezaeian,IRN,DF,2,1,309
38,Ruben Vargas,SUI,FW,2,1,314
39,Ayase Ueda,JPN,FW,2,1,349
40,Mostafa Zico,EGY,MF,2,1,398
41,Malik Tillman,USA,MF,2,1,415
42,Ermin Mahmic,BIH,MF,2,0,88
43,Habib Diarra,SEN,MF,2,0,168
44,Marko Arnautovic,AUT,FW,2,0,173
45,Amad Diallo,CIV,FW,2,0,211
46,Cyle Larin,CAN,FW,2,0,224
47,Anthony Elanga,SWE,FW,2,0,247
48,Mikel Merino,ESP,MF,2,0,262
49,Daichi Kamada,JPN,MF,2,0,359
50,Yasin Ayari,SWE,MF,2,0,371
51,Emam Ashour,EGY,MF,2,0,395
52,Dan Ndoye,SUI,FW,2,0,437
53,Daniel Munoz,COL,DF,2,0,451
54,Azzedine Ounahi,MAR,MF,2,0,477
55,Youri Tielemans,BEL,MF,2,0,538
56,Pedro Porro,ESP,DF,2,0,640
57,Enzo Fernandez,ARG,MF,2,0,755
58,Andreas Schjelderup,NOR,MF,1,3,297
59,Alexander Isak,SWE,FW,1,3,389
60,Anthony Gordon,ENG,FW,1,3,442
61,Iliman Ndiaye,SEN,FW,1,2,134
62,Nathan Saliba,CAN,MF,1,2,206
63,Hans Vanaken,BEL,MF,1,2,362
64,Viktor Gyokeres,SWE,FW,1,2,400
65,Julio Enciso,PAR,FW,1,2,431
66,Mohamed Salah,EGY,FW,1,2,469
67,Declan Rice,ENG,MF,1,2,622
68,Achraf Hakimi,MAR,DF,1,2,650
69,Promise David,CAN,FW,1,1,105
70,Baris Alper Yilmaz,TUR,FW,1,1,200
71,Rafael Leao,POR,FW,1,1,203
72,Trezeguet,EGY,FW,1,1,204
73,Mousa Altamari,JOR,FW,1,1,230
74,Sebastian Berhalter,USA,MF,1,1,231
75,Marcus Rashford,ENG,FW,1,1,258
76,Luis Romo,MEX,MF,1,1,284
77,Hwang Inbeom,KOR,MF,1,1,286
78,Felix Nmecha,GER,MF,1,1,299
79,Kaishu Sano,JPN,MF,1,1,303
80,Nathaniel Brown,GER,DF,1,1,319
81,Keito Nakamura,JPN,MF,1,1,330
82,Petar Sucic,CRO,MF,1,1,338
83,Ferran Torres,ESP,FW,1,1,349
84,Ivan Perisic,CRO,FW,1,1,413
85,Virgil Van Dijk,NED,DF,1,1,432
86,Matias Galarza,PAR,MF,1,1,439
87,Alex Freeman,USA,DF,1,1,442
88,Desire Doue,FRA,FW,1,1,449
89,Alex Baena,ESP,MF,1,1,522
90,Luis Diaz,COL,FW,1,1,525
91,Lisandro Martinez,ARG,DF,1,1,708
92,Alexis Mac Allister,ARG,MF,1,1,869
93,Kaan Ayhan,TUR,MF,1,0,11
94,Mattias Svanberg,SWE,MF,1,0,25
95,Mahmoud Saber,EGY,MF,1,0,51
96,Nadhir Benbouali,ALG,FW,1,0,52
97,Neymar Jr,BRA,FW,1,0,55
98,Fiston Mayele,COD,FW,1,0,55
99,Goncalo Ramos,POR,FW,1,0,58
100,Giovani Lo Celso,ARG,MF,1,0,64
101,Hassan Alhaydos,QAT,FW,1,0,69
102,Jovo Lukic,BIH,FW,1,0,77
103,Mateo Chavez,MEX,DF,1,0,81
104,Sasa Kalajdzic,AUT,FW,1,0,88
105,Hazem Mastouri,TUN,FW,1,0,92
106,Jaminton Campaz,COL,FW,1,0,98
107,Thelo Aasgaard,NOR,MF,1,0,100
108,Gessime Yassine,MAR,MF,1,0,101
109,Alexis Saelemaekers,BEL,MF,1,0,107
110,Alvaro Fidalgo,MEX,MF,1,0,117
111,Petar Musa,CRO,FW,1,0,119
112,Auston Trusty,USA,DF,1,0,123
113,Aymen Hussein,IRQ,FW,1,0,128
114,Helio Varela,CPV,MF,1,0,130
115,Oh Hyeongyu,KOR,FW,1,0,145
116,Nico Schlotterbeck,GER,DF,1,0,152
117,Giovanni Reyna,USA,MF,1,0,155
118,Brian Cipenga,COD,FW,1,0,160
119,Ante Budimir,CRO,FW,1,0,168
120,Gabriel Martinelli,BRA,FW,1,0,171
121,Leo Ostigard,NOR,DF,1,0,184
122,Omar Rekik,TUN,DF,1,0,200
123,Wilson Isidor,HAI,FW,1,0,201
124,Ibrahim Mbaye,SEN,FW,1,0,203
125,Michal Sadilek,CZE,MF,1,0,204
126,Nikola Vlasic,CRO,MF,1,0,204
127,Derrick Luckassen,GHA,DF,1,0,205
128,Mauricio,PAR,MF,1,0,208
129,Nilson Angulo,ECU,FW,1,0,240
130,Abbosbek Fayzullaev,UZB,MF,1,0,240
131,Junya Ito,JPN,MF,1,0,242
132,Livano Comenencia,CUW,MF,1,0,253
133,Thapelo Maseko,RSA,FW,1,0,255
134,Agustin Canobbio,URU,MF,1,0,261
135,Abdulelah Alamri,KSA,DF,1,0,268
136,Amine Gouiri,ALG,FW,1,0,270
137,Daizen Maeda,JPN,MF,1,0,271
138,Mohammad Mohebbi,IRN,MF,1,0,271
139,Marcus Holmgren Pedersen,NOR,DF,1,0,273
140,John Mcginn,SCO,MF,1,0,277
141,Romano Schmid,AUT,MF,1,0,283
142,Nestory Irankunda,AUS,FW,1,0,285
143,Nizar Alrashdan,JOR,MF,1,0,289
144,Ali Olwan,JOR,FW,1,0,297
145,Deroy Duarte,CPV,MF,1,0,300
146,Ladislav Krejci,CZE,DF,1,0,301
147,Teboho Mokoena,RSA,MF,1,0,301
148,Eldor Shomurodov,UZB,FW,1,0,304
149,Jamal Musiala,GER,MF,1,0,305
150,Finn Surman,NZL,DF,1,0,306
151,Caleb Yirenkyi,GHA,MF,1,0,307
152,Kerim Alajbegovic,BIH,FW,1,0,312
153,Arda Guler,TUR,FW,1,0,313
154,Sidny Lopes Cabral,CPV,DF,1,0,324
155,Martin Baturina,CRO,MF,1,0,344
156,Connor Metcalfe,AUS,MF,1,0,354
157,Antonio Nusa,NOR,FW,1,0,357
158,Leroy Sane,GER,MF,1,0,360
159,Rafik Belghali,ALG,DF,1,0,362
160,Fabian Ruiz,ESP,MF,1,0,366
161,Franck Kessie,CIV,MF,1,0,389
162,Kevin Pina,CPV,MF,1,0,389
163,Jhon Arias,COL,MF,1,0,405
164,Gonzalo Plata,ECU,FW,1,0,407
165,Marcel Sabitzer,AUT,MF,1,0,412
166,Kevin De Bruyne,BEL,MF,1,0,412
167,Casemiro,BRA,MF,1,0,425
168,Jan Paul Van Hecke,NED,DF,1,0,432
169,Stephen Eustaquio,CAN,MF,1,0,444
170,Nuno Mendes,POR,DF,1,0,447
171,Joao Neves,POR,MF,1,0,450
172,Yasser Ibrahim,EGY,DF,1,0,533
173,Issa Diop,MAR,DF,1,0,534
174,Granit Xhaka,SUI,MF,1,0,673
175,Cristian Romero,ARG,DF,1,0,685
176,Julian Alvarez,ARG,FW,1,0,690
177,Lamine Yamal,ESP,FW,1,0,697
178,Ezri Konsa,ENG,DF,1,0,739
179,Michael Olise,FRA,FW,0,7,719
180,Bruno Guimaraes,BRA,MF,0,4,458
181,Brahim Diaz,MAR,FW,0,4,500
182,Martin Odegaard,NOR,MF,0,4,537
183,Florian Wirtz,GER,MF,0,3,405
184,Roberto Alvarado,MEX,FW,0,3,476
185,Houssem Aouar,ALG,MF,0,2,191
186,Hannibal Mejbri,TUN,MF,0,2,298
187,Chris Wood,NZL,FW,0,2,306
188,Ryan Gravenberch,NED,MF,0,2,374
189,Joshua Kimmich,GER,DF,0,2,392
190,Nicolas Raskin,BEL,MF,0,2,396
191,Denzel Dumfries,NED,DF,0,2,432
192,Patrick Berg,NOR,MF,0,2,519
193,Dani Olmo,ESP,FW,0,2,535
194,Marc Cucurella,ESP,DF,0,2,857
195,Jose Manuel Lopez,ARG,FW,0,1,28
196,Dennis Hadzikadunic,BIH,DF,0,1,33
197,Tshepang Moremi,RSA,FW,0,1,44
198,Yannick Semedo,CPV,MF,0,1,46
199,Nadiem Amiri,GER,MF,0,1,50
200,Koki Ogawa,JPN,FW,0,1,56
201,Meschack Elia,COD,FW,0,1,59
202,Cucho Hernandez,COL,FW,0,1,66
203,Abdoulaye Seck,SEN,DF,0,1,66
204,Memphis Depay,NED,FW,0,1,68
205,Brandon Thomas Asante,GHA,FW,0,1,70
206,Takefusa Kubo,JPN,MF,0,1,77
207,Ernest Nuamah,GHA,FW,0,1,109
208,Kou Itakura,JPN,DF,0,1,138
209,Haissem Hassan,EGY,FW,0,1,138
210,Kevin Rodriguez,ECU,FW,0,1,146
211,Juan Quintero,COL,MF,0,1,146
212,Alexandr Sojka,CZE,MF,0,1,155
213,Nico Williams,ESP,FW,0,1,159
214,Orkun Kokcu,TUR,MF,0,1,172
215,Jean Kevin Duverne,HAI,DF,0,1,186
216,Wilfried Singo,CIV,DF,0,1,190
217,Karim Hafez,EGY,DF,0,1,198
218,Ivan Basic,BIH,MF,0,1,200
219,Michael Gregoritsch,AUT,FW,0,1,207
220,Lucas Bergvall,SWE,MF,0,1,207
221,Tijjani Reijnders,NED,MF,0,1,211
222,Paul Okon Engstler,AUS,MF,0,1,214
223,Marcos Llorente,ESP,DF,0,1,217
224,Chemsdine Talbi,MAR,MF,0,1,217
225,Thomas Meunier,BEL,DF,0,1,226
226,Edmilson Junior,QAT,FW,0,1,228
227,Gonzalo Montiel,ARG,DF,0,1,241
228,Tim Payne,NZL,DF,0,1,241
229,Akmal Mozgovoy,UZB,MF,0,1,243
230,Eberechi Eze,ENG,MF,0,1,247
231,Christian Pulisic,USA,FW,0,1,253
232,Lucas Paqueta,BRA,MF,0,1,255
233,Xaver Schlager,AUT,MF,0,1,265
234,Nicolas Jackson,SEN,FW,0,1,271
235,Amir Alammari,IRQ,MF,0,1,279
236,Lamine Camara,SEN,MF,0,1,287
237,Ehsan Haddad,JOR,DF,0,1,287
238,Mateo Kovacic,CRO,MF,0,1,293
239,Ritsu Doan,JPN,MF,0,1,295
240,Lee Kangin,KOR,MF,0,1,300
241,Vladimir Coufal,CZE,DF,0,1,301
242,David Alaba,AUT,DF,0,1,302
243,Ibrahim Sangare,CIV,MF,0,1,305
244,Noor Alrawabdeh,JOR,MF,0,1,309
245,Nico Gonzalez,ARG,MF,0,1,324
246,Rayan,BRA,FW,0,1,327
247,Arthur Masuaku,COD,DF,0,1,340
248,Joao Cancelo,POR,DF,0,1,342
249,Facundo Medina,ARG,DF,0,1,350
250,Luka Modric,CRO,MF,0,1,360
251,Yan Diomande,CIV,FW,0,1,361
252,Luis Suarez,COL,FW,0,1,365
253,Ryan Mendes,CPV,FW,0,1,366
254,Sead Kolasinac,BIH,DF,0,1,373
255,Pedro Neto,POR,FW,0,1,381
256,Jorge Sanchez,MEX,DF,0,1,388
257,Chadi Riad,MAR,DF,0,1,390
258,Erik Lira,MEX,MF,0,1,391
259,Aurelien Tchouameni,FRA,MF,0,1,407
260,Pedro Vite,ECU,MF,0,1,407
261,Chancel Mbemba,COD,DF,0,1,409
262,Morgan Rogers,ENG,MF,0,1,411
263,Konrad Laimer,AUT,MF,0,1,412
264,Josip Stanisic,CRO,DF,0,1,413
265,Sadio Mane,SEN,FW,0,1,421
266,Moussa Niakhate,SEN,DF,0,1,459
267,Bruno Fernandes,POR,MF,0,1,471
268,David Moller Wolfe,NOR,DF,0,1,477
269,Marawan Attia,EGY,MF,0,1,495
270,Gustavo Puerta,COL,DF,0,1,520
271,Gabriel Magalhaes,BRA,DF,0,1,520
272,Rodrigo De Paul,ARG,MF,0,1,539
273,Timothy Castagne,BEL,DF,0,1,546
274,Mohamed Hany,EGY,DF,0,1,546
275,Ricardo Rodriguez,SUI,DF,0,1,567
276,Adrien Rabiot,FRA,MF,0,1,657
277,Elliot Anderson,ENG,MF,0,1,713
278,Dayot Upamecano,FRA,DF,0,1,740
279,Aymeric Laporte,ESP,DF,0,1,824
280,Aaron Tshibola,COD,MF,0,0,0
280,Achref Abada,ALG,DF,0,0,0
280,David Affengruber,AUT,DF,0,0,0
280,Aiman Yahya,KSA,FW,0,0,0
280,Mohamed Alaa,EGY,GK,0,0,0
280,Samet Akaydin,TUR,DF,0,0,0
280,Nawaf Alaqidi,KSA,GK,0,0,0
280,Abdallah Alfakhori,JOR,GK,0,0,0
280,Ziyad Aljohani,KSA,MF,0,0,0
280,Ahmed Alkassar,KSA,GK,0,0,0
280,Saleh Alshehri,KSA,FW,0,0,0
280,Nabil Donga,EGY,MF,0,0,0
280,Aurele Amenda,SUI,DF,0,0,0
280,Joseph Anang,GHA,GK,0,0,0
280,Ronald Araujo,URU,DF,0,0,0
280,Jeremy Arevalo,ECU,FW,0,0,0
280,Adam Arous,TUN,DF,0,0,0
280,Khalil Ayari,TUN,MF,0,0,0
280,Christopher Bonsu Baah,GHA,FW,0,0,0
280,Anas Badawi,JOR,DF,0,0,0
280,Bae Junho,KOR,MF,0,0,0
280,Nour Baniateyah,JOR,GK,0,0,0
280,Kosta Barbarouses,NZL,FW,0,0,0
280,Meshaal Barsham,QAT,GK,0,0,0
280,Dylan Batubinsika,COD,DF,0,0,0
280,Oliver Baumann,GER,GK,0,0,0
280,Altay Bayindir,TUR,GK,0,0,0
280,Lachlan Bayliss,NZL,MF,0,0,0
280,Youssef Belammari,MAR,DF,0,0,0
280,Sabri Ben Hessen,TUN,GK,0,0,0
280,Goncalo Inacio,POR,DF,0,0,0
280,Augustine Boakye,GHA,MF,0,0,0
280,Tyrick Bodak,CUW,GK,0,0,0
280,Chris Brady,USA,GK,0,0,0
280,Marcio Rosa,CPV,GK,0,0,0
280,Santiago Bueno,URU,DF,0,0,0
280,Duje Caleta Car,CRO,DF,0,0,0
280,Jorge Carrascal,COL,MF,0,0,0
280,Adalberto Carrasquilla,PAN,MF,0,0,0
280,Denil Castillo,ECU,MF,0,0,0
280,Sipho Chaine,RSA,GK,0,0,0
280,Roozbeh Cheshmi,IRN,MF,0,0,0
280,Raed Chikhaoui,TUN,DF,0,0,0
280,Cho Wije,KOR,DF,0,0,0
280,Logan Costa,CPV,DF,0,0,0
280,Bradley Cross,RSA,DF,0,0,0
280,Rui Silva,POR,GK,0,0,0
280,Dennis Dargahi,IRN,FW,0,0,0
280,Giorgian De Arrascaeta,URU,MF,0,0,0
280,Koni De Winter,BEL,DF,0,0,0
280,Zeno Debast,BEL,DF,0,0,0
280,Milos Degenek,AUS,DF,0,0,0
280,Cameron Devlin,AUS,MF,0,0,0
280,Yehvann Diouf,SEN,GK,0,0,0
280,Willer Ditta,COL,DF,0,0,0
280,Trevor Doornbusch,CUW,GK,0,0,0
280,Stopira,CPV,DF,0,0,0
280,Josue Duverger,HAI,GK,0,0,0
280,Hjalmar Ekdal,SWE,DF,0,0,0
280,Tarek Alaa,EGY,DF,0,0,0
280,Rayan Elloumi,TUN,FW,0,0,0
280,Matthieu Epolo,COD,GK,0,0,0
280,Botirali Ergashev,UZB,GK,0,0,0
280,Martin Erlic,CRO,DF,0,0,0
280,Umar Eshmurodov,UZB,DF,0,0,0
280,Edgardo Farina,PAN,DF,0,0,0
280,Timothy Fayulu,COD,GK,0,0,0
280,Kevin Felida,CUW,MF,0,0,0
280,Gatito Fernandez,PAR,GK,0,0,0
280,Mark Flekken,NED,GK,0,0,0
280,Tyler Fletcher,SCO,MF,0,0,0
280,Toni Fruk,CRO,MF,0,0,0
280,Goncalo Guedes,POR,FW,0,0,0
280,Joan Garcia,ESP,GK,0,0,0
280,Lutsharel Geertruida,NED,DF,0,0,0
280,Jose Maria Gimenez,URU,DF,0,0,0
280,Owen Goodman,CAN,GK,0,0,0
280,Craig Gordon,SCO,GK,0,0,0
280,Ricardo Goss,RSA,GK,0,0,0
280,Alex Grimaldo,ESP,DF,0,0,0
280,Parfait Guiagon,CIV,MF,0,0,0
280,Mert Gunok,TUR,GK,0,0,0
280,Rajaei Ayed,JOR,MF,0,0,0
280,Salah Zakaria,QAT,GK,0,0,0
280,Lucas Hernandez,FRA,DF,0,0,0
280,George Hirst,SCO,FW,0,0,0
280,Lukas Hornicek,CZE,GK,0,0,0
280,Hossein Hosseini,IRN,GK,0,0,0
280,Dominic Hyam,SCO,DF,0,0,0
280,Mahdy Soliman,EGY,GK,0,0,0
280,Danial Iri,IRN,DF,0,0,0
280,Paul Izzo,AUS,GK,0,0,0
280,Kristijan Jakic,CRO,DF,0,0,0
280,Tahsin Mohammed,QAT,FW,0,0,0
280,Jo Hyeonwoo,KOR,GK,0,0,0
280,Viktor Johansson,SWE,GK,0,0,0
280,Herman Johansson,SWE,DF,0,0,0
280,Alfie Jones,CAN,DF,0,0,0
280,David Jurasek,CZE,DF,0,0,0
280,Mladen Jurkas,BIH,GK,0,0,0
280,Samukele Kabini,RSA,DF,0,0,0
280,Gael Kakuta,COD,FW,0,0,0
280,Ngolo Kante,FRA,MF,0,0,0
280,Marvin Keller,SUI,GK,0,0,0
280,Liam Kelly,SCO,GK,0,0,0
280,Kim Taehyeon,KOR,DF,0,0,0
280,Mohamed Kone,CIV,GK,0,0,0
280,Dominik Kotarski,CRO,GK,0,0,0
280,Jan Kuchta,CZE,FW,0,0,0
280,Markhus Lacroix,HAI,DF,0,0,0
280,Lee Donggyeong,KOR,MF,0,0,0
280,Dejan Ljubicic,AUT,MF,0,0,0
280,Hassan Kadish,KSA,DF,0,0,0
280,Kobbie Mainoo,ENG,MF,0,0,0
280,Ali Majrashi,KSA,DF,0,0,0
280,Olwethu Makhanya,RSA,DF,0,0,0
280,Jose Sa,POR,GK,0,0,0
280,Arjany Martha,CUW,MF,0,0,0
280,Emiliano Martinez,URU,MF,0,0,0
280,Melvin Mastil,ALG,GK,0,0,0
280,Thabang Matuludi,RSA,DF,0,0,0
280,Luis Mejia,PAN,GK,0,0,0
280,Santiago Mele,URU,GK,0,0,0
280,Antoine Mendy,SEN,DF,0,0,0
280,Garven Metusala,HAI,DF,0,0,0
280,Roderick Miller,PAN,DF,0,0,0
280,Alvaro Montero,COL,GK,0,0,0
280,Nikola Moro,CRO,MF,0,0,0
280,Nihad Mujakic,BIH,DF,0,0,0
280,Victor Munoz,ESP,FW,0,0,0
280,Mohammed Muntari,QAT,FW,0,0,0
280,Khulumani Ndamane,RSA,DF,0,0,0
280,Cherif Ndiaye,SEN,FW,0,0,0
280,Evan Ndicka,CIV,DF,0,0,0
280,Moutaz Neffati,TUN,DF,0,0,0
280,Payam Niazmand,IRN,GK,0,0,0
280,Alexander Nuebel,GER,GK,0,0,0
280,Gaston Olveira,PAR,GK,0,0,0
280,Keisuke Osako,JPN,GK,0,0,0
280,David Ospina,COL,GK,0,0,0
280,Assan Ouedraogo,GER,MF,0,0,0
280,Ivor Pandur,CRO,GK,0,0,0
280,Wilguens Paugain,HAI,DF,0,0,0
280,Alex Paulsen,NZL,GK,0,0,0
280,Facundo Pellistri,URU,FW,0,0,0
280,Patrick Pentz,AUT,GK,0,0,0
280,Leo Pereira,BRA,DF,0,0,0
280,Alexandre Pierre,HAI,GK,0,0,0
280,Woodensky Pierre,HAI,MF,0,0,0
280,Nando Pijnaker,NZL,DF,0,0,0
280,Joaquin Piquerez,URU,MF,0,0,0
280,Juan Portilla,COL,MF,0,0,0
280,Fahad Talib,IRQ,GK,0,0,0
280,Moises Ramirez,ECU,GK,0,0,0
280,David Raya,ESP,GK,0,0,0
280,Amirmohammad Razaghinia,IRN,MF,0,0,0
280,Robin Roefs,NED,GK,0,0,0
280,Logan Rogerson,NZL,FW,0,0,0
280,Cristian Roldan,USA,MF,0,0,0
280,Alex Rufer,NZL,MF,0,0,0
280,Geronimo Rulli,ARG,GK,0,0,0
280,Ibrahim Sadeh,JOR,MF,0,0,0
280,Carl Sainte,HAI,MF,0,0,0
280,Brice Samba,FRA,GK,0,0,0
280,Cesar Samudio,PAN,GK,0,0,0
280,Ederson,BRA,GK,0,0,0
280,Mamadou Sarr,SEN,DF,0,0,0
280,Alessandro Schoepf,AUT,MF,0,0,0
280,Bremer,BRA,DF,0,0,0
280,Eric Smith,SWE,DF,0,0,0
280,Hugo Sochurek,CZE,MF,0,0,0
280,Song Bumkeun,KOR,GK,0,0,0
280,John Souttar,SCO,DF,0,0,0
280,Kelvin Pires,CPV,DF,0,0,0
280,Dayne St Clair,CAN,GK,0,0,0
280,Jindrich Stanek,CZE,GK,0,0,0
280,Abdul Mumin,GHA,DF,0,0,0
280,Michael Svoboda,AUT,DF,0,0,0
280,Ahmed Reda Tagnaouti,MAR,GK,0,0,0
280,Mohammad Abughoush,JOR,MF,0,0,0
280,Sander Tangvik,NOR,GK,0,0,0
280,Keeto Thermoncy,HAI,DF,0,0,0
280,Jehad Thikri,KSA,DF,0,0,0
280,Yassine Titraoui,ALG,MF,0,0,0
280,Mohamed Amine Tougai,ALG,DF,0,0,0
280,James Trafford,ENG,GK,0,0,0
280,Avazbek Ulmasaliyev,UZB,DF,0,0,0
280,Anthony Valencia,ECU,MF,0,0,0
280,Gonzalo Valle,ECU,GK,0,0,0
280,Ben Waine,NZL,FW,0,0,0
280,Joel Waterman,CAN,DF,0,0,0
280,Mats Wieffer,NED,DF,0,0,0
280,Florian Wiegele,AUT,GK,0,0,0
280,Michael Woud,NZL,GK,0,0,0
280,Cesar Yanis,PAN,MF,0,0,0
280,Rodrigo Zalazar,URU,MF,0,0,0
280,Martin Zlomislic,BIH,GK,0,0,0
510,Fabian Balbuena,PAR,DF,0,0,0
512,Baba Rahman,GHA,DF,0,0,1
513,Borja Iglesias,ESP,FW,0,0,1
514,Marcus Thuram,FRA,FW,0,0,2
515,Mathew Ryan,AUS,GK,0,0,2
516,Max Arfsten,USA,DF,0,0,2
517,Yerry Mina,COL,DF,0,0,2
518,Fares Ghedjemis,ALG,FW,0,0,2
519,Sherzod Esanov,UZB,MF,0,0,3
520,Marc Pubill,ESP,DF,0,0,3
522,Matheus Nunes,POR,MF,0,0,4
523,Haji Wright,USA,FW,0,0,4
524,Gustaf Nilsson,SWE,FW,0,0,5
525,Trevoh Chalobah,ENG,DF,0,0,6
526,Brandley Kuwas,CUW,FW,0,0,6
527,Shurandy Sambo,CUW,DF,0,0,6
528,Ibrahim Adel,EGY,FW,0,0,7
529,Irfan Can Kahveci,TUR,FW,0,0,7
530,Ross Stewart,SCO,FW,0,0,7
531,Andres Gomez,COL,FW,0,0,7
532,Rodrigo Aguirre,URU,FW,0,0,8
533,Khalid Alghannam,KSA,FW,0,0,8
534,Alberto Quintero,PAN,MF,0,0,8
535,Maghnes Akliouche,FRA,MF,0,0,10
536,Carl Starfelt,SWE,DF,0,0,10
537,Gedeon Kalulu,COD,DF,0,0,10
539,Marten De Roon,NED,MF,0,0,11
540,Anibal Godoy,PAN,MF,0,0,11
542,Keisuke Goto,JPN,FW,0,0,11
543,Mohammad Abuzraiq,JOR,FW,0,0,12
544,Godfried Roemeratoe,CUW,MF,0,0,12
545,Jordan Henderson,ENG,MF,0,0,12
546,Christian Fassnacht,SUI,FW,0,0,12
548,Jens Petter Hauge,NOR,MF,0,0,12
549,Amir Hadziahmetovic,BIH,MF,0,0,12
550,Mojmir Chytil,CZE,FW,0,0,12
551,Jayden Nelson,CAN,FW,0,0,12
552,Cesar Huerta,MEX,FW,0,0,12
554,Kento Shiogai,JPN,FW,0,0,12
555,Felix Torres,ECU,DF,0,0,12
556,Lucas Mendes,QAT,DF,0,0,13
557,Mohammad Abuhasheesh,JOR,DF,0,0,13
558,Kamogelo Sebelebele,RSA,FW,0,0,13
559,Yassin Fortune,HAI,FW,0,0,13
561,Derrick Etienne,HAI,FW,0,0,14
562,Eric Davis,PAN,DF,0,0,14
563,Alex Sandro,BRA,DF,0,0,15
564,Caglar Soyuncu,TUR,DF,0,0,15
565,Mohammad Aldaoud,JOR,MF,0,0,15
566,Mohamed Abdelmoneim,EGY,DF,0,0,15
567,Assane Diao,SEN,FW,0,0,16
568,Bamba Dieng,SEN,FW,0,0,16
569,Jamshid Iskanderov,UZB,MF,0,0,16
570,Noa Lang,NED,FW,0,0,17
571,Yuito Suzuki,JPN,MF,0,0,17
572,Jonathan Osorio,CAN,MF,0,0,17
573,Callan Elliot,NZL,DF,0,0,18
574,Alejandro Romero Gamarra,PAR,FW,0,0,18
575,Guillermo Ochoa,MEX,GK,0,0,18
576,Alexis Vega,MEX,FW,0,0,18
577,Themba Zwane,RSA,MF,0,0,19
578,Jean Michael Seri,CIV,MF,0,0,19
579,David Zima,CZE,DF,0,0,19
580,Amer Jamous,JOR,MF,0,0,19
581,Ramon Sosa,PAR,MF,0,0,19
582,Tyrese Noslin,CUW,FW,0,0,19
583,Mohanad Ali,IRQ,FW,0,0,20
584,Roshon Van Eijma,CUW,DF,0,0,20
585,Kenji Gorre,CUW,FW,0,0,20
586,Kendry Paez,ECU,MF,0,0,20
587,Findlay Curtis,SCO,FW,0,0,21
588,Armando Gonzalez,MEX,FW,0,0,21
589,Alphonso Davies,CAN,DF,0,0,22
590,Saed Alrosan,JOR,DF,0,0,22
592,Alex Zendejas,USA,FW,0,0,22
593,Zakaria El Ouahdi,MAR,DF,0,0,22
594,Simon Adingra,CIV,FW,0,0,22
595,Ken Sema,SWE,MF,0,0,22
596,Shuto Machino,JPN,FW,0,0,23
597,Luka Sucic,CRO,MF,0,0,23
598,Anthony Ralston,SCO,DF,0,0,23
599,Azizbek Amonov,UZB,FW,0,0,23
600,Pascal Gross,GER,MF,0,0,24
601,Valentin Barco,ARG,MF,0,0,24
602,Aimar Sher,IRQ,MF,0,0,24
603,Mustafa Saadoon,IRQ,DF,0,0,24
604,Almoez Ali,QAT,FW,0,0,24
605,Yang Hyunjun,KOR,MF,0,0,25
606,Haris Tabakovic,BIH,FW,0,0,25
607,Noah Okafor,SUI,FW,0,0,25
608,Samir Chergui,ALG,DF,0,0,25
609,Samu Costa,POR,DF,0,0,26
610,Senne Lammens,BEL,GK,0,0,26
611,Amirhossein Hosseinzadeh,IRN,FW,0,0,26
612,Dzenis Burnic,BIH,MF,0,0,27
613,Evann Guessand,CIV,FW,0,0,27
614,Mortadha Ben Ouanes,TUN,DF,0,0,27
615,Kevin Castano,COL,MF,0,0,28
616,Adil Boulbina,ALG,FW,0,0,28
617,Braian Ojeda,PAR,MF,0,0,28
618,Sondre Langas,NOR,DF,0,0,29
619,Kevin Yakob,IRQ,MF,0,0,29
620,Eric Garcia,ESP,DF,0,0,29
621,Mehdi Torabi,IRN,MF,0,0,29
622,Martin Zubimendi,ESP,MF,0,0,29
623,Marco Friedl,AUT,DF,0,0,30
627,Awer Mabil,AUS,FW,0,0,31
628,Luis Chavez,MEX,MF,0,0,31
629,Mohamed Amoura,ALG,FW,0,0,31
630,Duckens Nazon,HAI,FW,0,0,31
631,Francis De Vries,NZL,DF,0,0,32
632,Francisco Trincao,POR,FW,0,0,32
633,Justin Kluivert,NED,MF,0,0,32
635,Youssef Amyn,IRQ,MF,0,0,32
636,Maximilian Beier,GER,FW,0,0,33
639,Tete Yengi,AUS,FW,0,0,33
640,Ayoube Amaimouni,MAR,FW,0,0,33
641,Samed Bazdar,BIH,FW,0,0,35
642,Guus Til,NED,MF,0,0,36
643,Bara Sapoko Ndiaye,SEN,MF,0,0,36
644,Jackson Porozo,ECU,DF,0,0,36
645,Joaquin Seys,BEL,DF,0,0,36
646,Jamie Leweling,GER,MF,0,0,37
647,Jean Philippe Mateta,FRA,FW,0,0,38
648,Ederson Silva,BRA,MF,0,0,38
649,Zineddine Belaid,ALG,DF,0,0,38
651,Ali Yousif,IRQ,FW,0,0,38
652,Luiz Henrique,BRA,FW,0,0,38
653,Ahmed Maknazi,IRQ,DF,0,0,38
654,Eray Coemert,SUI,DF,0,0,39
655,Patrick Wimmer,AUT,FW,0,0,39
656,Jordy Caicedo,ECU,FW,0,0,40
657,Oumar Diakite,CIV,FW,0,0,40
658,Ahmed Alganehi,QAT,MF,0,0,41
659,Alhashmi Alhussein,QAT,DF,0,0,41
660,Alexander Prass,AUT,MF,0,0,41
662,Cho Guesung,KOR,FW,0,0,41
664,Rebin Sulaka,IRQ,DF,0,0,41
666,Ali Alipour,IRN,FW,0,0,42
667,Axel Witsel,BEL,MF,0,0,42
668,Jorrel Hato,NED,DF,0,0,43
669,Tomas Chory,CZE,FW,0,0,43
670,Saleem Obaid,JOR,DF,0,0,43
671,Ala Alhajji,KSA,MF,0,0,43
672,Park Jinseob,KOR,DF,0,0,44
673,Nick Woltemade,GER,FW,0,0,44
674,Gervane Kastaneer,CUW,FW,0,0,45
675,Charles Pickel,COD,MF,0,0,45
677,Orbelin Pineda,MEX,MF,0,0,45
678,Taha Ali,SWE,FW,0,0,46
679,Igor Sergeev,UZB,FW,0,0,46
681,Theo Bongonda,COD,MF,0,0,47
682,Roger Ibanez,BRA,DF,0,0,49
683,Dylan Bronn,TUN,DF,0,0,49
684,Simon Banza,COD,FW,0,0,49
685,Lyndon Dykes,SCO,FW,0,0,49
686,Matias Vina,URU,DF,0,0,49
687,Jordy Alcivar,ECU,MF,0,0,49
688,Morten Thorsby,NOR,MF,0,0,50
689,Sontje Hansen,CUW,FW,0,0,50
690,Fredrik Andre Bjorkan,NOR,DF,0,0,50
691,Malick Thiaw,GER,DF,0,0,50
692,Mehdi Ghayedi,IRN,FW,0,0,50
694,Deniz Gul,TUR,FW,0,0,50
695,Jearl Margaritha,CUW,FW,0,0,50
696,Castrop Jens,KOR,DF,0,0,51
698,Abdulaziz Hatem,QAT,MF,0,0,51
699,Arya Yousefi,IRN,DF,0,0,51
700,Sergio Rochet,URU,GK,0,0,51
701,Angelo Stiller,GER,MF,0,0,52
702,Ismael Diaz,PAN,MF,0,0,52
703,Mohamed Hadj Mahmoud,TUN,MF,0,0,52
704,Tomas Rodriguez,PAN,FW,0,0,53
705,Eom Jisung,KOR,MF,0,0,53
706,Yaimar Medina,ECU,DF,0,0,53
707,Isidro Pitta,PAR,FW,0,0,55
708,Can Uzun,TUR,FW,0,0,55
709,Ahmed Alaaeldin,QAT,FW,0,0,55
710,Farrukh Sayfiev,UZB,DF,0,0,55
711,Matias Fernandez Pardo,BEL,FW,0,0,57
712,Junnosuke Suzuki,JPN,DF,0,0,58
713,Wout Weghorst,NED,FW,0,0,58
714,Vladimir Darida,CZE,MF,0,0,58
715,Alireza Jahanbakhsh,IRN,MF,0,0,58
716,Elias Achouri,TUN,FW,0,0,58
717,Dan Burn,ENG,DF,0,0,59
718,Denis Visinsky,CZE,FW,0,0,59
719,Alan Minda,ECU,MF,0,0,59
720,Lyle Foster,RSA,FW,0,0,59
721,Kojo Peprah Oppong,GHA,DF,0,0,61
722,Mathieu Choiniere,CAN,MF,0,0,61
723,Brian Rodriguez,URU,FW,0,0,61
724,Cedric Itten,SUI,FW,0,0,62
725,Prince Adu,GHA,FW,0,0,62
726,Marko Farji,IRQ,FW,0,0,62
727,Kim Jingyu,KOR,MF,0,0,64
728,Alex Arce,PAR,FW,0,0,64
729,Igor Thiago,BRA,FW,0,0,65
730,Ollie Watkins,ENG,FW,0,0,65
731,Firas Chaouat,TUN,FW,0,0,66
732,Waldemar Anton,GER,DF,0,0,66
733,Mathew Leckie,AUS,FW,0,0,67
734,Dominique Simon,HAI,MF,0,0,68
735,Quinten Timber,NED,MF,0,0,68
736,Besfort Zeneli,SWE,MF,0,0,69
737,Ibrahima Konate,FRA,DF,0,0,69
738,Alexandro Maidana,PAR,DF,0,0,69
739,Joris Kayembe,COD,DF,0,0,69
740,Telmo Arcanjo,CPV,MF,0,0,69
742,Sultan Mandash,KSA,FW,0,0,71
743,Henrik Falchener,NOR,DF,0,0,71
744,Luka Vuskovic,CRO,DF,0,0,71
747,Danilo Santos,BRA,MF,0,0,73
748,Hossam Abdelmaguid,EGY,DF,0,0,73
749,Kim Moonhwan,KOR,DF,0,0,74
750,Ayoub El Kaabi,MAR,FW,0,0,74
751,Mohammad Abualnadi,JOR,DF,0,0,75
752,Kristian Thorstvedt,NOR,MF,0,0,75
753,Jason Geria,AUS,DF,0,0,75
755,Oston Urunov,UZB,MF,0,0,75
756,Ruben Neves,POR,MF,0,0,76
757,Azarias Londono,PAN,FW,0,0,76
758,Diego Moreira,BEL,MF,0,0,76
759,Ali Azaizeh,JOR,FW,0,0,78
760,Diogo Dalot,POR,DF,0,0,78
761,Aaron Hickey,SCO,DF,0,0,79
762,Jesse Randall,NZL,FW,0,0,79
765,Kai Trewin,AUS,DF,0,0,81
766,Nico Paz,ARG,FW,0,0,81
767,Andrej Kramaric,CRO,FW,0,0,81
768,Brenden Aaronson,USA,FW,0,0,82
769,Hamza Abdelkarim,EGY,FW,0,0,83
770,Yeremy Pino,ESP,FW,0,0,83
771,Zizo,EGY,FW,0,0,84
772,Jeremy Antonisse,CUW,FW,0,0,85
774,Gavi,ESP,MF,0,0,85
775,Cecilio Waterman,PAN,FW,0,0,85
776,Obed Vargas,MEX,MF,0,0,85
780,Ardon Jashari,SUI,MF,0,0,87
781,Guillermo Martinez,MEX,FW,0,0,87
782,Nishan Velupillay,AUS,FW,0,0,88
784,Abdullah Alhamddan,KSA,FW,0,0,88
785,Munaf Younus,IRQ,DF,0,0,89
786,Luca Jaquez,SUI,DF,0,0,89
787,Santiago Arias,COL,DF,0,0,89
788,Ivan Toney,ENG,FW,0,0,89
789,Timothy Weah,USA,FW,0,0,90
791,Garry Rodrigues,CPV,MF,0,0,90
792,Jorge Gutierrez,PAN,DF,0,0,90
793,Ajdin Hrustic,AUS,FW,0,0,90
794,Odiljon Xamrobekov,UZB,MF,0,0,90
795,Mohamed Manai,QAT,FW,0,0,91
796,Alidu Seidu,GHA,DF,0,0,92
797,Gilson Benchimol,CPV,FW,0,0,93
800,Bazoumana Toure,CIV,FW,0,0,94
801,Pape Matar Sarr,SEN,MF,0,0,94
802,Antonio Sanabria,PAR,FW,0,0,95
803,Fabinho,BRA,MF,0,0,95
804,Armin Gigovic,BIH,MF,0,0,95
806,Oguz Aydin,TUR,FW,0,0,97
807,Ayumu Seko,JPN,DF,0,0,97
808,Sebastian Tounekti,TUN,MF,0,0,98
809,Fidel Escobar,PAN,DF,0,0,98
810,Deiver Machado,COL,DF,0,0,99
811,Wagner Pina,CPV,DF,0,0,99
812,Stepan Chaloupek,CZE,DF,0,0,99
813,Tsuyoshi Watanabe,JPN,DF,0,0,99
814,David Doudera,CZE,DF,0,0,100
815,Exequiel Palacios,ARG,MF,0,0,100
817,Egil Selvik,NOR,GK,0,0,100
818,Ousmane Diomande,CIV,DF,0,0,100
818,Christopher Operi,CIV,DF,0,0,100
820,Riechedly Bazoer,CUW,DF,0,0,100
821,Tomas Araujo,POR,DF,0,0,100
822,Mouhib Chamakh,TUN,GK,0,0,100
823,Joe Scally,USA,DF,0,0,100
824,Pervis Estupinan,ECU,DF,0,0,100
825,Oussama Benbot,ALG,GK,0,0,100
826,Nkosinathi Sibisi,RSA,DF,0,0,101
827,Zeki Amdouni,SUI,FW,0,0,101
828,Florian Grillitsch,AUT,MF,0,0,102
829,Dean Henderson,ENG,GK,0,0,102
830,Scott Mckenna,SCO,DF,0,0,102
831,Yunus Akgun,TUR,FW,0,0,103
832,Seko Fofana,CIV,MF,0,0,103
833,Ryan Thomas,NZL,MF,0,0,103
834,Ehsan Hajisafi,IRN,DF,0,0,104
835,Mohammad Ghorbani,IRN,MF,0,0,104
836,Nawaf Bu Washl,KSA,DF,0,0,104
837,Ozan Kabak,TUR,DF,0,0,104
837,Mark Mckenzie,USA,DF,0,0,104
837,Miles Robinson,USA,DF,0,0,104
837,Matt Turner,USA,GK,0,0,104
841,Frans Putros,IRQ,DF,0,0,105
842,Utkir Yusupov,UZB,GK,0,0,105
843,Yusuf Abdurisag,QAT,FW,0,0,105
844,Saleh Hardani,IRN,DF,0,0,107
845,Carney Chukwuemeka,AUT,MF,0,0,108
846,Shahriyar Moghanloo,IRN,FW,0,0,108
847,Jhon Cordoba,COL,FW,0,0,108
848,Jakhongir Urozov,UZB,DF,0,0,112
849,Ben Old,NZL,MF,0,0,112
850,Karim Boudiaf,QAT,MF,0,0,114
851,Ryan Christie,SCO,MF,0,0,114
852,Daniel Svensson,SWE,DF,0,0,114
853,Anis Hadj Moussa,ALG,FW,0,0,114
854,Marco Pasalic,CRO,FW,0,0,114
855,Miro Muheim,SUI,DF,0,0,115
856,Kieran Tierney,SCO,DF,0,0,115
857,Nicolas De La Cruz,URU,MF,0,0,115
858,Gustavo Caballero,PAR,MF,0,0,117
859,Jorgen Strand Larsen,NOR,FW,0,0,117
860,Santiago Gimenez,MEX,FW,0,0,117
861,Tyler Bindon,NZL,DF,0,0,120
862,Lee Taeseok,KOR,DF,0,0,120
863,Salih Ozcan,TUR,MF,0,0,120
864,Dostonbek Khamdamov,UZB,MF,0,0,120
865,Joao Paulo,CPV,MF,0,0,121
866,Samir El Mourabet,MAR,MF,0,0,121
867,Leon Goretzka,GER,MF,0,0,122
868,Hwang Heechan,KOR,MF,0,0,123
869,David Raum,GER,DF,0,0,123
870,Elias Saad,TUN,FW,0,0,124
871,Jaouen Hadjam,ALG,DF,0,0,125
872,Lee Jaesung,KOR,MF,0,0,125
873,Igor Matanovic,CRO,FW,0,0,125
874,Jacob Shaffelburg,CAN,MF,0,0,126
875,Ramiz Zerrouki,ALG,MF,0,0,126
876,Marcos Senesi,ARG,DF,0,0,126
877,Zaid Ismael,IRQ,MF,0,0,126
878,Amadou Onana,BEL,MF,0,0,127
879,Elye Wahi,CIV,FW,0,0,127
880,Warren Zaire Emery,FRA,MF,0,0,128
881,Louicius Deedson,HAI,FW,0,0,129
882,Jayden Adams,RSA,MF,0,0,130
883,Mert Muldur,TUR,DF,0,0,132
884,Bernardo Silva,POR,MF,0,0,133
885,Eren Elmali,TUR,DF,0,0,134
886,Homam Ahmed,QAT,DF,0,0,134
887,Lenny Joseph,HAI,FW,0,0,134
888,Ahmed Qasem,IRQ,FW,0,0,135
889,Kamaldeen Sulemana,GHA,FW,0,0,136
890,Angelo Preciado,ECU,DF,0,0,137
891,Lukas Provod,CZE,MF,0,0,137
892,Inaki Williams,GHA,FW,0,0,140
893,Assim Madibo,QAT,MF,0,0,140
894,Azizjon Ganiev,UZB,MF,0,0,140
895,Ismael Gharbi,TUN,MF,0,0,142
896,Jaroslav Zeleny,CZE,DF,0,0,142
897,Hicham Boudaoui,ALG,MF,0,0,143
898,Malo Gusto,FRA,DF,0,0,143
899,Raphinha,BRA,FW,0,0,143
900,Kerem Akturkoglu,TUR,FW,0,0,143
901,Kenny Mclean,SCO,MF,0,0,144
902,Ali Jasim,IRQ,FW,0,0,144
903,Teun Koopmeiners,NED,MF,0,0,145
904,Endrick,BRA,FW,0,0,146
905,Jesper Karlstrom,SWE,MF,0,0,147
906,Niko Sigur,CAN,DF,0,0,147
907,Jovane Cabral,CPV,MF,0,0,148
908,Ahmed Basil,IRQ,GK,0,0,149
909,Benjamin Nygren,SWE,MF,0,0,149
910,Cameron Burgess,AUS,DF,0,0,152
911,Tomas Soucek,CZE,MF,0,0,152
912,Mahmoud Almardi,JOR,FW,0,0,152
913,Ismail Yuksek,TUR,MF,0,0,153
914,Mohammed Abu Alshamat,KSA,DF,0,0,153
915,Hossein Kanani,IRN,DF,0,0,154
916,Jalal Hassan,IRQ,GK,0,0,154
917,Lawrence Ati Zigi,GHA,GK,0,0,155
918,Khojiakbar Alijonov,UZB,DF,0,0,155
919,Willy Semedo,CPV,MF,0,0,156
920,Mario Pasalic,CRO,MF,0,0,158
921,Che Adams,SCO,FW,0,0,160
922,Phillip Mwene,AUT,DF,0,0,160
923,Ismael Kone,CAN,MF,0,0,160
924,Rani Khedira,TUN,MF,0,0,162
925,Abdul Fatawu,GHA,FW,0,0,163
926,Ahmed Fathy,QAT,MF,0,0,163
927,Nathanael Mbuku,COD,MF,0,0,163
928,Francisco Conceicao,POR,FW,0,0,163
929,Odeh Fakhoury,JOR,FW,0,0,163
930,Nelson Semedo,POR,DF,0,0,164
931,Zaid Tahseen,IRQ,DF,0,0,165
932,Elisha Owusu,GHA,MF,0,0,166
933,Jassem Gaber,QAT,DF,0,0,166
934,Sultan Albrake,QAT,DF,0,0,167
935,Musab Aljuwayr,KSA,MF,0,0,167
936,Frantzdy Pierrot,HAI,FW,0,0,168
937,Rayan Cherki,FRA,MF,0,0,169
938,Tomas Holes,CZE,DF,0,0,169
939,Gabriel Avalos,PAR,FW,0,0,170
940,Ayoub Aloui,QAT,DF,0,0,170
941,Carlens Arcus,HAI,DF,0,0,171
942,Adam Hlozek,CZE,FW,0,0,172
943,Lukas Cerv,CZE,MF,0,0,172
944,Edouard Mendy,SEN,GK,0,0,172
945,Zeki Celik,TUR,DF,0,0,173
946,Callum Mccowatt,NZL,MF,0,0,173
947,Hussein Ali,IRQ,DF,0,0,174
948,Sofyan Amrabat,MAR,MF,0,0,175
949,Richard Rios,COL,MF,0,0,175
950,Jose Fajardo,PAN,FW,0,0,176
951,Liam Millar,CAN,MF,0,0,176
952,Michel Aebischer,SUI,MF,0,0,176
953,Edo Kayembe,COD,MF,0,0,177
954,Josko Gvardiol,CRO,DF,0,0,177
955,Ali Lajami,KSA,DF,0,0,177
956,Ferdi Kadioglu,TUR,DF,0,0,179
957,Cristian Volpato,AUS,FW,0,0,180
958,Jurien Gaari,CUW,DF,0,0,180
959,Nuno Da Costa,CPV,MF,0,0,180
960,Kalidou Koulibaly,SEN,DF,0,0,181
961,Yukinari Sugawara,JPN,DF,0,0,181
962,Iqraam Rayners,RSA,FW,0,0,182
963,Darwin Nunez,URU,FW,0,0,182
964,Mohamed Toure,AUS,FW,0,0,182
965,Jacob Italiano,AUS,DF,0,0,183
966,Elliot Stroud,SWE,DF,0,0,183
967,Lawrence Shankland,SCO,FW,0,0,183
968,Son Heungmin,KOR,FW,0,0,183
969,Relebohile Mofokeng,RSA,FW,0,0,184
970,Jiovany Ramos,PAN,DF,0,0,186
971,Cesar Blackman,PAN,DF,0,0,187
972,Laros Duarte,CPV,MF,0,0,187
973,Nathan Ake,NED,DF,0,0,189
974,Husam Abudahab,JOR,DF,0,0,190
975,Joshua Brenet,CUW,DF,0,0,193
976,Dodi Lukebakio,BEL,FW,0,0,194
977,Edin Dzeko,BIH,FW,0,0,196
978,Donyell Malen,NED,FW,0,0,197
979,Manuel Ugarte,URU,MF,0,0,197
980,Aymen Dahmen,TUN,GK,0,0,198
981,Jose Canale,PAR,DF,0,0,198
982,Dailon Livramento,CPV,FW,0,0,198
983,Patrik Schick,CZE,FW,0,0,199
984,Jacob Widell Zetterstrom,SWE,GK,0,0,200
985,Kristoffer Nordfeldt,SWE,GK,0,0,200
986,Ali Alhamadi,IRQ,FW,0,0,201
987,Steve Kapuadi,COD,DF,0,0,201
988,El Hadji Malick Diouf,SEN,DF,0,0,202
989,Behruzjon Karimov,UZB,DF,0,0,203
990,Abdullah Alkhaibari,KSA,MF,0,0,203
991,Grant Hanley,SCO,DF,0,0,203
992,Nathan Patterson,SCO,DF,0,0,204
993,Ben Gannon Doak,SCO,FW,0,0,204
994,Sherzod Nasrullaev,UZB,DF,0,0,206
995,Abduvohid Nematov,UZB,GK,0,0,206
996,Abdulla Abdullaev,UZB,DF,0,0,206
997,Philipp Lienhart,AUT,DF,0,0,207
998,Takehiro Tomiyasu,JPN,DF,0,0,208
999,Redouane Halhal,MAR,DF,0,0,208
1000,Josue Casimir,HAI,FW,0,0,208
1001,Hakan Calhanoglu,TUR,MF,0,0,208
1001,Merih Demiral,TUR,DF,0,0,208
1003,Jarell Quansah,ENG,DF,0,0,208
1004,Pavel Sulc,CZE,FW,0,0,209
1005,Zidane Iqbal,IRQ,MF,0,0,210
1006,Cedric Bakambu,COD,FW,0,0,210
1007,Silvan Widmer,SUI,DF,0,0,210
1008,Stjepan Radeljic,BIH,DF,0,0,211
1009,Federico Vinas,URU,FW,0,0,211
1010,Moteb Alharbi,KSA,DF,0,0,213
1011,Paik Seungho,KOR,MF,0,0,216
1012,Damian Bobadilla,PAR,MF,0,0,216
1013,Giuliano Simeone,ARG,FW,0,0,217
1014,Joao Felix,POR,FW,0,0,218
1015,Ngalayel Mukau,COD,MF,0,0,220
1016,Moise Bombito,CAN,DF,0,0,221
1017,Ivan Sunjic,BIH,MF,0,0,221
1018,Mohamed Amine Ben Hmida,TUN,DF,0,0,221
1019,Ao Tanaka,JPN,MF,0,0,225
1020,Brian Gutierrez,MEX,MF,0,0,226
1021,Sarpreet Singh,NZL,MF,0,0,227
1022,Saman Ghoddos,IRN,MF,0,0,228
1023,Nasser Aldawsari,KSA,MF,0,0,230
1024,Pathe Ciss,SEN,MF,0,0,232
1025,Lucas Herrington,AUS,DF,0,0,232
1026,Alexander Bernhardsson,SWE,DF,0,0,233
1027,Milad Mohammadi,IRN,DF,0,0,235
1028,Gilberto Mora,MEX,MF,0,0,236
1029,Michael Boxall,NZL,DF,0,0,237
1030,Ruben Providence,HAI,FW,0,0,237
1031,Israel Reyes,MEX,DF,0,0,237
1032,Juan Manuel Sanabria,URU,MF,0,0,237
1033,Liberato Cacace,NZL,DF,0,0,237
1034,Isak Hien,SWE,DF,0,0,237
1035,Hassan Altambakti,KSA,DF,0,0,237
1036,Anass Salah Eddine,MAR,DF,0,0,240
1037,Christ Inao Oulai,CIV,MF,0,0,240
1038,Evidence Makgopa,RSA,FW,0,0,241
1039,Aziz Behich,AUS,DF,0,0,245
1040,Ricardo Pepi,USA,FW,0,0,247
1041,Julian Ryerson,NOR,FW,0,0,248
1042,Kenan Yildiz,TUR,FW,0,0,249
1043,Juergen Locadia,CUW,FW,0,0,250
1044,Jose Luis Rodriguez,PAN,MF,0,0,251
1045,Sphephelo Sithole,RSA,MF,0,0,252
1046,Joel Ordonez,ECU,DF,0,0,253
1047,Amar Memic,BIH,MF,0,0,254
1048,Jackson Irvine,AUS,MF,0,0,255
1049,Andy Robertson,SCO,DF,0,0,255
1050,Mohamed Kanno,KSA,MF,0,0,256
1051,Ismail Jakobs,SEN,DF,0,0,257
1052,Jonas Adjetey,GHA,DF,0,0,257
1053,Anis Slimane,TUN,MF,0,0,257
1054,Ali Ahmed,CAN,FW,0,0,258
1055,Ange Yoan Bonny,CIV,FW,0,0,258
1056,Benjamin Asare,GHA,GK,0,0,259
1057,Ibrahim Bayesh,IRQ,MF,0,0,259
1058,Deveron Fonville,CUW,DF,0,0,260
1059,Hamdy Fathy,EGY,MF,0,0,260
1060,Fernando Muslera,URU,GK,0,0,261
1061,Feras Albrikan,KSA,FW,0,0,262
1062,Esmir Bajraktarevic,BIH,FW,0,0,262
1063,Cristian Martinez,PAN,MF,0,0,264
1064,Benjamin Tahirovic,BIH,MF,0,0,266
1065,Tahith Chong,CUW,MF,0,0,267
1066,Shogo Taniguchi,JPN,DF,0,0,267
1067,Ellyes Skhiri,TUN,MF,0,0,267
1068,Thiago Almada,ARG,FW,0,0,267
1069,Otabek Shukurov,UZB,MF,0,0,268
1070,Arthur Theate,BEL,DF,0,0,268
1071,Kim Minjae,KOR,DF,0,0,268
1072,Akram Afif,QAT,FW,0,0,269
1073,Alan Franco,ECU,MF,0,0,270
1074,Paul Wanner,AUT,MF,0,0,270
1075,Edgar Yoel Barcenas,PAN,MF,0,0,272
1076,Federico Valverde,URU,MF,0,0,272
1077,Yan Valery,TUN,DF,0,0,274
1078,Seol Youngwoo,KOR,DF,0,0,274
1079,Joe Bell,NZL,MF,0,0,275
1080,Salem Aldawsari,KSA,FW,0,0,276
1081,Maxence Lacroix,FRA,DF,0,0,276
1082,Djibril Sow,SUI,MF,0,0,276
1083,Edson Alvarez,MEX,DF,0,0,278
1084,Oscar Bobb,NOR,MF,0,0,279
1085,Juninho Bacuna,CUW,MF,0,0,280
1086,Kwasi Sibo,GHA,MF,0,0,282
1087,Kevin Danso,AUT,DF,0,0,284
1088,Abdallah Nasib,JOR,DF,0,0,287
1089,Mory Diaw,SEN,GK,0,0,287
1090,Oswin Appollis,RSA,FW,0,0,287
1091,Rustam Ashurmatov,UZB,DF,0,0,288
1092,Danley Jean Jacques,HAI,MF,0,0,288
1093,Tani Oluwaseyi,CAN,FW,0,0,288
1094,Micky Van De Ven,NED,DF,0,0,291
1095,Jean Ricner Bellegarde,HAI,MF,0,0,292
1096,Tarik Muharemovic,BIH,DF,0,0,292
1097,Ali Abdi,TUN,DF,0,0,293
1098,Mehdi Taremi,IRN,FW,0,0,293
1099,Gustavo Velazquez,PAR,DF,0,0,293
1100,Thalente Mbatha,RSA,MF,0,0,293
1101,Carlos Harvey,PAN,DF,0,0,295
1102,Mohannad Abutaha,JOR,MF,0,0,296
1103,Theo Hernandez,FRA,DF,0,0,296
1104,Noah Sadiki,COD,MF,0,0,297
1105,Saeid Ezatolahi,IRN,MF,0,0,298
1106,Montassar Talbi,TUN,DF,0,0,298
1107,Kim Seunggyu,KOR,GK,0,0,300
1107,Lee Hanbeom,KOR,DF,0,0,300
1107,Lee Gihyuk,KOR,MF,0,0,300
1110,Aleksandar Pavlovic,GER,MF,0,0,300
1111,Abdulkerim Bardakci,TUR,DF,0,0,300
1112,Leandro Bacuna,CUW,MF,0,0,300
1112,Sherel Floranus,CUW,DF,0,0,300
1112,Armando Obispo,CUW,DF,0,0,300
1112,Eloy Room,CUW,GK,0,0,300
1116,Saud Abdulhamid,KSA,DF,0,0,300
1117,Antonio Ruediger,GER,DF,0,0,300
1118,Robin Hranac,CZE,DF,0,0,301
1118,Matej Kovar,CZE,GK,0,0,301
1120,Ahmed Fatouh,EGY,DF,0,0,301
1121,Luca Zidane,ALG,GK,0,0,302
1122,Marko Stamenic,NZL,MF,0,0,302
1123,Ghislain Konan,CIV,DF,0,0,303
1124,Andres Andrade,PAN,DF,0,0,303
1124,Jose Cordoba,PAN,DF,0,0,303
1124,Orlando Mosquera,PAN,GK,0,0,303
1124,Amir Murillo,PAN,DF,0,0,303
1128,Akam Hashim,IRQ,DF,0,0,303
1128,Merchas Doski,IRQ,DF,0,0,303
1130,Miguel Almiron,PAR,MF,0,0,306
1131,Mohammed Alowais,KSA,GK,0,0,306
1132,Max Crocombe,NZL,GK,0,0,306
1133,Lewis Ferguson,SCO,MF,0,0,306
1133,Angus Gunn,SCO,GK,0,0,306
1133,Jack Hendry,SCO,DF,0,0,306
1133,Scott Mctominay,SCO,MF,0,0,306
1137,Ricardo Ade,HAI,DF,0,0,306
1137,Hannes Delcroix,HAI,DF,0,0,306
1137,Martin Experience,HAI,DF,0,0,306
1137,Johny Placide,HAI,GK,0,0,306
1141,Thomas Partey,GHA,MF,0,0,307
1142,Nicolas Otamendi,ARG,DF,0,0,308
1143,Emmanuel Agbadou,CIV,DF,0,0,308
1144,Yazeed Abulaila,JOR,GK,0,0,309
1144,Yazan Alarab,JOR,DF,0,0,309
1146,Shoja Khalilzadeh,IRN,DF,0,0,309
1146,Ali Nemati,IRN,DF,0,0,309
1146,Alireza Beiranvand,IRN,GK,0,0,309
1149,Mahmoud Abunada,QAT,GK,0,0,310
1149,Pedro Miguel,QAT,DF,0,0,310
1149,Boualem Khoukhi,QAT,DF,0,0,310
1149,Issa Laye,QAT,DF,0,0,310
1153,Amar Dedic,BIH,DF,0,0,310
1154,Guela Doue,CIV,DF,0,0,311
1155,Marin Pongracic,CRO,DF,0,0,311
1156,Enner Valencia,ECU,FW,0,0,311
1157,Abdukodir Khusanov,UZB,DF,0,0,311
1158,Marvin Senaya,GHA,DF,0,0,312
1159,Rodrigo Bentancur,URU,MF,0,0,313
1159,Sebastian Caceres,URU,DF,0,0,313
1159,Mathias Olivera,URU,DF,0,0,313
1159,Guillermo Varela,URU,DF,0,0,313
1163,Nabil Bentaleb,ALG,MF,0,0,313
1164,Ugurcan Cakir,TUR,GK,0,0,313
1165,Jerome Opoku,GHA,DF,0,0,313
1166,Jamiro Monteiro,CPV,MF,0,0,314
1167,Noni Madueke,ENG,FW,0,0,315
1168,Rayan Ait Nouri,ALG,DF,0,0,315
1169,Odilon Kossounou,CIV,DF,0,0,316
1170,Jordan Ayew,GHA,FW,0,0,323
1171,John Yeboah,ECU,FW,0,0,330
1172,Diego Gomez,PAR,MF,0,0,332
1173,Fabian Rieder,SUI,MF,0,0,332
1174,Sergino Dest,USA,DF,0,0,335
1175,James Rodriguez,COL,MF,0,0,338
1176,Jeremy Doku,BEL,FW,0,0,341
1177,Jordan Bos,AUS,DF,0,0,343
1178,Steven Moreira,CPV,DF,0,0,346
1179,Cesar Montes,MEX,DF,0,0,349
1180,Derek Cornelius,CAN,DF,0,0,351
1181,Nikola Katic,BIH,DF,0,0,353
1182,Fredrik Aursnes,NOR,MF,0,0,355
1183,Gabriel Gudmundsson,SWE,DF,0,0,356
1184,Samuel Moutoussamy,COD,MF,0,0,360
1185,Frenkie De Jong,NED,MF,0,0,360
1186,Nicolas Seiwald,AUT,MF,0,0,361
1187,Omar Alderete,PAR,DF,0,0,363
1188,Alexander Sorloth,NOR,FW,0,0,363
1189,Reece James,ENG,DF,0,0,368
1190,Omar Marmoush,EGY,FW,0,0,369
1191,Stefan Posch,AUT,DF,0,0,370
1192,Nathan Ngoy,BEL,DF,0,0,376
1193,Piero Hincapie,ECU,DF,0,0,376
1194,John Stones,ENG,DF,0,0,380
1195,Aubrey Modiba,RSA,DF,0,0,381
1196,Ibrahim Maza,ALG,MF,0,0,389
1197,Victor Lindelof,SWE,DF,0,0,390
1198,Denis Zakaria,SUI,MF,0,0,392
1199,Tyler Adams,USA,MF,0,0,397
1200,Antonee Robinson,USA,DF,0,0,399
1201,Aaron Wan Bissaka,COD,DF,0,0,399
1202,Ermedin Demirovic,BIH,FW,0,0,399
1203,Gustaf Lagerbielke,SWE,DF,0,0,400
1204,Tajon Buchanan,CAN,FW,0,0,401
1205,Mbekezeli Mbokazi,RSA,DF,0,0,402
1205,Khuliso Mudau,RSA,DF,0,0,402
1205,Ime Okon,RSA,DF,0,0,402
1205,Ronwen Williams,RSA,GK,0,0,402
1209,Ramy Bensebaini,ALG,DF,0,0,403
1209,Fares Chaibi,ALG,MF,0,0,403
1209,Aissa Mandi,ALG,DF,0,0,403
1212,Vitinha,POR,MF,0,0,404
1213,Hiroki Ito,JPN,DF,0,0,405
1214,Zion Suzuki,JPN,GK,0,0,405
1215,Aiden Oneill,AUS,MF,0,0,406
1216,Moises Caicedo,ECU,MF,0,0,407
1216,Hernan Galindez,ECU,GK,0,0,407
1216,Willian Pacho,ECU,DF,0,0,407
1219,Yahia Fofana,CIV,GK,0,0,408
1220,Lionel Mpasi,COD,GK,0,0,409
1220,Axel Tuanzebe,COD,DF,0,0,409
1222,Mohanad Lashin,EGY,MF,0,0,409
1223,Idrissa Gana Gueye,SEN,MF,0,0,411
1224,Nikola Vasilj,BIH,GK,0,0,411
1225,Alexander Schlager,AUT,GK,0,0,412
1226,Johan Vasquez,MEX,DF,0,0,412
1227,Dominik Livakovic,CRO,GK,0,0,413
1227,Josip Sutalo,CRO,DF,0,0,413
1229,Gideon Mensah,GHA,DF,0,0,414
1229,Antoine Semenyo,GHA,MF,0,0,414
1231,Ruben Dias,POR,DF,0,0,418
1232,Jonathan Tah,GER,DF,0,0,419
1233,Matt Freese,USA,GK,0,0,419
1233,Chris Richards,USA,DF,0,0,419
1235,Tim Ream,USA,DF,0,0,419
1236,Luc De Fougerolles,CAN,DF,0,0,421
1237,Ayyoub Bouaddi,MAR,MF,0,0,425
1238,Manu Kone,FRA,MF,0,0,426
1239,Ramy Rabia,EGY,DF,0,0,431
1240,Jesus Gallardo,MEX,DF,0,0,431
1241,Bart Verbruggen,NED,GK,0,0,432
1242,Patrick Beach,AUS,GK,0,0,435
1243,Alessandro Circati,AUS,DF,0,0,438
1243,Harry Souttar,AUS,DF,0,0,438
1245,Johan Mojica,COL,DF,0,0,442
1246,Manuel Neuer,GER,GK,0,0,442
1247,Vozinha,CPV,GK,0,0,445
1247,Pico Lopes,CPV,DF,0,0,445
1247,Diney Borges,CPV,DF,0,0,445
1250,Junior Alonso,PAR,DF,0,0,456
1251,Jefferson Lerma,COL,MF,0,0,459
1252,Krepin Diatta,SEN,DF,0,0,459
1253,Danilo,BRA,DF,0,0,471
1254,Richie Laryea,CAN,DF,0,0,475
1255,Djed Spence,ENG,DF,0,0,476
1256,Juan Jose Caceres,PAR,DF,0,0,488
1257,Maxim De Cuyper,BEL,DF,0,0,492
1258,Raul Rangel,MEX,GK,0,0,494
1259,Bilal El Khannouss,MAR,MF,0,0,501
1260,Torbjorn Heggem,NOR,DF,0,0,503
1261,Weston Mckennie,USA,MF,0,0,504
1262,Douglas Santos,BRA,DF,0,0,505
1263,Alistair Johnston,CAN,DF,0,0,511
1264,Maxime Crepeau,CAN,GK,0,0,511
1265,Lucas Digne,FRA,DF,0,0,513
1266,Renato Veiga,POR,DF,0,0,518
1266,Diogo Costa,POR,GK,0,0,518
1268,Marquinhos,BRA,DF,0,0,520
1268,Alisson,BRA,GK,0,0,520
1270,Nico Oreilly,ENG,DF,0,0,523
1271,William Saliba,FRA,DF,0,0,533
1272,Jhon Lucumi,COL,DF,0,0,538
1273,Camilo Vargas,COL,GK,0,0,541
1274,Davinson Sanchez,COL,DF,0,0,541
1275,Noussair Mazraoui,MAR,DF,0,0,542
1276,Nicolas Tagliafico,ARG,DF,0,0,543
1277,Mostafa Shoubir,EGY,GK,0,0,546
1278,Andres Cubas,PAR,MF,0,0,554
1278,Orlando Gill,PAR,GK,0,0,554
1278,Gustavo Gomez,PAR,DF,0,0,554
1281,Kristoffer Ajer,NOR,DF,0,0,554
1281,Sander Berge,NOR,MF,0,0,554
1281,Orjan Nyland,NOR,GK,0,0,554
1284,Leandro Paredes,ARG,MF,0,0,557
1285,Pedri,ESP,MF,0,0,565
1286,Nahuel Molina,ARG,DF,0,0,592
1287,Thibaut Courtois,BEL,GK,0,0,625
1288,Neil El Aynaoui,MAR,MF,0,0,634
1289,Yassine Bounou,MAR,GK,0,0,650
1290,Brandon Mechele,BEL,DF,0,0,651
1291,Remo Freuler,SUI,MF,0,0,654
1292,Jules Kounde,FRA,DF,0,0,666
1293,Manuel Akanji,SUI,DF,0,0,673
1293,Gregor Kobel,SUI,GK,0,0,673
1295,Nico Elvedi,SUI,DF,0,0,673
1296,Jordan Pickford,ENG,GK,0,0,756
1297,Marc Guehi,ENG,DF,0,0,761
1298,Mike Maignan,FRA,GK,0,0,810
1299,Rodri,ESP,MF,0,0,819
1300,Pau Cubarsi,ESP,DF,0,0,857
1300,Unai Simon,ESP,GK,0,0,857
1302,Emiliano Martinez,ARG,GK,0,0,934
