Rank,Name,Nationality,Position,Fouls Against,Fouls For,Yellow Cards,Red Cards,Indirect Red Cards,Offsides
1,Neil El Aynaoui,MAR,MF,15,7,0,0,0,0
2,Andres Cubas,PAR,MF,14,3,1,0,0,0
2,Lamine Yamal,ESP,FW,14,9,0,0,0,7
4,Alex Baena,ESP,MF,13,8,1,0,0,2
4,Adrien Rabiot,FRA,MF,13,4,1,0,0,1
4,Aleksandar Pavlovic,GER,MF,13,4,1,0,0,0
7,Nicolas Raskin,BEL,MF,12,3,0,0,0,0
7,Enzo Fernandez,ARG,MF,12,6,2,1,1,1
9,Julian Alvarez,ARG,FW,11,4,0,0,0,2
9,Ermedin Demirovic,BIH,FW,11,3,1,0,0,1
9,Ricardo Rodriguez,SUI,DF,11,2,0,0,0,0
9,Rodri,ESP,MF,11,9,0,0,0,1
13,Pedro Porro,ESP,DF,10,9,0,0,0,0
13,Richard Rios,COL,MF,10,4,1,0,0,0
13,Matias Galarza,PAR,MF,10,9,2,0,0,0
16,Juan Jose Caceres,PAR,DF,9,6,1,0,0,0
16,Leandro Paredes,ARG,MF,9,3,2,0,0,0
16,Cristian Romero,ARG,DF,9,3,2,0,0,0
16,Alexis Mac Allister,ARG,MF,9,12,1,0,0,0
16,Nicolas Tagliafico,ARG,DF,9,16,0,0,0,2
16,Daniel Munoz,COL,DF,9,1,0,0,0,3
16,Giuliano Simeone,ARG,FW,9,1,0,0,0,1
16,Gustavo Puerta,COL,DF,9,8,1,0,0,0
16,Breel Embolo,SUI,FW,9,11,2,1,1,4
16,Elliot Anderson,ENG,MF,9,13,1,0,0,0
16,Jude Bellingham,ENG,MF,9,17,1,0,0,1
16,Brandon Mechele,BEL,DF,9,2,1,0,0,0
16,Thomas Meunier,BEL,DF,9,0,0,0,0,0
29,Harry Kane,ENG,FW,8,9,0,0,0,2
29,Ezri Konsa,ENG,DF,8,11,0,0,0,0
29,Lautaro Martinez,ARG,FW,8,5,1,0,0,2
29,Chris Richards,USA,DF,8,3,1,0,0,0
29,Carlos Harvey,PAN,DF,8,3,1,0,0,0
29,Weston Mckennie,USA,MF,8,2,1,0,0,0
29,Samuel Moutoussamy,COD,MF,8,1,1,0,0,0
29,Harry Souttar,AUS,DF,8,1,1,0,0,0
29,Eldor Shomurodov,UZB,FW,8,4,0,0,0,1
29,Remo Freuler,SUI,MF,8,3,0,0,0,1
29,Marc Cucurella,ESP,DF,8,4,1,0,0,4
29,Behruzjon Karimov,UZB,DF,8,4,0,0,0,0
29,Ismael Saibari,MAR,MF,8,3,0,0,0,3
29,Luc De Fougerolles,CAN,DF,8,8,2,0,0,0
29,Richie Laryea,CAN,DF,8,13,1,0,0,1
29,Marawan Attia,EGY,MF,8,1,2,0,0,0
45,Franck Kessie,CIV,MF,7,2,1,0,0,1
45,Achraf Hakimi,MAR,DF,7,16,1,0,0,0
45,Jordan Ayew,GHA,FW,7,7,0,0,0,1
45,Martin Experience,HAI,DF,7,6,0,0,0,0
45,Caleb Yirenkyi,GHA,MF,7,3,2,0,0,0
45,Kwasi Sibo,GHA,MF,7,1,0,0,0,0
45,Jesus Gallardo,MEX,DF,7,3,0,0,0,0
45,Lisandro Martinez,ARG,DF,7,4,2,0,0,0
45,Luis Suarez,COL,FW,7,8,1,0,0,1
45,Rodrigo Bentancur,URU,MF,7,5,1,0,0,0
45,Alan Franco,ECU,MF,7,0,2,0,0,0
45,Danilo,BRA,DF,7,1,2,0,0,1
45,Luis Diaz,COL,FW,7,9,0,0,0,9
45,Agustin Canobbio,URU,MF,7,5,0,1,0,1
45,Raul Jimenez,MEX,FW,7,2,0,0,0,2
45,Maxim De Cuyper,BEL,DF,7,2,1,0,0,0
45,Dayot Upamecano,FRA,DF,7,4,0,0,0,0
45,Lucas Digne,FRA,DF,7,2,0,0,0,0
45,Youri Tielemans,BEL,MF,7,10,0,0,0,1
45,Petar Sucic,CRO,MF,7,6,1,0,0,1
45,David Moller Wolfe,NOR,DF,7,2,0,0,0,0
45,Stefan Posch,AUT,DF,7,3,2,0,0,0
45,Timothy Castagne,BEL,DF,7,2,1,0,0,0
45,Ivan Sunjic,BIH,MF,7,0,0,0,0,0
45,Lucas Bergvall,SWE,MF,7,4,1,0,0,0
45,Lee Hanbeom,KOR,DF,7,3,0,0,0,0
45,Saeid Ezatolahi,IRN,MF,7,4,2,0,0,0
45,Jassem Gaber,QAT,DF,7,0,1,0,0,0
45,Hiroki Ito,JPN,DF,7,0,0,0,0,0
45,Nasser Aldawsari,KSA,MF,7,2,1,0,0,0
75,Ayase Ueda,JPN,FW,6,4,0,0,0,1
75,Ao Tanaka,JPN,MF,6,2,0,0,0,0
75,Ritsu Doan,JPN,MF,6,5,0,0,0,0
75,Rayan Ait Nouri,ALG,DF,6,4,0,0,0,0
75,Casemiro,BRA,MF,6,6,2,0,0,0
75,Davinson Sanchez,COL,DF,6,5,1,0,0,1
75,Jefferson Lerma,COL,MF,6,5,1,0,0,0
75,Juninho Bacuna,CUW,MF,6,3,2,0,0,0
75,Guela Doue,CIV,DF,6,5,1,0,0,0
75,Antoine Semenyo,GHA,MF,6,4,0,0,0,4
75,Yasser Ibrahim,EGY,DF,6,3,2,0,0,0
75,Ricardo Ade,HAI,DF,6,4,0,0,0,0
75,Marvin Senaya,GHA,DF,6,4,0,0,0,0
75,Lenny Joseph,HAI,FW,6,1,0,0,0,0
75,Mostafa Zico,EGY,MF,6,5,0,0,0,2
75,Abbosbek Fayzullaev,UZB,MF,6,4,0,0,0,0
75,Robin Hranac,CZE,DF,6,0,0,0,0,0
75,Ferran Torres,ESP,FW,6,4,1,0,0,3
75,Mikel Merino,ESP,MF,6,8,0,0,0,0
75,Amar Dedic,BIH,DF,6,3,1,0,0,0
75,Sead Kolasinac,BIH,DF,6,4,0,0,0,0
75,Ladislav Krejci,CZE,DF,6,2,1,0,0,0
75,Ruben Vargas,SUI,FW,6,6,0,0,0,2
75,Abdukodir Khusanov,UZB,DF,6,0,2,0,0,0
75,Dani Olmo,ESP,FW,6,10,0,0,0,0
75,Ante Budimir,CRO,FW,6,4,0,0,0,0
75,Kylian Mbappe,FRA,FW,6,9,1,0,0,7
75,Konrad Laimer,AUT,MF,6,3,1,0,0,3
75,Denzel Dumfries,NED,DF,6,3,0,0,0,1
75,Sander Berge,NOR,MF,6,2,0,0,0,0
75,Nico Oreilly,ENG,DF,6,4,1,0,0,0
75,Joao Cancelo,POR,DF,6,2,0,0,0,1
75,Nathan Ngoy,BEL,DF,6,1,0,1,0,0
75,Julian Ryerson,NOR,FW,6,1,0,0,0,0
75,Xaver Schlager,AUT,MF,6,0,0,0,0,0
75,Alexander Sorloth,NOR,FW,6,2,0,0,0,2
75,Jules Kounde,FRA,DF,6,5,0,0,0,1
75,Frenkie De Jong,NED,MF,6,6,0,0,0,0
75,Manu Kone,FRA,MF,6,7,1,0,0,0
75,Ruben Dias,POR,DF,6,3,1,0,0,0
115,Marcus Rashford,ENG,FW,5,1,0,0,0,1
115,Bradley Barcola,FRA,FW,5,1,1,0,0,1
115,Micky Van De Ven,NED,DF,5,1,1,0,0,0
115,Maxence Lacroix,FRA,DF,5,0,0,0,0,1
115,Morgan Rogers,ENG,MF,5,5,0,0,0,2
115,Ryan Gravenberch,NED,MF,5,3,0,0,0,0
115,Jonathan Tah,GER,DF,5,1,0,0,0,0
115,Fredrik Aursnes,NOR,MF,5,3,0,0,0,0
115,Erling Haaland,NOR,FW,5,3,0,0,0,0
115,Nikola Vlasic,CRO,MF,5,0,0,0,0,2
115,Michael Olise,FRA,FW,5,16,1,0,0,0
115,Jamal Musiala,GER,MF,5,11,1,0,0,0
115,Renato Veiga,POR,DF,5,3,2,0,0,0
115,Tarik Muharemovic,BIH,DF,5,2,0,1,0,0
115,Takehiro Tomiyasu,JPN,DF,5,2,0,0,0,0
115,Mohamed Kanno,KSA,MF,5,0,1,0,0,0
115,Yoane Wissa,COD,FW,5,9,0,0,0,1
115,Edo Kayembe,COD,MF,5,3,0,0,0,0
115,Nizar Alrashdan,JOR,MF,5,4,0,0,0,0
115,Rayan,BRA,FW,5,4,0,0,0,1
115,Tyler Adams,USA,MF,5,6,1,0,0,0
115,Brian Gutierrez,MEX,MF,5,3,1,0,0,0
115,Jhon Arias,COL,MF,5,2,1,0,0,0
115,Sebastian Berhalter,USA,MF,5,7,1,0,0,0
115,Ricardo Pepi,USA,FW,5,2,0,0,0,2
115,Cristian Martinez,PAN,MF,5,5,0,0,0,1
115,Piero Hincapie,ECU,DF,5,4,1,1,0,0
115,Jorge Sanchez,MEX,DF,5,1,1,0,0,1
115,Julian Quinones,MEX,FW,5,7,0,0,0,1
115,Jose Cordoba,PAN,DF,5,1,0,0,0,0
115,Gonzalo Plata,ECU,FW,5,4,1,0,0,0
115,Moises Caicedo,ECU,MF,5,4,1,0,0,0
115,Edson Alvarez,MEX,DF,5,2,1,0,0,0
115,Diego Gomez,PAR,MF,5,1,2,0,0,0
115,Jhon Lucumi,COL,DF,5,0,1,0,0,0
115,Lawrence Shankland,SCO,FW,5,3,0,0,0,1
115,Aymeric Laporte,ESP,DF,5,4,1,0,0,0
115,Gabriel Gudmundsson,SWE,DF,5,7,1,0,0,0
115,Abdulla Abdullaev,UZB,DF,5,1,0,0,0,0
115,Alessandro Circati,AUS,DF,5,4,1,0,0,0
115,Lewis Ferguson,SCO,MF,5,10,0,0,0,0
115,Nico Elvedi,SUI,DF,5,6,1,0,0,0
115,Zeki Amdouni,SUI,FW,5,4,0,0,0,0
115,Dan Ndoye,SUI,FW,5,16,0,0,0,4
115,Djibril Sow,SUI,MF,5,4,0,0,0,0
115,Mohamed Salah,EGY,FW,5,13,0,0,0,1
115,Niko Sigur,CAN,DF,5,1,1,0,0,0
115,Sphephelo Sithole,RSA,MF,5,1,0,1,0,0
115,Jonathan David,CAN,FW,5,5,1,0,0,0
115,Tajon Buchanan,CAN,FW,5,8,0,0,0,2
115,Carlens Arcus,HAI,DF,5,3,1,0,0,2
115,Mohanad Lashin,EGY,MF,5,3,2,0,0,0
115,Cyle Larin,CAN,FW,5,1,2,0,0,3
115,Soufiane Rahimi,MAR,FW,5,6,0,0,0,2
115,Tani Oluwaseyi,CAN,FW,5,5,0,0,0,1
115,Danley Jean Jacques,HAI,MF,5,3,1,0,0,0
115,Nathan Saliba,CAN,MF,5,2,1,0,0,0
115,Alistair Johnston,CAN,DF,5,4,1,0,0,0
115,Kevin Pina,CPV,MF,5,3,1,0,0,0
115,Frantzdy Pierrot,HAI,FW,5,4,1,0,0,2
115,Bilal El Khannouss,MAR,MF,5,5,1,0,0,0
115,Lamine Camara,SEN,MF,5,3,1,0,0,0
177,Ali Abdi,TUN,DF,4,2,0,0,0,0
177,Jean Ricner Bellegarde,HAI,MF,4,5,1,0,0,0
177,Thapelo Maseko,RSA,FW,4,10,0,0,0,0
177,Derek Cornelius,CAN,DF,4,3,1,0,0,0
177,Krepin Diatta,SEN,DF,4,6,0,0,0,0
177,Pape Gueye,SEN,MF,4,2,1,0,0,0
177,Promise David,CAN,FW,4,2,0,0,0,0
177,Noussair Mazraoui,MAR,DF,4,6,0,0,0,0
177,Sadio Mane,SEN,FW,4,10,0,0,0,3
177,Thalente Mbatha,RSA,MF,4,0,1,0,0,0
177,Hannibal Mejbri,TUN,MF,4,15,0,0,0,0
177,Issa Diop,MAR,DF,4,1,3,0,0,0
177,Khuliso Mudau,RSA,DF,4,10,0,0,0,1
177,Aubrey Modiba,RSA,DF,4,6,1,0,0,2
177,Sofyan Amrabat,MAR,MF,4,2,0,0,0,0
177,Yan Valery,TUN,DF,4,1,0,0,0,1
177,Prince Adu,GHA,FW,4,0,0,0,0,0
177,Mahmoud Almardi,JOR,FW,4,2,0,0,0,0
177,Edmilson Junior,QAT,FW,4,2,0,0,0,1
177,Saud Abdulhamid,KSA,DF,4,2,1,0,0,0
177,Yazan Alarab,JOR,DF,4,0,1,0,0,0
177,Nathanael Mbuku,COD,MF,4,8,1,0,0,0
177,Shoja Khalilzadeh,IRN,DF,4,0,1,0,0,1
177,Ramiz Zerrouki,ALG,MF,4,0,1,0,0,0
177,Jamiro Monteiro,CPV,MF,4,2,0,0,0,0
177,Hicham Boudaoui,ALG,MF,4,1,1,0,0,0
177,Willy Semedo,CPV,MF,4,2,0,0,0,0
177,Homam Ahmed,QAT,DF,4,0,0,1,0,0
177,Kaishu Sano,JPN,MF,4,1,1,0,0,0
177,Rafik Belghali,ALG,DF,4,2,0,0,0,0
177,Deroy Duarte,CPV,MF,4,1,0,0,0,0
177,Igor Matanovic,CRO,FW,4,3,0,0,0,1
177,Aurelien Tchouameni,FRA,MF,4,3,1,0,0,0
177,Desire Doue,FRA,FW,4,8,0,0,0,0
177,William Saliba,FRA,DF,4,0,0,0,0,0
177,Declan Rice,ENG,MF,4,0,2,0,0,1
177,Leandro Trossard,BEL,FW,4,8,0,0,0,1
177,Patrick Berg,NOR,MF,4,2,1,0,0,0
177,Jan Paul Van Hecke,NED,DF,4,2,0,0,0,0
177,Bukayo Saka,ENG,FW,4,9,0,0,0,4
177,Paul Wanner,AUT,MF,4,1,0,0,0,0
177,Luka Modric,CRO,MF,4,3,1,0,0,0
177,Ivan Perisic,CRO,FW,4,1,2,0,0,0
177,Nathaniel Brown,GER,DF,4,1,0,0,0,0
177,Jeremy Doku,BEL,FW,4,18,0,0,0,0
177,Anthony Gordon,ENG,FW,4,10,0,0,0,0
177,Pedro Neto,POR,FW,4,3,0,0,0,0
177,Vitinha,POR,MF,4,5,0,0,0,0
177,Marc Guehi,ENG,DF,4,13,1,0,0,0
177,Brian Brobbey,NED,FW,4,3,0,0,0,2
177,Malo Gusto,FRA,DF,4,2,0,0,0,0
177,Jurien Gaari,CUW,DF,4,1,1,0,0,0
177,Nikola Katic,BIH,DF,4,0,1,0,0,0
177,Kerim Alajbegovic,BIH,FW,4,6,0,0,0,1
177,Livano Comenencia,CUW,MF,4,1,1,0,0,0
177,Granit Xhaka,SUI,MF,4,12,2,0,0,0
177,Baris Alper Yilmaz,TUR,FW,4,1,0,0,0,2
177,Mohamed Toure,AUS,FW,4,2,0,0,0,1
177,Yasin Ayari,SWE,MF,4,8,1,0,0,0
177,Pedri,ESP,MF,4,5,1,0,0,1
177,Viktor Gyokeres,SWE,FW,4,7,1,0,0,1
177,Che Adams,SCO,FW,4,2,0,0,0,0
177,Adam Hlozek,CZE,FW,4,4,0,0,0,0
177,Alexander Isak,SWE,FW,4,1,0,0,0,5
177,Denis Zakaria,SUI,MF,4,0,2,0,0,1
177,Pau Cubarsi,ESP,DF,4,5,1,0,0,0
177,Nestory Irankunda,AUS,FW,4,5,0,0,0,0
177,Finn Surman,NZL,DF,4,1,0,0,0,0
177,Manuel Akanji,SUI,DF,4,4,0,0,0,0
177,Marko Stamenic,NZL,MF,4,0,1,0,0,0
177,Cedric Itten,SUI,FW,4,2,0,0,0,0
177,Mikel Oyarzabal,ESP,FW,4,5,0,0,0,1
177,Jordan Bos,AUS,DF,4,4,1,0,0,0
177,Callum Mccowatt,NZL,MF,4,1,1,0,0,0
177,Vladimir Coufal,CZE,DF,4,3,0,0,0,1
177,Jose Fajardo,PAN,FW,4,3,1,0,0,1
177,Vinicius Junior,BRA,FW,4,10,0,0,0,3
177,Cesar Montes,MEX,DF,4,4,0,1,0,0
177,Nilson Angulo,ECU,FW,4,3,0,0,0,0
177,Gonzalo Montiel,ARG,DF,4,2,1,0,0,0
177,Andres Andrade,PAN,DF,4,0,1,0,0,0
177,Jose Luis Rodriguez,PAN,MF,4,2,0,0,0,0
177,Josue Casimir,HAI,FW,4,4,1,0,0,0
177,Enner Valencia,ECU,FW,4,7,0,0,0,2
177,Antonee Robinson,USA,DF,4,1,1,0,0,0
177,Nicolas Otamendi,ARG,DF,4,4,0,0,0,1
177,Bruno Guimaraes,BRA,MF,4,7,0,0,0,0
177,Fabinho,BRA,MF,4,0,1,0,0,0
177,Nico Gonzalez,ARG,MF,4,3,0,0,0,2
177,Gabriel Martinelli,BRA,FW,4,4,0,0,0,0
267,Gustavo Gomez,PAR,DF,3,2,0,0,0,1
267,Nahuel Molina,ARG,DF,3,0,0,0,0,1
267,Folarin Balogun,USA,FW,3,8,1,1,0,3
267,Roberto Alvarado,MEX,FW,3,5,0,0,0,1
267,Willian Pacho,ECU,DF,3,2,0,0,0,0
267,Malik Tillman,USA,MF,3,14,1,0,0,0
267,Gilberto Mora,MEX,MF,3,3,0,0,0,0
267,Erik Lira,MEX,MF,3,4,0,0,0,0
267,Edgar Yoel Barcenas,PAN,MF,3,3,1,0,0,0
267,Kevin Rodriguez,ECU,FW,3,1,0,0,0,0
267,Facundo Medina,ARG,DF,3,2,1,0,0,1
267,Tomas Rodriguez,PAN,FW,3,1,0,0,0,0
267,Pervis Estupinan,ECU,DF,3,0,0,0,0,0
267,Douglas Santos,BRA,DF,3,2,1,0,0,1
267,Mathias Olivera,URU,DF,3,0,1,0,0,0
267,Junior Alonso,PAR,DF,3,3,1,0,0,1
267,Guillermo Martinez,MEX,FW,3,1,0,0,0,0
267,Marko Arnautovic,AUT,FW,3,1,1,0,0,5
267,Julio Enciso,PAR,FW,3,10,0,0,0,0
267,Mauricio,PAR,MF,3,3,0,0,0,0
267,Federico Vinas,URU,FW,3,3,0,0,0,3
267,Lucas Paqueta,BRA,MF,3,6,0,0,0,0
267,Lionel Messi,ARG,FW,3,20,0,0,0,5
267,Teun Koopmeiners,NED,MF,3,0,0,0,0,0
267,Martin Odegaard,NOR,MF,3,4,0,0,0,0
267,Waldemar Anton,GER,DF,3,1,0,0,0,1
267,Kieran Tierney,SCO,DF,3,2,0,0,0,0
267,Cody Gakpo,NED,FW,3,3,0,0,0,3
267,Felix Nmecha,GER,MF,3,3,0,0,0,0
267,Djed Spence,ENG,DF,3,5,0,0,0,0
267,Marin Pongracic,CRO,DF,3,0,0,0,0,0
267,Kai Havertz,GER,FW,3,4,1,0,0,1
267,Reece James,ENG,DF,3,1,0,0,0,0
267,Nuno Mendes,POR,DF,3,12,0,0,0,1
267,Leroy Sane,GER,MF,3,2,0,0,0,1
267,Marcus Holmgren Pedersen,NOR,DF,3,1,0,0,0,0
267,Deniz Undav,GER,FW,3,0,0,0,0,0
267,Joao Felix,POR,FW,3,6,0,0,0,0
267,Bernardo Silva,POR,MF,3,0,2,0,0,0
267,Florian Grillitsch,AUT,MF,3,1,0,0,0,0
267,Mateo Kovacic,CRO,MF,3,3,0,0,0,0
267,Romano Schmid,AUT,MF,3,4,0,0,0,0
267,Patrick Wimmer,AUT,FW,3,1,0,0,0,0
267,Andy Robertson,SCO,DF,3,1,1,0,0,0
267,Ruben Providence,HAI,FW,3,4,0,0,0,0
267,Liam Millar,CAN,MF,3,1,1,0,0,0
267,Relebohile Mofokeng,RSA,FW,3,2,0,0,0,0
267,Mbekezeli Mbokazi,RSA,DF,3,4,0,0,0,1
267,Brahim Diaz,MAR,FW,3,10,0,0,0,0
267,Rani Khedira,TUN,MF,3,0,1,0,0,0
267,Christ Inao Oulai,CIV,MF,3,5,0,0,0,0
267,Wilson Isidor,HAI,FW,3,2,0,0,0,1
267,Louicius Deedson,HAI,FW,3,1,0,0,0,1
267,Redouane Halhal,MAR,DF,3,5,1,0,0,1
267,Ayyoub Bouaddi,MAR,MF,3,6,0,0,0,0
267,Anass Salah Eddine,MAR,DF,3,2,0,0,0,0
267,Ramy Rabia,EGY,DF,3,2,0,0,0,0
267,Wilfried Singo,CIV,DF,3,1,0,0,0,0
267,Omar Marmoush,EGY,FW,3,8,0,0,0,0
267,Trezeguet,EGY,FW,3,2,0,0,0,0
267,Hamdy Fathy,EGY,MF,3,2,1,0,0,1
267,Teboho Mokoena,RSA,MF,3,6,2,0,0,0
267,Azzedine Ounahi,MAR,MF,3,7,1,0,0,0
267,Mohamed Amine Ben Hmida,TUN,DF,3,1,0,0,0,0
267,Moussa Niakhate,SEN,DF,3,6,0,0,0,0
267,Mehdi Taremi,IRN,FW,3,5,0,0,0,2
267,Ali Nemati,IRN,DF,3,0,1,0,0,1
267,Saman Ghoddos,IRN,MF,3,0,0,0,0,1
267,Amir Alammari,IRQ,MF,3,0,2,0,0,0
267,Mohamed Manai,QAT,FW,3,0,0,0,0,0
267,Merchas Doski,IRQ,DF,3,8,1,0,0,0
267,Keito Nakamura,JPN,MF,3,1,0,0,0,1
267,Fares Chaibi,ALG,MF,3,2,1,0,0,1
267,Ibrahim Bayesh,IRQ,MF,3,5,0,0,0,0
267,Yukinari Sugawara,JPN,DF,3,1,0,0,0,0
267,Salem Aldawsari,KSA,FW,3,4,1,0,0,1
267,Zaid Tahseen,IRQ,DF,3,2,1,0,0,0
267,Castrop Jens,KOR,DF,3,0,0,0,0,0
267,Ehsan Haddad,JOR,DF,3,1,0,0,0,0
267,Ngalayel Mukau,COD,MF,3,4,0,0,0,1
267,Lee Taeseok,KOR,DF,3,1,0,0,0,0
267,Axel Tuanzebe,COD,DF,3,3,0,0,0,0
267,Jesper Karlstrom,SWE,MF,3,0,0,0,0,0
267,Sherzod Nasrullaev,UZB,DF,3,2,1,0,0,0
267,Luca Jaquez,SUI,DF,3,1,0,0,0,0
267,Benjamin Nygren,SWE,MF,3,0,0,0,0,0
267,Elliot Stroud,SWE,DF,3,1,0,0,0,0
267,Arda Guler,TUR,FW,3,10,0,0,0,2
267,Joe Bell,NZL,MF,3,0,0,0,0,0
267,Ozan Kabak,TUR,DF,3,0,0,0,0,0
267,Tete Yengi,AUS,FW,3,0,0,0,0,0
267,Michel Aebischer,SUI,MF,3,2,0,0,0,0
267,Scott Mctominay,SCO,MF,3,0,0,0,0,0
267,Lukas Cerv,CZE,MF,3,3,0,0,0,0
267,Tomas Soucek,CZE,MF,3,1,0,0,0,2
267,Johan Manzambi,SUI,MF,3,3,0,0,0,1
267,Paul Okon Engstler,AUS,MF,3,2,0,0,0,0
267,Jackson Irvine,AUS,MF,3,3,1,0,0,0
267,Elijah Just,NZL,MF,3,2,1,0,0,0
267,Fabian Rieder,SUI,MF,3,6,0,0,0,0
267,Victor Lindelof,SWE,DF,3,0,0,0,0,0
267,Isak Hien,SWE,DF,3,3,1,0,0,0
267,Ben Gannon Doak,SCO,FW,3,1,0,0,0,0
267,Ryan Thomas,NZL,MF,3,3,0,0,0,0
267,Juergen Locadia,CUW,FW,3,4,0,0,0,2
267,Amar Memic,BIH,MF,3,3,0,0,0,0
267,Benjamin Tahirovic,BIH,MF,3,2,0,0,0,0
267,Tahith Chong,CUW,MF,3,13,0,0,0,0
267,Leandro Bacuna,CUW,MF,3,3,1,0,0,0
376,Sherel Floranus,CUW,DF,2,0,0,0,0,1
376,Gervane Kastaneer,CUW,FW,2,0,2,0,0,0
376,Riechedly Bazoer,CUW,DF,2,0,0,0,0,0
376,Deveron Fonville,CUW,DF,2,3,0,0,0,0
376,Christopher Operi,CIV,DF,2,0,0,0,0,0
376,Elisha Owusu,GHA,MF,2,0,0,0,0,0
376,Yan Diomande,CIV,FW,2,7,0,0,0,0
376,Ernest Nuamah,GHA,FW,2,2,0,0,0,0
376,Hamza Abdelkarim,EGY,FW,2,0,0,0,0,0
376,Haissem Hassan,EGY,FW,2,2,2,0,0,0
376,Mohamed Hadj Mahmoud,TUN,MF,2,0,0,0,0,0
376,Nicolas Jackson,SEN,FW,2,0,0,0,0,5
376,Mahmoud Saber,EGY,MF,2,1,1,0,0,0
376,Iliman Ndiaye,SEN,FW,2,1,0,0,0,0
376,Ismail Jakobs,SEN,DF,2,0,0,0,0,0
376,Idrissa Gana Gueye,SEN,MF,2,2,0,0,0,0
376,Moise Bombito,CAN,DF,2,0,0,0,0,0
376,Mohamed Hany,EGY,DF,2,1,0,0,0,0
376,El Hadji Malick Diouf,SEN,DF,2,0,0,0,0,0
376,Hazem Mastouri,TUN,FW,2,2,0,0,0,0
376,Emam Ashour,EGY,MF,2,13,0,0,0,0
376,Jacob Shaffelburg,CAN,MF,2,1,0,0,0,0
376,Gessime Yassine,MAR,MF,2,3,0,0,0,0
376,Thomas Partey,GHA,MF,2,5,0,0,0,0
376,Ibrahim Sangare,CIV,MF,2,4,0,0,0,0
376,Stephen Eustaquio,CAN,MF,2,6,0,0,0,0
376,Kamaldeen Sulemana,GHA,FW,2,1,0,0,0,1
376,Jerome Opoku,GHA,DF,2,4,0,0,0,0
376,Gideon Mensah,GHA,DF,2,2,0,0,0,0
376,Zizo,EGY,FW,2,1,0,0,0,0
376,Inaki Williams,GHA,FW,2,1,1,0,0,1
376,Habib Diarra,SEN,MF,2,2,0,0,0,0
376,Ahmed Fatouh,EGY,DF,2,3,1,0,0,0
376,Jean Kevin Duverne,HAI,DF,2,1,0,0,0,1
376,Thiago Almada,ARG,FW,2,2,1,0,0,2
376,Roger Ibanez,BRA,DF,2,1,1,0,0,0
376,Cesar Blackman,PAN,DF,2,2,1,0,0,1
376,David Alaba,AUT,DF,2,0,0,0,0,0
376,Jordy Caicedo,ECU,FW,2,0,0,0,0,0
376,Omar Alderete,PAR,DF,2,3,0,0,0,0
376,Nico Paz,ARG,FW,2,1,0,0,0,0
376,Jaminton Campaz,COL,FW,2,3,0,0,0,2
376,Pedro Vite,ECU,MF,2,5,0,0,0,0
376,Sergino Dest,USA,DF,2,4,0,0,0,0
376,Jiovany Ramos,PAN,DF,2,1,0,0,0,0
376,Gustavo Caballero,PAR,MF,2,2,0,0,0,1
376,Miles Robinson,USA,DF,2,0,0,0,0,0
376,Igor Thiago,BRA,FW,2,0,0,0,0,0
376,Sebastian Caceres,URU,DF,2,2,0,0,0,0
376,Nicolas De La Cruz,URU,MF,2,3,1,0,0,0
376,Maxi Araujo,URU,MF,2,7,0,0,0,6
376,Brenden Aaronson,USA,FW,2,1,0,0,0,0
376,Rodrigo De Paul,ARG,MF,2,5,1,0,0,1
376,Jackson Porozo,ECU,DF,2,0,1,0,0,0
376,Timothy Weah,USA,FW,2,0,0,0,0,2
376,Isidro Pitta,PAR,FW,2,0,0,0,0,2
376,Auston Trusty,USA,DF,2,0,0,0,0,0
376,Gustavo Velazquez,PAR,DF,2,0,0,0,0,0
376,Miguel Almiron,PAR,MF,2,7,1,1,0,0
376,Carney Chukwuemeka,AUT,MF,2,2,0,0,0,0
376,Sasa Kalajdzic,AUT,FW,2,2,0,0,0,0
376,Kevin De Bruyne,BEL,MF,2,4,1,0,0,0
376,Eberechi Eze,ENG,MF,2,4,0,0,0,1
376,Cristiano Ronaldo,POR,FW,2,5,0,0,0,6
376,Ibrahima Konate,FRA,DF,2,1,0,0,0,0
376,Axel Witsel,BEL,MF,2,1,1,0,0,0
376,Nico Schlotterbeck,GER,DF,2,1,0,0,0,0
376,Romelu Lukaku,BEL,FW,2,0,1,0,0,1
376,Anthony Ralston,SCO,DF,2,0,0,0,0,0
376,Rayan Cherki,FRA,MF,2,2,0,0,0,0
376,John Mcginn,SCO,MF,2,11,0,0,0,0
376,Kristoffer Ajer,NOR,DF,2,1,1,0,0,0
376,Charles De Ketelaere,BEL,FW,2,3,0,0,0,2
376,Kristian Thorstvedt,NOR,MF,2,1,0,0,0,0
376,Nelson Semedo,POR,DF,2,2,1,0,0,0
376,Nathan Ake,NED,DF,2,2,0,0,0,0
376,Leo Ostigard,NOR,DF,2,2,0,0,0,0
376,Virgil Van Dijk,NED,DF,2,2,0,0,0,0
376,Josip Sutalo,CRO,DF,2,1,0,0,0,0
376,Jarell Quansah,ENG,DF,2,2,1,1,0,0
376,Torbjorn Heggem,NOR,DF,2,0,0,0,0,0
376,Mario Pasalic,CRO,MF,2,0,0,0,0,1
376,Bruno Fernandes,POR,MF,2,8,0,0,0,1
376,Diego Moreira,BEL,MF,2,1,0,0,0,1
376,Marcel Sabitzer,AUT,MF,2,3,1,0,0,1
376,Crysencio Summerville,NED,FW,2,5,1,0,0,1
376,Andreas Schjelderup,NOR,MF,2,3,0,0,0,0
376,Noni Madueke,ENG,FW,2,3,0,0,0,1
376,Theo Hernandez,FRA,DF,2,4,0,0,0,0
376,Josko Gvardiol,CRO,DF,2,3,0,0,0,0
376,David Raum,GER,DF,2,0,0,0,0,0
376,Tomas Holes,CZE,DF,2,2,0,0,0,0
376,Yunus Akgun,TUR,FW,2,1,1,0,0,0
376,Ivan Basic,BIH,MF,2,3,0,0,0,0
376,Yeremy Pino,ESP,FW,2,0,0,0,0,1
376,Salih Ozcan,TUR,MF,2,2,0,0,0,0
376,Eren Elmali,TUR,DF,2,1,1,0,0,0
376,Lyndon Dykes,SCO,FW,2,0,0,0,0,0
376,Tomas Chory,CZE,FW,2,1,0,0,0,0
376,Tim Payne,NZL,DF,2,2,0,0,0,0
376,Khojiakbar Alijonov,UZB,DF,2,1,0,0,0,0
376,Michael Boxall,NZL,DF,2,2,0,0,0,0
376,Orkun Kokcu,TUR,MF,2,4,0,0,0,0
376,Ardon Jashari,SUI,MF,2,1,0,0,0,0
376,Jason Geria,AUS,DF,2,0,0,0,0,0
376,Kenan Yildiz,TUR,FW,2,4,0,0,0,0
376,Lukas Provod,CZE,MF,2,1,0,0,0,1
376,Ismail Yuksek,TUR,MF,2,0,0,0,0,0
376,Gavi,ESP,MF,2,1,0,0,0,0
376,Silvan Widmer,SUI,DF,2,0,0,0,0,0
376,Deniz Gul,TUR,FW,2,0,0,0,0,0
376,Tyler Bindon,NZL,DF,2,1,0,0,0,0
376,Aaron Hickey,SCO,DF,2,4,1,0,0,0
376,Sarpreet Singh,NZL,MF,2,2,1,0,0,0
376,Nathan Patterson,SCO,DF,2,0,0,0,0,0
376,Merih Demiral,TUR,DF,2,1,0,0,0,3
376,Lucas Herrington,AUS,DF,2,0,0,0,0,0
376,Chris Wood,NZL,FW,2,1,0,0,0,4
376,Nico Williams,ESP,FW,2,1,0,0,0,1
376,Ryan Christie,SCO,MF,2,1,1,0,0,0
376,Hakan Calhanoglu,TUR,MF,2,1,0,0,0,0
376,Azizjon Ganiev,UZB,MF,2,1,0,0,0,0
376,Pavel Sulc,CZE,FW,2,1,0,0,0,1
376,Aiden Oneill,AUS,MF,2,8,0,0,0,0
376,Otabek Shukurov,UZB,MF,2,5,0,0,0,0
376,Alexander Bernhardsson,SWE,DF,2,5,0,0,0,0
376,Marcos Llorente,ESP,DF,2,1,0,0,0,0
376,Mohannad Abutaha,JOR,MF,2,2,1,0,0,0
376,Diney Borges,CPV,DF,2,0,1,0,0,0
376,Assim Madibo,QAT,MF,2,1,0,1,0,0
376,Brian Cipenga,COD,FW,2,1,0,0,0,1
376,Feras Albrikan,KSA,FW,2,3,1,0,0,0
376,Ahmed Fathy,QAT,MF,2,1,2,0,0,0
376,Aymen Hussein,IRQ,FW,2,1,0,0,0,0
376,Cedric Bakambu,COD,FW,2,1,0,0,0,4
376,Ramin Rezaeian,IRN,DF,2,3,0,0,0,1
376,Ehsan Hajisafi,IRN,DF,2,1,1,0,0,0
376,Alireza Jahanbakhsh,IRN,MF,2,0,0,0,0,0
376,Steve Kapuadi,COD,DF,2,0,0,0,0,0
376,Sidny Lopes Cabral,CPV,DF,2,9,2,0,0,0
376,Junya Ito,JPN,MF,2,5,0,0,0,0
376,Daichi Kamada,JPN,MF,2,4,1,0,0,1
376,Zaid Ismael,IRQ,MF,2,0,0,0,0,0
376,Odeh Fakhoury,JOR,FW,2,4,0,0,0,1
376,Abdullah Alhamddan,KSA,FW,2,0,0,0,0,0
376,Charles Pickel,COD,MF,2,1,1,0,0,0
376,Mustafa Saadoon,IRQ,DF,2,0,0,0,0,0
376,Husam Abudahab,JOR,DF,2,1,1,0,0,0
376,Alhashmi Alhussein,QAT,DF,2,2,0,0,0,0
376,Mousa Altamari,JOR,FW,2,3,0,0,0,1
376,Daizen Maeda,JPN,MF,2,1,0,0,0,1
376,Junnosuke Suzuki,JPN,DF,2,0,1,0,0,0
376,Boualem Khoukhi,QAT,DF,2,1,0,0,0,0
376,Shogo Taniguchi,JPN,DF,2,1,1,0,0,0
376,Kim Minjae,KOR,DF,2,0,0,0,0,0
376,Nabil Bentaleb,ALG,MF,2,3,0,0,0,0
376,Meschack Elia,COD,FW,2,0,0,0,0,0
376,Mohammad Ghorbani,IRN,MF,2,1,0,0,0,0
376,Lee Gihyuk,KOR,MF,2,2,1,0,0,0
376,Sultan Albrake,QAT,DF,2,0,0,0,0,0
376,Frans Putros,IRQ,DF,2,0,0,0,0,0
376,Mohammed Abu Alshamat,KSA,DF,2,1,0,0,0,0
376,Mehdi Ghayedi,IRN,FW,2,1,0,0,0,0
376,Noah Sadiki,COD,MF,2,3,2,0,0,0
541,Hwang Inbeom,KOR,MF,1,1,0,0,0,0
541,Seol Youngwoo,KOR,DF,1,2,0,0,0,4
541,Riyad Mahrez,ALG,FW,1,7,0,0,0,1
541,Ahmed Alganehi,QAT,MF,1,0,0,0,0,0
541,Abdallah Nasib,JOR,DF,1,1,0,0,0,0
541,Ali Azaizeh,JOR,FW,1,1,0,0,0,0
541,Ayoub Aloui,QAT,DF,1,0,0,0,0,0
541,Simon Banza,COD,FW,1,0,0,0,0,0
541,Ali Alipour,IRN,FW,1,1,0,0,0,0
541,Hwang Heechan,KOR,MF,1,2,0,0,0,0
541,Rebin Sulaka,IRQ,DF,1,0,0,1,0,0
541,Aaron Wan Bissaka,COD,DF,1,1,0,0,0,1
541,Paik Seungho,KOR,MF,1,2,1,0,0,0
541,Mohammad Mohebbi,IRN,MF,1,1,0,0,0,0
541,Koki Ogawa,JPN,FW,1,0,0,0,0,0
541,Milad Mohammadi,IRN,DF,1,1,0,0,0,2
541,Abdulaziz Hatem,QAT,MF,1,0,0,0,0,0
541,Chancel Mbemba,COD,DF,1,2,1,0,0,0
541,Amer Jamous,JOR,MF,1,0,0,0,0,0
541,Ali Yousif,IRQ,FW,1,0,0,0,0,0
541,Yusuf Abdurisag,QAT,FW,1,2,0,0,0,0
541,Saleem Obaid,JOR,DF,1,0,0,0,0,0
541,Kou Itakura,JPN,DF,1,0,0,0,0,0
541,Ali Olwan,JOR,FW,1,4,0,0,0,1
541,Ayumu Seko,JPN,DF,1,0,0,0,0,0
541,Mahmoud Abunada,QAT,GK,1,1,1,0,0,0
541,Houssem Aouar,ALG,MF,1,2,0,0,0,0
541,Zidane Iqbal,IRQ,MF,1,2,0,0,0,0
541,Lee Jaesung,KOR,MF,1,4,0,0,0,1
541,Hassan Alhaydos,QAT,FW,1,1,0,0,0,0
541,Ryan Mendes,CPV,FW,1,2,0,0,0,2
541,Amine Gouiri,ALG,FW,1,1,0,0,0,0
541,Ali Alhamadi,IRQ,FW,1,5,0,0,0,0
541,Kevin Yakob,IRQ,MF,1,0,0,0,0,0
541,Pedro Miguel,QAT,DF,1,7,0,0,0,0
541,Fiston Mayele,COD,FW,1,1,0,0,0,1
541,Sultan Mandash,KSA,FW,1,2,0,0,0,0
541,Nawaf Bu Washl,KSA,DF,1,1,0,0,0,0
541,Hussein Ali,IRQ,DF,1,0,0,0,0,1
541,Mohamed Amoura,ALG,FW,1,0,0,0,0,0
541,Ali Jasim,IRQ,FW,1,0,0,0,0,0
541,Yang Hyunjun,KOR,MF,1,0,0,0,0,1
541,Musab Aljuwayr,KSA,MF,1,1,0,0,0,2
541,Shuto Machino,JPN,FW,1,0,0,0,0,0
541,Ramy Bensebaini,ALG,DF,1,5,0,0,0,0
541,Ibrahim Maza,ALG,MF,1,5,0,0,0,0
541,Ahmed Alaaeldin,QAT,FW,1,1,0,0,0,0
541,Noor Alrawabdeh,JOR,MF,1,0,0,0,0,0
541,Abdulelah Alamri,KSA,DF,1,0,1,0,0,0
541,Lee Kangin,KOR,MF,1,7,1,0,0,0
541,Cho Guesung,KOR,FW,1,0,1,0,0,0
541,Helio Varela,CPV,MF,1,2,0,0,0,1
541,Mohammad Abuzraiq,JOR,FW,1,0,1,0,0,0
541,Hossein Kanani,IRN,DF,1,0,1,0,0,0
541,Takefusa Kubo,JPN,MF,1,1,0,0,0,0
541,Shahriyar Moghanloo,IRN,FW,1,1,0,0,0,1
541,Jose Manuel Lopez,ARG,FW,1,0,1,0,0,0
541,Jorge Gutierrez,PAN,DF,1,2,0,0,0,0
541,Darwin Nunez,URU,FW,1,1,0,0,0,2
541,Matheus Cunha,BRA,FW,1,3,0,0,0,1
541,Juan Manuel Sanabria,URU,MF,1,0,1,0,0,1
541,Endrick,BRA,FW,1,1,0,0,0,1
541,Christian Pulisic,USA,FW,1,6,0,0,0,2
541,Luis Chavez,MEX,MF,1,0,0,0,0,0
541,Deiver Machado,COL,DF,1,2,0,0,0,0
541,Alex Arce,PAR,FW,1,0,1,0,0,0
541,Manuel Ugarte,URU,MF,1,0,0,0,0,0
541,Guillermo Varela,URU,DF,1,1,1,0,0,0
541,Federico Valverde,URU,MF,1,0,0,0,0,0
541,Israel Reyes,MEX,DF,1,0,0,0,0,0
541,Raphinha,BRA,FW,1,2,0,0,0,2
541,Fidel Escobar,PAN,DF,1,0,0,0,0,0
541,Amir Murillo,PAN,DF,1,7,0,0,0,1
541,Giovanni Reyna,USA,MF,1,2,0,0,0,0
541,Alberto Quintero,PAN,MF,1,0,0,0,0,0
541,Alejandro Romero Gamarra,PAR,FW,1,1,0,0,0,0
541,Jose Canale,PAR,DF,1,2,0,0,0,0
541,Mateo Chavez,MEX,DF,1,1,0,0,0,0
541,Armando Gonzalez,MEX,FW,1,0,0,0,0,0
541,Azarias Londono,PAN,FW,1,0,0,0,0,0
541,Mark Mckenzie,USA,DF,1,1,0,0,0,0
541,Damian Bobadilla,PAR,MF,1,1,0,0,0,0
541,Johan Mojica,COL,DF,1,7,1,0,0,1
541,Exequiel Palacios,ARG,MF,1,1,0,0,0,0
541,Giovani Lo Celso,ARG,MF,1,1,0,0,0,1
541,Dominique Simon,HAI,MF,1,1,0,0,0,0
541,Alex Sandro,BRA,DF,1,0,0,0,0,0
541,Raul Rangel,MEX,GK,1,0,0,0,0,0
541,Gabriel Magalhaes,BRA,DF,1,3,0,0,0,0
541,Neymar Jr,BRA,FW,1,1,1,0,0,0
541,Ederson Silva,BRA,MF,1,0,0,0,0,0
541,Jhon Cordoba,COL,FW,1,2,0,0,0,2
541,Jordy Alcivar,ECU,MF,1,0,1,0,0,0
541,Alex Zendejas,USA,FW,1,0,0,0,0,0
541,Santiago Gimenez,MEX,FW,1,3,0,0,0,0
541,Kendry Paez,ECU,MF,1,0,1,0,0,0
541,Cecilio Waterman,PAN,FW,1,1,0,0,0,0
541,Joel Ordonez,ECU,DF,1,1,0,0,0,0
541,Obed Vargas,MEX,MF,1,0,0,0,0,0
541,Gabriel Avalos,PAR,FW,1,2,0,0,0,0
541,Yaimar Medina,ECU,DF,1,0,0,0,0,0
541,Antonio Sanabria,PAR,FW,1,2,0,0,0,0
541,Luis Romo,MEX,MF,1,3,0,0,0,0
541,Santiago Arias,COL,DF,1,0,0,0,0,0
541,Alex Freeman,USA,DF,1,1,0,0,0,0
541,Armando Obispo,CUW,DF,1,0,0,0,0,1
541,Ermin Mahmic,BIH,MF,1,1,1,0,0,0
541,Samed Bazdar,BIH,FW,1,1,0,0,0,0
541,Stjepan Radeljic,BIH,DF,1,3,1,0,0,0
541,Jovo Lukic,BIH,FW,1,0,1,0,0,0
541,Elias Saad,TUN,FW,1,3,0,0,0,1
541,Firas Chaouat,TUN,FW,1,2,0,0,0,3
541,Ange Yoan Bonny,CIV,FW,1,3,0,0,0,1
541,Mohamed Abdelmoneim,EGY,DF,1,0,0,0,0,0
541,Abdoulaye Seck,SEN,DF,1,1,1,0,0,0
541,Maxime Crepeau,CAN,GK,1,1,0,0,0,0
541,Ali Ahmed,CAN,FW,1,5,0,0,0,0
541,Pape Matar Sarr,SEN,MF,1,0,0,0,0,0
541,Dailon Livramento,CPV,FW,1,1,0,0,0,2
541,Abdul Fatawu,GHA,FW,1,8,1,0,0,0
541,Karim Hafez,EGY,DF,1,2,0,0,0,0
541,Alidu Seidu,GHA,DF,1,0,1,0,0,0
541,Montassar Talbi,TUN,DF,1,1,0,0,0,0
541,Iqraam Rayners,RSA,FW,1,1,0,0,0,2
541,Ayoube Amaimouni,MAR,FW,1,0,0,0,0,0
541,Wagner Pina,CPV,DF,1,3,1,0,0,0
541,Yannick Semedo,CPV,MF,1,1,0,0,0,0
541,Nkosinathi Sibisi,RSA,DF,1,0,1,0,0,0
541,Dylan Bronn,TUN,DF,1,0,0,0,0,0
541,Evidence Makgopa,RSA,FW,1,1,0,0,0,2
541,Jonas Adjetey,GHA,DF,1,0,0,0,0,0
541,Mathieu Choiniere,CAN,MF,1,1,0,0,0,0
541,Pathe Ciss,SEN,MF,1,0,0,0,0,0
541,Zakaria El Ouahdi,MAR,DF,1,1,0,0,0,0
541,Tshepang Moremi,RSA,FW,1,1,0,0,0,0
541,Kamogelo Sebelebele,RSA,FW,1,0,0,0,0,0
541,Oswin Appollis,RSA,FW,1,2,0,0,0,0
541,Evann Guessand,CIV,FW,1,0,0,0,0,0
541,Kojo Peprah Oppong,GHA,DF,1,0,1,0,0,0
541,Ismael Kone,CAN,MF,1,3,0,0,0,0
541,Ime Okon,RSA,DF,1,1,0,0,0,0
541,Derrick Luckassen,GHA,DF,1,2,0,0,0,0
541,Themba Zwane,RSA,MF,1,0,0,1,0,0
541,Sebastian Tounekti,TUN,MF,1,0,0,0,0,0
541,Ismaila Sarr,SEN,FW,1,9,0,0,0,2
541,Nicolas Pepe,CIV,FW,1,1,1,0,0,1
541,Hannes Delcroix,HAI,DF,1,2,0,0,0,0
541,Jovane Cabral,CPV,MF,1,2,0,0,0,0
541,Seko Fofana,CIV,MF,1,0,1,0,0,0
541,Ayoub El Kaabi,MAR,FW,1,1,0,0,0,3
541,Hossam Abdelmaguid,EGY,DF,1,0,0,0,0,0
541,Mojmir Chytil,CZE,FW,1,0,0,0,0,0
541,Besfort Zeneli,SWE,MF,1,0,0,0,0,0
541,Eric Garcia,ESP,DF,1,0,0,0,0,0
541,Mert Muldur,TUR,DF,1,2,0,0,0,0
541,Abdulkerim Bardakci,TUR,DF,1,3,0,0,0,0
541,Cristian Volpato,AUS,FW,1,2,0,0,0,0
541,Zeki Celik,TUR,DF,1,0,0,0,0,0
541,Rustam Ashurmatov,UZB,DF,1,0,0,0,0,0
541,Patrik Schick,CZE,FW,1,3,0,0,0,0
541,Findlay Curtis,SCO,FW,1,0,1,0,0,0
541,Jack Hendry,SCO,DF,1,3,0,0,0,0
541,Esmir Bajraktarevic,BIH,FW,1,2,0,0,0,0
541,Gustaf Lagerbielke,SWE,DF,1,3,0,0,0,1
541,Dennis Hadzikadunic,BIH,DF,1,0,0,0,0,0
541,Dostonbek Khamdamov,UZB,MF,1,0,0,0,0,1
541,Fabian Ruiz,ESP,MF,1,3,0,0,0,0
541,Odiljon Xamrobekov,UZB,MF,1,1,1,0,0,0
541,Miro Muheim,SUI,DF,1,3,1,0,0,0
541,Nishan Velupillay,AUS,FW,1,0,0,0,0,0
541,Aziz Behich,AUS,DF,1,4,0,0,0,0
541,Edin Dzeko,BIH,FW,1,2,1,0,0,0
541,Liberato Cacace,NZL,DF,1,5,0,0,0,0
541,Connor Metcalfe,AUS,MF,1,0,0,0,0,0
541,Kenny Mclean,SCO,MF,1,1,1,0,0,0
541,Mathew Leckie,AUS,FW,1,1,0,0,0,0
541,Ajdin Hrustic,AUS,FW,1,0,0,0,0,0
541,Stepan Chaloupek,CZE,DF,1,0,0,0,0,0
541,Maximilian Beier,GER,FW,1,1,0,0,0,0
541,Antonio Ruediger,GER,DF,1,0,0,0,0,0
541,Memphis Depay,NED,FW,1,1,1,0,0,0
541,Wout Weghorst,NED,FW,1,2,0,0,0,0
541,Morten Thorsby,NOR,MF,1,0,0,0,0,0
541,Malick Thiaw,GER,DF,1,1,0,0,0,0
541,Grant Hanley,SCO,DF,1,0,0,0,0,1
541,Phillip Mwene,AUT,DF,1,1,0,0,0,0
541,Luka Vuskovic,CRO,DF,1,1,0,0,0,0
541,Dan Burn,ENG,DF,1,0,0,0,0,0
541,Joao Neves,POR,MF,1,4,0,0,0,0
541,Warren Zaire Emery,FRA,MF,1,0,0,0,0,0
541,Pascal Gross,GER,MF,1,0,0,0,0,0
541,Dodi Lukebakio,BEL,FW,1,2,0,0,0,0
541,John Stones,ENG,DF,1,1,0,0,0,0
541,Rafael Leao,POR,FW,1,2,0,0,0,0
541,Martin Baturina,CRO,MF,1,14,0,0,0,0
541,Arthur Theate,BEL,DF,1,0,0,0,0,0
541,Florian Wirtz,GER,MF,1,3,0,0,0,1
541,Tomas Araujo,POR,DF,1,0,1,0,0,0
541,Amadou Onana,BEL,MF,1,3,0,0,0,0
541,Francisco Conceicao,POR,FW,1,1,0,0,0,1
541,Nicolas Seiwald,AUT,MF,1,1,0,0,0,0
541,Kevin Danso,AUT,DF,1,2,0,0,0,0
541,Petar Musa,CRO,FW,1,1,0,0,0,0
541,Michael Gregoritsch,AUT,FW,1,1,0,0,0,2
541,Jean Philippe Mateta,FRA,FW,1,0,0,0,0,0
541,Ollie Watkins,ENG,FW,1,0,0,0,0,0
541,Antonio Nusa,NOR,FW,1,5,1,0,0,2
541,Oscar Bobb,NOR,MF,1,4,0,0,0,0
750,Ivor Pandur,CRO,GK,0,0,0,0,0,0
750,Mats Wieffer,NED,DF,0,0,0,0,0,0
750,Guus Til,NED,MF,0,0,0,0,0,0
750,Nikola Moro,CRO,MF,0,0,0,0,0,0
750,Jamie Leweling,GER,MF,0,0,0,0,0,0
750,Quinten Timber,NED,MF,0,2,0,0,0,0
750,Craig Gordon,SCO,GK,0,0,0,0,0,0
750,Diogo Costa,POR,GK,0,1,0,0,0,0
750,Matias Fernandez Pardo,BEL,FW,0,0,0,0,0,0
750,Jordan Henderson,ENG,MF,0,1,1,0,0,0
750,Dejan Ljubicic,AUT,MF,0,0,0,0,0,0
750,Marco Pasalic,CRO,FW,0,2,0,0,0,2
750,Goncalo Inacio,POR,DF,0,0,0,0,0,0
750,Francisco Trincao,POR,FW,0,0,0,0,0,0
750,Egil Selvik,NOR,GK,0,0,0,0,0,0
750,Philipp Lienhart,AUT,DF,0,0,0,0,0,0
750,Orjan Nyland,NOR,GK,0,0,0,0,0,0
750,Sondre Langas,NOR,DF,0,0,0,0,0,0
750,Maghnes Akliouche,FRA,MF,0,0,0,0,0,0
750,Duje Caleta Car,CRO,DF,0,0,0,0,0,0
750,Donyell Malen,NED,FW,0,2,0,0,0,0
750,Lucas Hernandez,FRA,DF,0,0,0,0,0,0
750,Michael Svoboda,AUT,DF,0,0,0,0,0,0
750,Dominik Kotarski,CRO,GK,0,0,0,0,0,0
750,Kristijan Jakic,CRO,DF,0,0,0,0,0,0
750,Jordan Pickford,ENG,GK,0,4,0,0,0,0
750,Matheus Nunes,POR,MF,0,0,0,0,0,0
750,Henrik Falchener,NOR,DF,0,0,0,0,0,0
750,Leon Goretzka,GER,MF,0,0,0,0,0,0
750,Mark Flekken,NED,GK,0,0,0,0,0,0
750,Fredrik Andre Bjorkan,NOR,DF,0,0,0,0,0,0
750,Diogo Dalot,POR,DF,0,1,0,0,0,0
750,Martin Erlic,CRO,DF,0,0,0,0,0,0
750,Ivan Toney,ENG,FW,0,3,0,0,0,2
750,Toni Fruk,CRO,MF,0,0,0,0,0,0
750,Marcus Thuram,FRA,FW,0,0,0,0,0,0
750,Justin Kluivert,NED,MF,0,2,0,0,0,0
750,Kobbie Mainoo,ENG,MF,0,0,0,0,0,0
750,Jorgen Strand Larsen,NOR,FW,0,2,0,0,0,1
750,Dominik Livakovic,CRO,GK,0,1,0,0,0,0
750,Sander Tangvik,NOR,GK,0,0,0,0,0,0
750,Oliver Baumann,GER,GK,0,0,0,0,0,0
750,Marten De Roon,NED,MF,0,0,0,0,0,0
750,Alexander Schlager,AUT,GK,0,1,0,0,0,0
750,Thibaut Courtois,BEL,GK,0,0,0,0,0,0
750,Zeno Debast,BEL,DF,0,0,0,0,0,0
750,Robin Roefs,NED,GK,0,0,0,0,0,0
750,Jose Sa,POR,GK,0,0,0,0,0,0
750,Ruben Neves,POR,MF,0,0,0,0,0,0
750,Goncalo Ramos,POR,FW,0,0,0,0,0,0
750,Joaquin Seys,BEL,DF,0,0,0,0,0,0
750,David Affengruber,AUT,DF,0,0,0,0,0,0
750,Samu Costa,POR,DF,0,0,0,0,0,0
750,Koni De Winter,BEL,DF,0,0,0,0,0,0
750,Hans Vanaken,BEL,MF,0,6,0,0,0,0
750,James Trafford,ENG,GK,0,0,0,0,0,0
750,Mike Maignan,FRA,GK,0,2,0,0,0,0
750,Patrick Pentz,AUT,GK,0,0,0,0,0,0
750,Luka Sucic,CRO,MF,0,0,0,0,0,0
750,Joshua Kimmich,GER,DF,0,7,0,0,0,0
750,Jorrel Hato,NED,DF,0,0,0,0,0,0
750,Dean Henderson,ENG,GK,0,0,0,0,0,0
750,Rui Silva,POR,GK,0,0,0,0,0,0
750,Marco Friedl,AUT,DF,0,0,0,0,0,0
750,Thelo Aasgaard,NOR,MF,0,3,0,0,0,0
750,Senne Lammens,BEL,GK,0,0,0,0,0,0
750,Ousmane Dembele,FRA,FW,0,4,0,0,0,3
750,Trevoh Chalobah,ENG,DF,0,0,0,0,0,0
750,Brice Samba,FRA,GK,0,0,0,0,0,0
750,Jens Petter Hauge,NOR,MF,0,0,0,0,0,0
750,Alessandro Schoepf,AUT,MF,0,0,0,0,0,0
750,Alexis Saelemaekers,BEL,MF,0,2,0,0,0,2
750,Andrej Kramaric,CRO,FW,0,0,0,0,0,1
750,Florian Wiegele,AUT,GK,0,0,0,0,0,0
750,Alexander Nuebel,GER,GK,0,0,0,0,0,0
750,Ngolo Kante,FRA,MF,0,0,0,0,0,0
750,Mike Penders,BEL,GK,0,0,0,0,0,0
750,Manuel Neuer,GER,GK,0,2,0,0,0,0
750,Tijjani Reijnders,NED,MF,0,3,0,0,0,1
750,Lutsharel Geertruida,NED,DF,0,0,0,0,0,0
750,Assan Ouedraogo,GER,MF,0,0,0,0,0,0
750,Robin Risser,FRA,GK,0,0,0,0,0,0
750,Alexander Prass,AUT,MF,0,0,0,0,0,0
750,Goncalo Guedes,POR,FW,0,0,0,0,0,0
750,Josip Stanisic,CRO,DF,0,3,0,0,0,0
750,Bart Verbruggen,NED,GK,0,0,0,0,0,0
750,Angelo Stiller,GER,MF,0,0,0,0,0,0
750,Nick Woltemade,GER,FW,0,0,0,0,0,0
750,Nadiem Amiri,GER,MF,0,0,0,0,0,0
750,Noa Lang,NED,FW,0,1,0,0,0,0
750,Mladen Jurkas,BIH,GK,0,0,0,0,0,0
750,Tyrese Noslin,CUW,FW,0,2,0,0,0,0
750,Joshua Brenet,CUW,DF,0,1,0,0,0,1
750,Tyrick Bodak,CUW,GK,0,0,0,0,0,0
750,Brandley Kuwas,CUW,FW,0,0,0,0,0,0
750,Arjany Martha,CUW,MF,0,0,0,0,0,0
750,Kevin Felida,CUW,MF,0,0,0,0,0,0
750,Sontje Hansen,CUW,FW,0,0,0,0,0,0
750,Martin Zlomislic,BIH,GK,0,0,0,0,0,0
750,Trevor Doornbusch,CUW,GK,0,0,0,0,0,0
750,Godfried Roemeratoe,CUW,MF,0,0,0,0,0,0
750,Armin Gigovic,BIH,MF,0,1,0,0,0,0
750,Eloy Room,CUW,GK,0,0,0,0,0,0
750,Haris Tabakovic,BIH,FW,0,0,0,0,0,0
750,Roshon Van Eijma,CUW,DF,0,0,0,0,0,0
750,Jearl Margaritha,CUW,FW,0,0,0,0,0,0
750,Shurandy Sambo,CUW,DF,0,0,0,0,0,0
750,Jeremy Antonisse,CUW,FW,0,0,0,0,0,0
750,Kenji Gorre,CUW,FW,0,0,0,0,0,0
750,Marcio Rosa,CPV,GK,0,0,0,0,0,0
750,Fahad Talib,IRQ,GK,0,0,0,0,0,0
750,Kim Taehyeon,KOR,DF,0,0,0,0,0,0
750,Ahmed Maknazi,IRQ,DF,0,0,0,0,0,0
750,Yuito Suzuki,JPN,MF,0,0,0,0,0,0
750,Ziyad Aljohani,KSA,MF,0,0,0,0,0,0
750,Amirhossein Hosseinzadeh,IRN,FW,0,0,0,0,0,0
750,Hassan Kadish,KSA,DF,0,0,0,0,0,0
750,Ahmed Qasem,IRQ,FW,0,1,0,0,0,0
750,Son Heungmin,KOR,FW,0,4,0,0,0,2
750,Luca Zidane,ALG,GK,0,0,0,0,0,0
750,Garry Rodrigues,CPV,MF,0,0,0,0,0,2
750,Lee Donggyeong,KOR,MF,0,0,0,0,0,0
750,Meshaal Barsham,QAT,GK,0,0,0,0,0,0
750,Aaron Tshibola,COD,MF,0,0,0,0,0,0
750,Ali Majrashi,KSA,DF,0,0,0,0,0,0
750,Amirmohammad Razaghinia,IRN,MF,0,0,0,0,0,0
750,Ahmed Basil,IRQ,GK,0,1,0,0,0,0
750,Mohammad Abuhasheesh,JOR,DF,0,0,0,0,0,0
750,Stopira,CPV,DF,0,0,0,0,0,0
750,Cho Wije,KOR,DF,0,0,0,0,0,0
750,Hossein Hosseini,IRN,GK,0,0,0,0,0,0
750,Adil Boulbina,ALG,FW,0,0,0,0,0,1
750,Danial Iri,IRN,DF,0,0,0,0,0,0
750,Nawaf Alaqidi,KSA,GK,0,0,0,0,0,0
750,Issa Laye,QAT,DF,0,3,0,0,0,0
750,Matthieu Epolo,COD,GK,0,0,0,0,0,0
750,Jehad Thikri,KSA,DF,0,0,0,0,0,0
750,Jalal Hassan,IRQ,GK,0,1,0,0,0,0
750,Oh Hyeongyu,KOR,FW,0,1,0,0,0,0
750,Aiman Yahya,KSA,FW,0,0,0,0,0,0
750,Akram Afif,QAT,FW,0,4,0,0,0,2
750,Kento Shiogai,JPN,FW,0,0,0,0,0,0
750,Mohammed Alowais,KSA,GK,0,1,0,0,0,0
750,Youssef Amyn,IRQ,MF,0,0,0,0,0,0
750,Saed Alrosan,JOR,DF,0,0,0,0,0,0
750,Aimar Sher,IRQ,MF,0,0,0,0,0,0
750,Oussama Benbot,ALG,GK,0,1,0,0,0,0
750,Park Jinseob,KOR,DF,0,1,0,0,0,0
750,Tahsin Mohammed,QAT,FW,0,0,0,0,0,0
750,Nuno Da Costa,CPV,MF,0,3,0,0,0,0
750,Gael Kakuta,COD,FW,0,0,0,0,0,0
750,Fares Ghedjemis,ALG,FW,0,0,0,0,0,0
750,Mohanad Ali,IRQ,FW,0,0,0,0,0,0
750,Anas Badawi,JOR,DF,0,0,0,0,0,0
750,Karim Boudiaf,QAT,MF,0,2,0,0,0,0
750,Logan Costa,CPV,DF,0,0,0,0,0,0
750,Gedeon Kalulu,COD,DF,0,0,0,0,0,0
750,Nadhir Benbouali,ALG,FW,0,0,0,0,0,0
750,Jo Hyeonwoo,KOR,GK,0,0,0,0,0,0
750,Abdullah Alkhaibari,KSA,MF,0,2,0,0,0,0
750,Khalid Alghannam,KSA,FW,0,0,0,0,0,0
750,Kim Moonhwan,KOR,DF,0,0,0,0,0,0
750,Almoez Ali,QAT,FW,0,0,0,0,0,0
750,Mehdi Torabi,IRN,MF,0,0,0,0,0,0
750,Steven Moreira,CPV,DF,0,2,0,0,0,0
750,Arthur Masuaku,COD,DF,0,4,0,0,0,0
750,Roozbeh Cheshmi,IRN,MF,0,0,0,0,0,0
750,Rajaei Ayed,JOR,MF,0,0,0,0,0,0
750,Dennis Dargahi,IRN,FW,0,0,0,0,0,0
750,Payam Niazmand,IRN,GK,0,0,0,0,0,0
750,Tsuyoshi Watanabe,JPN,DF,0,1,0,0,0,0
750,Keisuke Goto,JPN,FW,0,1,0,0,0,0
750,Saleh Alshehri,KSA,FW,0,0,0,0,0,0
750,Achref Abada,ALG,DF,0,0,0,0,0,0
750,Keisuke Osako,JPN,GK,0,0,0,0,0,0
750,Moteb Alharbi,KSA,DF,0,4,0,0,0,0
750,Samir Chergui,ALG,DF,0,0,0,0,0,0
750,Melvin Mastil,ALG,GK,0,0,0,0,0,0
750,Munaf Younus,IRQ,DF,0,0,0,0,0,0
750,Mohammad Aldaoud,JOR,MF,0,0,0,0,0,0
750,Yazeed Abulaila,JOR,GK,0,0,0,0,0,0
750,Cj Dos Santos,CPV,GK,0,0,0,0,0,0
750,Dylan Batubinsika,COD,DF,0,0,0,0,0,0
750,Kim Seunggyu,KOR,GK,0,0,0,0,0,0
750,Akam Hashim,IRQ,DF,0,3,0,0,0,0
750,Mohammad Abughoush,JOR,MF,0,0,0,0,0,0
750,Pico Lopes,CPV,DF,0,3,0,0,0,0
750,Mohamed Amine Tougai,ALG,DF,0,0,0,0,0,0
750,Joris Kayembe,COD,DF,0,1,0,0,0,0
750,Song Bumkeun,KOR,GK,0,0,0,0,0,0
750,Bae Junho,KOR,MF,0,0,0,0,0,0
750,Alireza Beiranvand,IRN,GK,0,1,0,0,0,0
750,Lucas Mendes,QAT,DF,0,0,0,0,0,1
750,Tomoki Hayakawa,JPN,GK,0,0,0,0,0,0
750,Arya Yousefi,IRN,DF,0,1,0,0,0,0
750,Zineddine Belaid,ALG,DF,0,0,0,0,0,1
750,Zion Suzuki,JPN,GK,0,1,0,0,0,0
750,Theo Bongonda,COD,MF,0,1,0,0,0,0
750,Saleh Hardani,IRN,DF,0,2,0,0,0,0
750,Vozinha,CPV,GK,0,3,0,0,0,0
750,Hassan Altambakti,KSA,DF,0,1,0,0,0,0
750,Ala Alhajji,KSA,MF,0,0,0,0,0,0
750,Mohammed Muntari,QAT,FW,0,0,0,0,0,0
750,Salah Zakaria,QAT,GK,0,0,0,0,0,0
750,Kim Jingyu,KOR,MF,0,1,0,0,0,0
750,Mohammad Abualnadi,JOR,DF,0,0,0,0,0,0
750,Aissa Mandi,ALG,DF,0,5,0,0,0,0
750,Anis Hadj Moussa,ALG,FW,0,2,0,0,0,0
750,Jaouen Hadjam,ALG,DF,0,0,0,0,0,0
750,Ahmed Alkassar,KSA,GK,0,0,0,0,0,0
750,Abdallah Alfakhori,JOR,GK,0,0,0,0,0,0
750,Marko Farji,IRQ,FW,0,2,0,0,0,0
750,Timothy Fayulu,COD,GK,0,0,0,0,0,0
750,Yassine Titraoui,ALG,MF,0,0,0,0,0,0
750,Eom Jisung,KOR,MF,0,1,0,0,0,0
750,Ali Lajami,KSA,DF,0,2,0,0,0,0
750,Ibrahim Sadeh,JOR,MF,0,0,0,0,0,0
750,Lionel Mpasi,COD,GK,0,0,0,0,0,0
750,Nour Baniateyah,JOR,GK,0,0,0,0,0,0
750,Roderick Miller,PAN,DF,0,0,0,0,0,0
750,Cristian Roldan,USA,MF,0,0,0,0,0,0
750,Eric Davis,PAN,DF,0,1,0,0,0,0
750,Rodrigo Zalazar,URU,MF,0,0,0,0,0,0
750,Carlos Acevedo,MEX,GK,0,0,0,0,0,0
750,Cucho Hernandez,COL,FW,0,1,0,0,0,0
750,Gonzalo Valle,ECU,GK,0,0,0,0,0,0
750,Leo Pereira,BRA,DF,0,0,0,0,0,0
750,Willer Ditta,COL,DF,0,0,0,0,0,0
750,Juan Portilla,COL,MF,0,0,0,0,0,0
750,Anthony Valencia,ECU,MF,0,0,0,0,0,0
750,Moises Ramirez,ECU,GK,0,0,0,0,0,0
750,Matt Freese,USA,GK,0,2,0,0,0,0
750,Brian Rodriguez,URU,FW,0,1,0,0,0,0
750,Adalberto Carrasquilla,PAN,MF,0,0,0,0,0,0
750,Orlando Gill,PAR,GK,0,3,0,0,0,0
750,Joe Scally,USA,DF,0,2,0,0,0,1
750,Geronimo Rulli,ARG,GK,0,0,0,0,0,0
750,Ismael Diaz,PAN,MF,0,0,0,0,0,2
750,Haji Wright,USA,FW,0,0,0,0,0,1
750,Valentin Barco,ARG,MF,0,1,0,0,0,0
750,Jorge Carrascal,COL,MF,0,0,0,0,0,0
750,Andres Gomez,COL,FW,0,0,0,0,0,0
750,Orbelin Pineda,MEX,MF,0,2,0,0,0,0
750,Luiz Henrique,BRA,FW,0,1,0,0,0,0
750,Rodrigo Aguirre,URU,FW,0,0,0,0,0,0
750,Camilo Vargas,COL,GK,0,0,0,0,0,0
750,Ronald Araujo,URU,DF,0,0,0,0,0,0
750,Ederson,BRA,GK,0,0,0,0,0,0
750,Juan Musso,ARG,GK,0,0,0,0,0,0
750,Luis Mejia,PAN,GK,0,0,0,0,0,0
750,Felix Torres,ECU,DF,0,0,0,0,0,0
750,Orlando Mosquera,PAN,GK,0,0,0,0,0,0
750,Joaquin Piquerez,URU,MF,0,0,0,0,0,0
750,Denil Castillo,ECU,MF,0,0,0,0,0,0
750,Max Arfsten,USA,DF,0,0,0,0,0,0
750,Guillermo Ochoa,MEX,GK,0,0,0,0,0,0
750,Cesar Huerta,MEX,FW,0,0,0,0,0,0
750,Cesar Yanis,PAN,MF,0,0,0,0,0,0
750,Ramon Sosa,PAR,MF,0,1,0,0,0,0
750,Juan Quintero,COL,MF,0,1,0,0,0,0
750,Tim Ream,USA,DF,0,2,0,0,0,0
750,Jeremy Arevalo,ECU,FW,0,0,0,0,0,0
750,Matt Turner,USA,GK,0,0,0,0,0,0
750,Emiliano Martinez,ARG,GK,0,1,0,0,0,0
750,Alexandro Maidana,PAR,DF,0,0,0,0,0,0
750,Fernando Muslera,URU,GK,0,0,0,0,0,0
750,Hernan Galindez,ECU,GK,0,0,0,0,0,0
750,Matias Vina,URU,DF,0,1,0,0,0,1
750,Yerry Mina,COL,DF,0,1,0,0,0,0
750,Danilo Santos,BRA,MF,0,0,0,0,0,0
750,Edgardo Farina,PAN,DF,0,0,0,0,0,0
750,Gaston Olveira,PAR,GK,0,0,0,0,0,0
750,Braian Ojeda,PAR,MF,0,0,0,0,0,0
750,Alan Minda,ECU,MF,0,1,0,0,0,0
750,Giorgian De Arrascaeta,URU,MF,0,0,0,0,0,0
750,Weverton,BRA,GK,0,0,0,0,0,0
750,Marquinhos,BRA,DF,0,2,0,0,0,1
750,Alisson,BRA,GK,0,0,0,0,0,0
750,Alvaro Montero,COL,GK,0,0,0,0,0,0
750,Marcos Senesi,ARG,DF,0,3,0,0,0,0
750,Kevin Castano,COL,MF,0,0,0,0,0,0
750,Anibal Godoy,PAN,MF,0,1,0,0,0,0
750,Facundo Pellistri,URU,FW,0,0,0,0,0,0
750,Sergio Rochet,URU,GK,0,0,0,0,0,0
750,Angelo Preciado,ECU,DF,0,1,0,0,0,0
750,Yassin Fortune,HAI,FW,0,1,0,0,0,0
750,Bremer,BRA,DF,0,0,0,0,0,0
750,Chris Brady,USA,GK,0,0,0,0,0,0
750,Alvaro Fidalgo,MEX,MF,0,2,0,0,0,0
750,Fabian Balbuena,PAR,DF,0,0,0,0,0,0
750,John Yeboah,ECU,FW,0,4,0,0,0,0
750,Keeto Thermoncy,HAI,DF,0,0,0,0,0,0
750,Santiago Bueno,URU,DF,0,0,0,0,0,0
750,Santiago Mele,URU,GK,0,0,0,0,0,0
750,David Ospina,COL,GK,0,0,0,0,0,0
750,Johan Vasquez,MEX,DF,0,2,1,0,0,0
750,Jose Maria Gimenez,URU,DF,0,0,0,0,0,0
750,Alexis Vega,MEX,FW,0,0,0,0,0,0
750,Emiliano Martinez,URU,MF,0,0,0,0,0,0
750,Cesar Samudio,PAN,GK,0,0,0,0,0,0
750,James Rodriguez,COL,MF,0,5,0,0,0,0
750,Gatito Fernandez,PAR,GK,0,0,0,0,0,0
750,Liam Kelly,SCO,GK,0,0,0,0,0,0
750,Noah Okafor,SUI,FW,0,0,0,0,0,0
750,Jindrich Stanek,CZE,GK,0,0,0,0,0,0
750,Igor Sergeev,UZB,FW,0,0,0,0,0,1
750,Oguz Aydin,TUR,FW,0,2,0,0,0,0
750,Azizbek Amonov,UZB,FW,0,0,0,0,0,0
750,Jacob Italiano,AUS,DF,0,0,1,0,0,0
750,Max Crocombe,NZL,GK,0,1,0,0,0,0
750,Alex Paulsen,NZL,GK,0,0,0,0,0,0
750,Utkir Yusupov,UZB,GK,0,1,0,0,0,0
750,Victor Munoz,ESP,FW,0,0,0,0,0,0
750,Alex Rufer,NZL,MF,0,0,0,0,0,0
750,Abduvohid Nematov,UZB,GK,0,0,0,0,0,0
750,David Jurasek,CZE,DF,0,0,0,0,0,0
750,Mert Gunok,TUR,GK,0,0,0,0,0,0
750,Christian Fassnacht,SUI,FW,0,0,0,0,0,0
750,Can Uzun,TUR,FW,0,1,0,0,0,0
750,Altay Bayindir,TUR,GK,0,0,0,0,0,0
750,Hjalmar Ekdal,SWE,DF,0,0,0,0,0,0
750,John Souttar,SCO,DF,0,0,0,0,0,0
750,Akmal Mozgovoy,UZB,MF,0,3,0,0,0,0
750,Ferdi Kadioglu,TUR,DF,0,3,0,0,0,0
750,Vladimir Darida,CZE,MF,0,1,0,0,0,0
750,Aurele Amenda,SUI,DF,0,0,0,0,0,0
750,David Raya,ESP,GK,0,0,0,0,0,0
750,Ugurcan Cakir,TUR,GK,0,0,0,0,0,0
750,Taha Ali,SWE,FW,0,2,0,0,0,0
750,Logan Rogerson,NZL,FW,0,0,0,0,0,0
750,Joan Garcia,ESP,GK,0,0,0,0,0,0
750,Kai Trewin,AUS,DF,0,1,0,0,0,0
750,Lukas Hornicek,CZE,GK,0,0,0,0,0,0
750,Denis Visinsky,CZE,FW,0,1,0,0,0,0
750,Jan Kuchta,CZE,FW,0,0,0,0,0,0
750,Scott Mckenna,SCO,DF,0,0,0,0,0,0
750,Yvon Mvogo,SUI,GK,0,0,0,0,0,0
750,Tyler Fletcher,SCO,MF,0,0,0,0,0,0
750,Irfan Can Kahveci,TUR,FW,0,0,0,0,0,0
750,Michal Sadilek,CZE,MF,0,3,0,0,0,0
750,Amir Hadziahmetovic,BIH,MF,0,0,0,0,0,0
750,Cameron Devlin,AUS,MF,0,0,0,0,0,0
750,Ross Stewart,SCO,FW,0,0,0,0,0,0
750,Alexandr Sojka,CZE,MF,0,2,0,0,0,0
750,Jacob Widell Zetterstrom,SWE,GK,0,0,0,0,0,0
750,Angus Gunn,SCO,GK,0,0,0,0,0,0
750,Nikola Vasilj,BIH,GK,0,0,0,0,0,0
750,Umar Eshmurodov,UZB,DF,0,0,0,0,0,0
750,Lachlan Bayliss,NZL,MF,0,0,0,0,0,0
750,Marvin Keller,SUI,GK,0,0,0,0,0,0
750,Caglar Soyuncu,TUR,DF,0,0,0,0,0,0
750,Oston Urunov,UZB,MF,0,0,0,0,0,0
750,Carl Starfelt,SWE,DF,0,0,0,0,0,0
750,Awer Mabil,AUS,FW,0,1,0,0,0,0
750,Callan Elliot,NZL,DF,0,0,0,0,0,0
750,Unai Simon,ESP,GK,0,3,0,0,0,0
750,Jamshid Iskanderov,UZB,MF,0,0,0,0,0,0
750,Kosta Barbarouses,NZL,FW,0,0,0,0,0,0
750,Anthony Elanga,SWE,FW,0,7,0,0,0,1
750,Farrukh Sayfiev,UZB,DF,0,2,0,0,0,0
750,Martin Zubimendi,ESP,MF,0,0,0,0,0,0
750,Cameron Burgess,AUS,DF,0,0,0,0,0,0
750,Mattias Svanberg,SWE,MF,0,1,0,0,0,0
750,Ben Old,NZL,MF,0,1,0,0,0,0
750,Nando Pijnaker,NZL,DF,0,0,0,0,0,0
750,Botirali Ergashev,UZB,GK,0,0,0,0,0,0
750,George Hirst,SCO,FW,0,0,0,0,0,0
750,Eray Coemert,SUI,DF,0,0,0,0,0,0
750,Gustaf Nilsson,SWE,FW,0,0,0,0,0,0
750,David Doudera,CZE,DF,0,1,0,0,0,0
750,Viktor Johansson,SWE,GK,0,0,0,0,0,0
750,Kaan Ayhan,TUR,MF,0,0,0,0,0,0
750,Matej Kovar,CZE,GK,0,0,0,0,0,0
750,Borja Iglesias,ESP,FW,0,0,0,0,0,0
750,Herman Johansson,SWE,DF,0,0,0,0,0,0
750,David Zima,CZE,DF,0,0,0,0,0,0
750,Nihad Mujakic,BIH,DF,0,0,0,0,0,0
750,Patrick Beach,AUS,GK,0,0,0,0,0,0
750,Dzenis Burnic,BIH,MF,0,0,0,0,0,0
750,Avazbek Ulmasaliyev,UZB,DF,0,0,0,0,0,0
750,Mathew Ryan,AUS,GK,0,0,0,0,0,0
750,Sherzod Esanov,UZB,MF,0,0,0,0,0,0
750,Daniel Svensson,SWE,DF,0,0,0,0,0,1
750,Jaroslav Zeleny,CZE,DF,0,2,0,0,0,0
750,Milos Degenek,AUS,DF,0,0,0,0,0,0
750,Samet Akaydin,TUR,DF,0,0,0,0,0,0
750,Marc Pubill,ESP,DF,0,0,0,0,0,0
750,Jakhongir Urozov,UZB,DF,0,0,0,0,0,0
750,Kristoffer Nordfeldt,SWE,GK,0,0,0,0,0,0
750,Eric Smith,SWE,DF,0,0,0,0,0,0
750,Jesse Randall,NZL,FW,0,1,0,0,0,0
750,Hugo Sochurek,CZE,MF,0,0,0,0,0,0
750,Ken Sema,SWE,MF,0,1,0,0,0,0
750,Paul Izzo,AUS,GK,0,0,0,0,0,0
750,Francis De Vries,NZL,DF,0,0,0,0,0,0
750,Alex Grimaldo,ESP,DF,0,0,0,0,0,0
750,Michael Woud,NZL,GK,0,0,0,0,0,0
750,Dominic Hyam,SCO,DF,0,0,0,0,0,0
750,Kerem Akturkoglu,TUR,FW,0,2,0,0,0,0
750,Gregor Kobel,SUI,GK,0,3,0,0,0,0
750,Ben Waine,NZL,FW,0,0,0,0,0,0
750,Jean Michael Seri,CIV,MF,0,0,0,0,0,0
750,Josue Duverger,HAI,GK,0,0,0,0,0,0
750,Carl Sainte,HAI,MF,0,0,0,0,0,0
750,Chadi Riad,MAR,DF,0,1,0,0,0,0
750,Abdul Mumin,GHA,DF,0,0,0,0,0,0
750,Raed Chikhaoui,TUN,DF,0,0,0,0,0,0
750,Yassine Bounou,MAR,GK,0,4,0,0,0,0
750,Ghislain Konan,CIV,DF,0,1,0,0,0,0
750,Amad Diallo,CIV,FW,0,2,0,0,0,1
750,Elye Wahi,CIV,FW,0,0,0,0,0,0
750,Lawrence Ati Zigi,GHA,GK,0,1,0,0,0,0
750,Mamadou Sarr,SEN,DF,0,0,0,0,0,0
750,Tarek Alaa,EGY,DF,0,0,0,0,0,0
750,Emmanuel Agbadou,CIV,DF,0,0,0,0,0,0
750,Ibrahim Adel,EGY,FW,0,0,0,0,0,0
750,Duckens Nazon,HAI,FW,0,1,1,0,0,0
750,Bradley Cross,RSA,DF,0,0,0,0,0,0
750,Benjamin Asare,GHA,GK,0,1,0,0,0,0
750,Mory Diaw,SEN,GK,0,2,0,0,0,0
750,Kelvin Pires,CPV,DF,0,0,0,0,0,0
750,Aymen Dahmen,TUN,GK,0,1,0,0,0,0
750,Gilson Benchimol,CPV,FW,0,1,0,0,0,0
750,Evan Ndicka,CIV,DF,0,0,0,0,0,0
750,Moutaz Neffati,TUN,DF,0,0,0,0,0,0
750,Mohamed Kone,CIV,GK,0,0,0,0,0,0
750,Joel Waterman,CAN,DF,0,0,0,0,0,0
750,Wilguens Paugain,HAI,DF,0,0,0,0,0,0
750,Mohamed Alaa,EGY,GK,0,0,0,0,0,0
750,Christopher Bonsu Baah,GHA,FW,0,0,0,0,0,0
750,Elias Achouri,TUN,FW,0,1,0,0,0,1
750,Joseph Anang,GHA,GK,0,0,0,0,0,0
750,Ibrahim Mbaye,SEN,FW,0,2,0,0,0,0
750,Mahdy Soliman,EGY,GK,0,0,0,0,0,0
750,Alphonso Davies,CAN,DF,0,0,0,0,0,0
750,Sabri Ben Hessen,TUN,GK,0,0,0,0,0,0
750,Alexandre Pierre,HAI,GK,0,0,0,0,0,0
750,Khalil Ayari,TUN,MF,0,0,0,0,0,0
750,Olwethu Makhanya,RSA,DF,0,0,0,0,0,0
750,Mostafa Shoubir,EGY,GK,0,5,1,0,0,0
750,Joao Paulo,CPV,MF,0,4,0,0,0,0
750,Alban Lafont,CIV,GK,0,0,0,0,0,0
750,Ismael Gharbi,TUN,MF,0,2,0,0,0,0
750,Munir El Kajoui,MAR,GK,0,0,0,0,0,0
750,Bamba Dieng,SEN,FW,0,0,0,0,0,0
750,Rayan Elloumi,TUN,FW,0,0,0,0,0,0
750,Johny Placide,HAI,GK,0,0,1,0,0,0
750,Assane Diao,SEN,FW,0,0,0,0,0,0
750,Thabang Matuludi,RSA,DF,0,0,0,0,0,0
750,Odilon Kossounou,CIV,DF,0,1,0,0,0,0
750,Telmo Arcanjo,CPV,MF,0,1,0,0,0,0
750,Ellyes Skhiri,TUN,MF,0,1,0,0,0,0
750,Augustine Boakye,GHA,MF,0,0,0,0,0,0
750,Jayden Adams,RSA,MF,0,0,0,0,0,0
750,Nabil Donga,EGY,MF,0,0,0,0,0,0
750,Simon Adingra,CIV,FW,0,0,0,0,0,0
750,Markhus Lacroix,HAI,DF,0,0,0,0,0,0
750,Lyle Foster,RSA,FW,0,1,0,0,0,0
750,Woodensky Pierre,HAI,MF,0,0,0,0,0,0
750,Owen Goodman,CAN,GK,0,0,0,0,0,0
750,Ahmed Reda Tagnaouti,MAR,GK,0,0,0,0,0,0
750,Bara Sapoko Ndiaye,SEN,MF,0,2,0,0,0,0
750,Baba Rahman,GHA,DF,0,0,0,0,0,0
750,Samir El Mourabet,MAR,MF,0,1,0,0,0,0
750,Cherif Ndiaye,SEN,FW,0,0,0,0,0,0
750,Parfait Guiagon,CIV,MF,0,0,0,0,0,0
750,Oumar Diakite,CIV,FW,0,0,0,0,0,0
750,Edouard Mendy,SEN,GK,0,0,0,0,0,0
750,Anis Slimane,TUN,MF,0,0,0,0,0,2
750,Sipho Chaine,RSA,GK,0,0,0,0,0,0
750,Alfie Jones,CAN,DF,0,0,0,0,0,0
750,Derrick Etienne,HAI,FW,0,0,0,0,0,0
750,Khulumani Ndamane,RSA,DF,0,0,0,0,0,0
750,Mouhib Chamakh,TUN,GK,0,0,0,0,0,0
750,Yehvann Diouf,SEN,GK,0,0,0,0,0,0
750,Dayne St Clair,CAN,GK,0,0,0,0,0,0
750,Garven Metusala,HAI,DF,0,0,0,0,0,0
750,Jonathan Osorio,CAN,MF,0,1,0,0,0,0
750,Adam Arous,TUN,DF,0,0,0,0,0,0
750,Mortadha Ben Ouanes,TUN,DF,0,1,0,0,0,0
750,Antoine Mendy,SEN,DF,0,0,0,0,0,0
750,Jayden Nelson,CAN,FW,0,0,0,0,0,0
750,Yahia Fofana,CIV,GK,0,3,0,0,0,0
750,Youssef Belammari,MAR,DF,0,0,0,0,0,0
750,Ronwen Williams,RSA,GK,0,0,0,0,0,0
750,Kalidou Koulibaly,SEN,DF,0,0,0,0,0,0
750,Samukele Kabini,RSA,DF,0,0,0,0,0,0
750,Ousmane Diomande,CIV,DF,0,0,0,0,0,0
750,Brandon Thomas Asante,GHA,FW,0,1,0,0,0,1
750,Ricardo Goss,RSA,GK,0,0,0,0,0,0
750,Omar Rekik,TUN,DF,0,1,0,0,0,1
750,Mohamed Elshenawy,EGY,GK,0,0,0,0,0,0
750,Laros Duarte,CPV,MF,0,2,0,0,0,0
750,Bazoumana Toure,CIV,FW,0,1,0,0,0,0
750,Chemsdine Talbi,MAR,MF,0,0,0,0,0,0
